{"skeleton":{"hash":"prKPXmHBGM35f3w6CepLZaZ9m88","spine":"3.6.37","width":404,"height":576,"images":"./slwh_ptxc_images/"},"bones":[{"name":"root"},{"name":"hip","parent":"root"},{"name":"slwh_ptxclg","parent":"hip","y":2.09,"scaleX":4,"scaleY":4},{"name":"骨骼3","parent":"hip","rotation":-167.86,"x":51.74,"y":-86.36,"color":"fff994ff"}],"slots":[{"name":"slwh_ptxclg","bone":"slwh_ptxclg","attachment":"slwh_ptxclg0","blend":"additive"}],"skins":{"default":{"slwh_ptxclg":{"slwh_ptxclg0":{"width":101,"height":144},"slwh_ptxclg1":{"width":101,"height":144},"slwh_ptxclg2":{"width":101,"height":144},"slwh_ptxclg3":{"width":101,"height":144},"slwh_ptxclg4":{"width":101,"height":144},"slwh_ptxclg5":{"width":101,"height":144},"slwh_ptxclg6":{"width":101,"height":144},"slwh_ptxclg7":{"width":101,"height":144},"slwh_ptxclg8":{"width":101,"height":144},"slwh_ptxclg9":{"width":101,"height":144},"slwh_ptxclg10":{"width":101,"height":144},"slwh_ptxclg11":{"width":101,"height":144},"slwh_ptxclg12":{"width":101,"height":144},"slwh_ptxclg13":{"width":101,"height":144},"slwh_ptxclg14":{"width":101,"height":144},"slwh_ptxclg15":{"width":101,"height":144},"slwh_ptxclg16":{"width":101,"height":144},"slwh_ptxclg17":{"width":101,"height":144},"slwh_ptxclg18":{"width":101,"height":144},"slwh_ptxclg19":{"width":101,"height":144},"slwh_ptxclg20":{"width":101,"height":144},"slwh_ptxclg21":{"width":101,"height":144},"slwh_ptxclg22":{"width":101,"height":144},"slwh_ptxclg23":{"width":101,"height":144},"slwh_ptxclg24":{"width":101,"height":144},"slwh_ptxclg25":{"width":101,"height":144},"slwh_ptxclg26":{"width":101,"height":144},"slwh_ptxclg27":{"width":101,"height":144},"slwh_ptxclg28":{"width":101,"height":144},"slwh_ptxclg29":{"width":101,"height":144},"slwh_ptxclg30":{"width":101,"height":144},"slwh_ptxclg31":{"width":101,"height":144},"slwh_ptxclg32":{"width":101,"height":144},"slwh_ptxclg33":{"width":101,"height":144},"slwh_ptxclg34":{"width":101,"height":144},"slwh_ptxclg35":{"width":101,"height":144}}}},"animations":{"animation":{"slots":{"slwh_ptxclg":{"attachment":[{"time":0,"name":"slwh_ptxclg0"},{"time":0.0667,"name":"slwh_ptxclg1"},{"time":0.1333,"name":"slwh_ptxclg2"},{"time":0.2,"name":"slwh_ptxclg3"},{"time":0.2667,"name":"slwh_ptxclg4"},{"time":0.3333,"name":"slwh_ptxclg5"},{"time":0.4,"name":"slwh_ptxclg6"},{"time":0.4667,"name":"slwh_ptxclg7"},{"time":0.5333,"name":"slwh_ptxclg8"},{"time":0.6,"name":"slwh_ptxclg9"},{"time":0.6667,"name":"slwh_ptxclg10"},{"time":0.7333,"name":"slwh_ptxclg11"},{"time":0.8,"name":"slwh_ptxclg12"},{"time":0.8667,"name":"slwh_ptxclg13"},{"time":0.9333,"name":"slwh_ptxclg14"},{"time":1,"name":"slwh_ptxclg15"},{"time":1.0667,"name":"slwh_ptxclg16"},{"time":1.1333,"name":"slwh_ptxclg17"},{"time":1.2,"name":"slwh_ptxclg18"},{"time":1.2667,"name":"slwh_ptxclg19"},{"time":1.3333,"name":"slwh_ptxclg20"},{"time":1.4,"name":"slwh_ptxclg21"},{"time":1.4667,"name":"slwh_ptxclg22"},{"time":1.5333,"name":"slwh_ptxclg23"},{"time":1.6,"name":"slwh_ptxclg24"},{"time":1.6667,"name":"slwh_ptxclg25"},{"time":1.7333,"name":"slwh_ptxclg26"},{"time":1.8,"name":"slwh_ptxclg27"},{"time":1.8667,"name":"slwh_ptxclg28"},{"time":1.9333,"name":"slwh_ptxclg29"},{"time":2,"name":"slwh_ptxclg30"},{"time":2.0667,"name":"slwh_ptxclg31"},{"time":2.1333,"name":"slwh_ptxclg32"},{"time":2.2,"name":"slwh_ptxclg33"},{"time":2.2667,"name":"slwh_ptxclg34"},{"time":2.3333,"name":"slwh_ptxclg35"},{"time":2.4,"name":"slwh_ptxclg0"},{"time":2.4667,"name":"slwh_ptxclg1"},{"time":2.5333,"name":"slwh_ptxclg2"},{"time":2.6,"name":"slwh_ptxclg3"},{"time":2.6667,"name":"slwh_ptxclg4"},{"time":2.7333,"name":"slwh_ptxclg5"},{"time":2.8,"name":"slwh_ptxclg6"},{"time":2.8667,"name":"slwh_ptxclg7"},{"time":2.9333,"name":"slwh_ptxclg8"},{"time":3,"name":"slwh_ptxclg9"},{"time":3.0667,"name":"slwh_ptxclg10"},{"time":3.1333,"name":"slwh_ptxclg11"},{"time":3.2,"name":"slwh_ptxclg12"},{"time":3.2667,"name":"slwh_ptxclg13"},{"time":3.3333,"name":"slwh_ptxclg14"},{"time":3.4,"name":"slwh_ptxclg15"},{"time":3.4667,"name":"slwh_ptxclg16"},{"time":3.5333,"name":"slwh_ptxclg17"},{"time":3.6,"name":"slwh_ptxclg18"},{"time":3.6667,"name":"slwh_ptxclg19"},{"time":3.7333,"name":"slwh_ptxclg20"},{"time":3.8,"name":"slwh_ptxclg21"},{"time":3.8667,"name":"slwh_ptxclg22"},{"time":3.9333,"name":"slwh_ptxclg23"},{"time":4,"name":"slwh_ptxclg24"},{"time":4.0667,"name":"slwh_ptxclg25"},{"time":4.1333,"name":"slwh_ptxclg26"},{"time":4.2,"name":"slwh_ptxclg27"},{"time":4.2667,"name":"slwh_ptxclg28"},{"time":4.3333,"name":"slwh_ptxclg29"},{"time":4.4,"name":"slwh_ptxclg30"},{"time":4.4667,"name":"slwh_ptxclg31"},{"time":4.5333,"name":"slwh_ptxclg32"},{"time":4.6,"name":"slwh_ptxclg33"},{"time":4.6667,"name":"slwh_ptxclg34"},{"time":4.7333,"name":"slwh_ptxclg35"},{"time":4.8,"name":"slwh_ptxclg0"}]}}}}}