{"skeleton":{"hash":"GMuVItzF9kiMNsPBWxYfmAbKw+M","spine":"3.6.37","width":329,"height":406,"images":"./slwh_ptxc_images/"},"bones":[{"name":"root"},{"name":"hip","parent":"root"},{"name":"slwh_ptxc","parent":"hip","color":"fff994ff"},{"name":"slwh_xcxiongbody","parent":"slwh_ptxc","x":-23.63,"y":-63.66,"color":"fff994ff"},{"name":"bone","parent":"slwh_xcxiongbody","length":29.28,"rotation":101.31,"x":-0.96,"y":0.53,"color":"fff994ff"},{"name":"bone2","parent":"bone","length":43.17,"rotation":-19.38,"x":29.28,"color":"fff994ff"},{"name":"bone3","parent":"bone2","length":68,"rotation":-13.68,"x":43.17,"color":"fff994ff"},{"name":"slwh_xcxionghead","parent":"bone3","length":111.99,"rotation":15.54,"x":68,"color":"fff994ff"},{"name":"bone4","parent":"slwh_xcxionghead","length":15.11,"rotation":50.36,"x":108.9,"y":19.56,"color":"fff994ff"},{"name":"slwh_xcxiongrhand","parent":"bone3","length":73.05,"rotation":-0.14,"x":-36.24,"y":66.24,"color":"fff994ff"},{"name":"bone7","parent":"slwh_xcxiongrhand","length":22.32,"rotation":-46.31,"x":73.05,"color":"fff994ff"},{"name":"slwh_xcxiongdizi","parent":"bone7","rotation":-2.59,"x":6.06,"y":-5.07,"color":"fff994ff"},{"name":"骨骼","parent":"slwh_xcxiongdizi","rotation":158.18,"x":32.92,"y":-43.44,"color":"fff994ff"},{"name":"slwh_xcxionglhand","parent":"bone3","length":64.68,"rotation":151.71,"x":68.96,"y":-93.19,"color":"fff994ff"},{"name":"bone5","parent":"slwh_xcxionglhand","length":68.83,"rotation":-73.52,"x":64.68,"color":"fff994ff"},{"name":"bone6","parent":"bone5","length":29.51,"rotation":30.96,"x":68.83,"color":"fff994ff"},{"name":"slwh_xcxionglingjin","parent":"bone3","x":31.51,"y":11.64,"color":"fff994ff"},{"name":"slwh_xcxionglingjin1","parent":"slwh_xcxionglingjin","length":18.68,"rotation":167.66,"x":-19.21,"y":17.86,"color":"fff994ff"},{"name":"bone9","parent":"slwh_xcxionglingjin1","length":15.72,"rotation":35.83,"x":18.68,"color":"fff994ff"},{"name":"bone10","parent":"bone9","length":12.88,"rotation":-17.83,"x":15.72,"color":"fff994ff"},{"name":"slwh_xcxionglingjin2","parent":"slwh_xcxionglingjin","length":20.74,"rotation":-167.49,"x":-20.5,"y":7.6,"color":"fff994ff"},{"name":"bone11","parent":"slwh_xcxionglingjin2","length":21.02,"rotation":-6.52,"x":20.74,"color":"fff994ff"},{"name":"bone12","parent":"slwh_xcxiongbody","length":29.46,"rotation":-122.43,"x":-31.86,"y":4.75,"color":"fff994ff"},{"name":"slwh_xcxiongrfoot","parent":"bone12","length":21.89,"rotation":-120.09,"x":29.46,"color":"fff994ff"},{"name":"bone13","parent":"slwh_xcxiongrfoot","length":25.73,"rotation":-10.5,"x":21.89,"color":"fff994ff"},{"name":"骨骼3","parent":"hip","rotation":-167.86,"x":51.74,"y":-86.36,"color":"fff994ff"},{"name":"bone14","parent":"slwh_xcxiongbody","length":18.52,"rotation":-110.46,"x":68.37,"y":8.9,"color":"fff994ff"},{"name":"bone15","parent":"bone14","length":19.62,"rotation":62.79,"x":18.52,"color":"fff994ff"},{"name":"slwh_xcxionglfoot","parent":"bone15","length":24.64,"rotation":-120.19,"x":19.6,"y":0.37,"color":"fff994ff"},{"name":"bone16","parent":"slwh_xcxionglfoot","length":20.31,"rotation":-6.28,"x":24.64,"color":"fff994ff"},{"name":"bone17","parent":"slwh_xcxionghead","x":8.56,"y":17.96,"color":"fff994ff"},{"name":"bone18","parent":"slwh_xcxionghead","x":14.18,"y":67.16,"color":"fff994ff"},{"name":"bone19","parent":"slwh_xcxionghead","x":24.39,"y":-59.53,"color":"fff994ff"},{"name":"bone20","parent":"slwh_xcxionghead","rotation":24.13,"x":77.31,"y":-8.14,"color":"fff994ff"},{"name":"bone21","parent":"slwh_xcxionghead","rotation":-12.7,"x":70.31,"y":44.2,"color":"fff994ff"},{"name":"slwh_xcxiongbizi","parent":"slwh_xcxionghead","rotation":4.88,"x":31.69,"y":24.71,"color":"fff994ff"},{"name":"slwh_xcxionghz","parent":"slwh_xcxionglingjin","rotation":29,"x":28.25,"y":-44.63,"color":"fff994ff"},{"name":"slwh_xcxiongler","parent":"slwh_xcxionghead","length":22.14,"rotation":-27.72,"x":97.11,"y":-47.21,"color":"fff994ff"},{"name":"slwh_xcxiongleye1","parent":"slwh_xcxionghead","x":50.69,"y":-24.32,"color":"fff994ff"},{"name":"slwh_xcxiongrer","parent":"slwh_xcxionghead","length":24.57,"rotation":52.87,"x":78.25,"y":47.33,"color":"fff994ff"},{"name":"slwh_xcxiongreye1","parent":"slwh_xcxionghead","x":42.58,"y":43.26,"color":"fff994ff"}],"slots":[{"name":"slwh_xcxiongmaoyy","bone":"slwh_xcxiongbody","attachment":"slwh_xcxiongmaoyy"},{"name":"slwh_xcxiongleye2","bone":"slwh_xcxionghead","attachment":"slwh_xcxiongleye2"},{"name":"slwh_xcxiongleye1","bone":"slwh_xcxiongleye1","attachment":"slwh_xcxiongleye1"},{"name":"slwh_xcxiongreye2","bone":"slwh_xcxionghead","attachment":"slwh_xcxiongreye2"},{"name":"slwh_xcxiongreye1","bone":"slwh_xcxiongreye1","attachment":"slwh_xcxiongreye1"},{"name":"slwh_xcxiongrer","bone":"slwh_xcxiongrer","attachment":"slwh_xcxiongrer"},{"name":"slwh_xcxionghead","bone":"slwh_xcxionghead","attachment":"slwh_xcxionghead"},{"name":"slwh_xcxiongler","bone":"slwh_xcxiongler","attachment":"slwh_xcxiongler"},{"name":"slwh_xcxiongbody","bone":"slwh_xcxiongbody","attachment":"slwh_xcxiongbody"},{"name":"slwh_xcxiongbizi","bone":"slwh_xcxiongbizi","attachment":"slwh_xcxiongbizi"},{"name":"slwh_xcxionglingjin2","bone":"slwh_xcxionglingjin2","attachment":"slwh_xcxionglingjin2"},{"name":"slwh_xcxionglingjin1","bone":"slwh_xcxionglingjin1","attachment":"slwh_xcxionglingjin1"},{"name":"slwh_xcxionglingjin","bone":"slwh_xcxionglingjin","attachment":"slwh_xcxionglingjin"},{"name":"slwh_xcxionglfoot","bone":"slwh_xcxionglfoot","attachment":"slwh_xcxionglfoot"},{"name":"slwh_xcxiongrfoot","bone":"slwh_xcxiongrfoot","attachment":"slwh_xcxiongrfoot"},{"name":"slwh_xcxiongdizi","bone":"slwh_xcxiongdizi","attachment":"slwh_xcxiongdizi"},{"name":"slwh_xcxionglhand","bone":"slwh_xcxionglhand","attachment":"slwh_xcxionglhand"},{"name":"slwh_xcxiongrhand","bone":"slwh_xcxiongrhand","attachment":"slwh_xcxiongrhand"},{"name":"slwh_xcxionghz","bone":"slwh_xcxionghz","attachment":"slwh_xcxionghz"},{"name":"slwh_ptxctextdb","bone":"slwh_ptxc","attachment":"slwh_ptxctextdb"},{"name":"slwh_ptxctext","bone":"slwh_ptxc","attachment":"slwh_ptxctext"}],"ik":[{"name":"L_jiao","order":1,"bones":["bone14","bone15"],"target":"骨骼3"},{"name":"L_shou","order":0,"bones":["slwh_xcxionglhand","bone5"],"target":"骨骼","bendPositive":false}],"skins":{"default":{"slwh_ptxctext":{"slwh_ptxctext":{"x":-0.5,"y":-100.5,"width":197,"height":87}},"slwh_ptxctextdb":{"slwh_ptxctextdb":{"x":-0.5,"y":-128,"width":329,"height":160}},"slwh_xcxiongbizi":{"slwh_xcxiongbizi":{"type":"mesh","uvs":[0.81528,0,0.46647,3.0E-5,0.20401,0,1.0E-5,0.41542,0.016,0.96886,0.39284,0.99999,0.80553,1,0.99999,0.92995,1,0.37455,0.99999,1.5E-4,0.36659,0.52617,0.75747,0.47201],"triangles":[4,10,5,3,2,10,10,2,1,7,6,11,6,5,11,7,11,8,8,0,9,8,11,0,11,1,0,4,3,10,5,10,11,10,1,11],"vertices":[1,7,56.2,5.92,1,1,7,54.39,22.56,1,1,7,53.02,35.09,1,1,7,36.68,43.16,1,1,7,16.41,40.18,1,1,7,17.22,22.07,1,1,7,19.37,2.38,1,1,7,22.95,-6.62,1,1,7,43.38,-4.4,1,1,7,57.15,-2.9,1,1,35,2.86,0.27,1,2,7,38.54,6.79,0.70493,35,5.3,-18.44,0.29507],"hull":10,"edges":[4,6,6,8,8,10,10,20,4,2,20,2,10,12,12,14,12,22,2,0,22,0,18,0,6,20,20,22,14,16,16,18,22,16],"width":48,"height":37}},"slwh_xcxiongbody":{"slwh_xcxiongbody":{"type":"mesh","uvs":[0.24051,0.19415,0.16094,0.09731,0.10731,0.11764,0.00256,0.2991,0,0.52062,0,0.63454,0.06469,0.76265,1.8E-4,0.83712,0.12644,1,0.26508,0.9149,0.35239,0.92369,0.44709,0.9257,0.4674,0.94022,0.48909,0.99999,0.79746,1,0.83377,0.8697,0.99877,0.63739,1,0.47651,1,0.30561,1,0,0.81512,0,0.57478,0.11672,0.36605,0.25712,0.34229,0.85382,0.32128,0.69137,0.34267,0.46422,0.59151,0.80256,0.15059,0.75842,0.574,0.64715,0.83024,0.54828,0.81871,0.71728,0.14164,0.61175,0.58122,0.42974,0.82627,0.35922,0.16464,0.41208,0.36535,0.28138,0.57183,0.23334,0.81083,0.1606,0.1989,0.21455,0.64928,0.90115],"triangles":[27,7,6,8,27,9,8,7,27,13,12,39,14,39,15,13,39,14,15,30,16,39,26,30,15,39,30,12,11,26,39,12,26,18,37,19,33,37,18,17,33,18,37,21,20,37,20,19,38,1,0,2,1,38,36,21,37,36,22,21,35,0,22,35,22,36,38,0,35,3,2,38,36,37,33,34,3,38,34,38,35,32,36,33,35,36,32,25,34,35,25,35,32,4,3,34,29,33,17,32,33,29,31,4,34,31,34,25,28,25,32,28,32,29,24,31,25,24,25,28,5,4,31,16,29,17,30,28,29,30,29,16,27,31,24,5,31,27,6,5,27,26,28,30,24,28,26,23,24,26,27,24,23,9,27,23,11,10,23,9,23,10,26,11,23],"vertices":[1,6,38.51,39.71,1,1,6,49.02,61.46,1,1,6,41.47,70.29,1,2,5,64.02,75.06,0.504,6,2.5,77.86,0.496,2,4,74.71,58.07,0.52,5,23.59,69.86,0.48,2,3,-72.56,41.44,0.464,4,54.16,62.18,0.536,4,4,28.44,53.8,0.4062,5,-18.64,50.48,0.33953,6,-72,34.42,0.00626,22,3.65,-30.19,0.248,1,22,22.3,-34,1,1,22,33.72,3.92,1,2,3,-18.21,-10.15,0.552,22,5.26,19.51,0.448,2,3,-0.32,-11.76,0.55099,4,-12.18,1.78,0.44901,3,3,19.1,-12.13,0.71008,5,-37.34,-31.35,0.00192,26,36.93,-38.82,0.288,2,26,37.98,-33.98,0.504,27,-21.32,-32.84,0.496,1,27,-10.2,-36.96,1,1,27,32.37,9.78,1,2,26,-0.44,31.85,0.504,27,19.66,31.42,0.496,3,3,132.19,40.92,0.33037,4,13.49,-138.48,0.38163,26,-52.31,48.6,0.288,3,4,42.47,-144.54,0.40352,5,60.4,-131.97,0.37248,13,3.82,37.22,0.224,3,5,91.54,-127.56,0.25402,6,77.16,-112.5,0.24998,13,-16.37,13.12,0.496,2,6,129.39,-91.66,0.504,13,-52.48,-29.98,0.496,2,6,115.34,-56.46,0.504,13,-23.43,-54.32,0.496,1,6,77.14,-18.66,1,1,6,37.29,11.51,1,2,3,-2.39,1.09,0.464,4,0.83,1.29,0.536,2,4,30.99,-0.35,0.52,5,1.73,0.24,0.48,2,5,43.72,1.76,0.504,6,0.12,1.84,0.496,3,3,48.7,10.53,0.33037,4,0.06,-50.66,0.38163,26,5.35,-19,0.288,2,3,-41.69,18.65,0.464,4,25.75,36.38,0.536,2,4,28.8,-52.74,0.52,5,17.06,-49.91,0.48,3,4,36.34,-107.82,0.40352,5,42.44,-99.37,0.37248,13,38.98,24.99,0.224,3,3,95.28,26.22,0.33037,4,6.31,-99.41,0.38163,26,-25.63,19.15,0.288,2,4,52.57,32.89,0.52,5,11.06,38.76,0.48,2,5,56.87,-45.76,0.504,6,24.13,-41.23,0.496,3,5,76.77,-93.68,0.25402,6,54.8,-83.07,0.24998,13,17.26,-2.19,0.496,2,5,48.1,39.25,0.504,6,-4.5,39.3,0.496,1,6,33.09,9.99,1,1,6,56.98,-26.05,1,2,6,87.57,-66.59,0.504,13,-3.78,-32.24,0.496,1,6,31.86,46.24,1,2,26,18.21,-1.56,0.504,27,-1.53,-0.43,0.496],"hull":23,"edges":[14,16,16,18,26,28,38,40,18,20,20,22,20,46,46,48,48,50,46,52,46,54,54,10,48,56,56,58,32,34,58,34,32,60,60,52,48,62,6,8,8,10,62,8,62,54,52,56,60,58,50,64,64,66,34,36,36,38,66,36,50,68,68,6,64,56,62,68,44,70,70,50,70,72,72,74,74,38,40,74,74,66,66,58,64,72,40,42,42,44,72,42,70,76,2,4,4,6,76,4,76,68,2,0,0,44,76,0,54,18,22,52,22,24,24,26,24,78,28,30,30,32,78,30,10,12,12,14],"width":205,"height":184}},"slwh_xcxiongdizi":{"slwh_xcxiongdizi":{"x":-1.73,"y":-7.92,"rotation":-19.21,"width":103,"height":173}},"slwh_xcxionghead":{"slwh_xcxionghead":{"type":"mesh","uvs":[1,0.53358,1,0.69487,1,0.76279,0.86325,0.84927,0.67689,0.93271,0.50751,0.99784,0.31791,0.99999,0.18954,0.98876,0.10217,0.89779,3.0E-5,0.70904,1.0E-5,0.50045,0.07099,0.32512,0.1539,0.13028,0.27335,0.10147,0.29326,0,0.45005,0,0.4936,0.04383,0.73251,0.04672,0.82418,0.14795,1,0.34208,0.36952,0.32137,0.48406,0.31025,0.6543,0.31025,0.80895,0.32968,0.24429,0.3047,0.13804,0.31612,0.3483,0.62766,0.491,0.6169,0.472,0.74202,0.40193,0.8149,0.33506,0.81888,0.26683,0.78723,0.27356,0.71315,0.27131,0.61002,0.62208,0.65046,0.82608,0.57541,0.13505,0.62348,0.06661,0.57387,0.32831,0.91623,0.23831,0.85843,0.11613,0.70897,0.47465,0.85995,0.63213,0.78227,0.8334,0.70782],"triangles":[8,9,40,6,38,5,6,7,38,38,41,5,5,41,4,7,39,38,7,8,39,41,42,4,4,42,3,38,29,41,38,30,29,38,39,30,8,40,39,29,28,41,41,28,42,39,31,30,39,40,31,42,43,3,3,43,2,26,29,30,26,28,29,32,30,31,31,40,32,28,34,42,42,34,43,43,1,2,26,30,32,28,27,34,28,26,27,40,36,32,36,33,32,32,33,26,9,37,40,9,10,37,40,37,36,34,35,43,43,35,1,35,0,1,35,22,23,35,34,22,34,27,22,27,26,20,36,24,33,25,36,37,11,25,10,26,33,20,20,21,27,27,21,22,36,25,24,33,24,20,35,23,0,25,37,10,23,19,0,23,18,19,23,22,18,25,11,12,24,13,20,20,13,16,21,20,16,13,15,16,25,12,24,21,16,22,22,17,18,22,16,17,24,12,13,14,15,13],"vertices":[2,7,51.86,-93.81,0.752,32,27.48,-34.28,0.248,2,7,27.49,-96.46,0.752,32,3.11,-36.94,0.248,1,7,17.23,-97.58,1,1,7,1.56,-75.08,1,1,7,-14.6,-43.85,1,1,7,-27.67,-15.28,1,1,7,-31.61,17.86,1,1,7,-32.36,40.5,1,2,7,-20.27,57.29,0.488,31,-34.46,-9.87,0.512,2,7,6.3,78.26,0.52,31,-7.88,11.1,0.48,2,7,37.82,81.7,0.864,31,23.64,14.54,0.136,1,7,65.67,72.16,1,1,7,96.69,60.86,1,2,7,103.32,40.44,0.96,8,12.52,17.62,0.04,1,8,21.15,4.36,1,2,7,122.02,11.19,0.576,8,1.93,-15.44,0.424,2,7,116.22,2.85,0.96,8,-8.19,-16.3,0.04,1,7,120.34,-39,1,1,7,106.79,-56.7,1,1,7,80.8,-90.66,1,3,7,71.92,19.99,0.52416,33,6.59,27.87,0.272,34,6.9,-23.26,0.20384,2,7,75.78,0.13,0.504,33,1.99,8.17,0.496,2,7,79.03,-29.65,0.504,33,-7.22,-20.34,0.496,1,7,79.04,-57.03,1,2,7,72.05,42.18,0.472,34,2.15,-1.59,0.528,1,7,68.3,60.58,1,2,7,25.23,18.67,0.88,30,16.68,0.7,0.12,2,7,29.58,-6.12,0.88,30,21.02,-24.09,0.12,2,7,10.31,-4.86,0.568,30,1.75,-22.82,0.432,2,7,-2.04,6.2,0.568,30,-10.59,-11.76,0.432,2,7,-3.91,17.84,0.568,30,-12.47,-0.13,0.432,2,7,-0.43,30.3,0.568,30,-8.99,12.33,0.432,2,7,10.89,30.34,0.568,30,2.34,12.37,0.432,2,7,26.43,32.43,0.88,30,17.88,14.46,0.12,2,7,27,-29.61,0.792,32,2.62,29.92,0.208,2,7,42.23,-64.07,0.608,32,17.84,-4.54,0.392,2,7,21.8,56.05,0.864,31,7.62,-11.11,0.136,2,7,28,68.84,0.864,31,13.81,1.68,0.136,2,7,-18.75,17.42,0.792,30,-27.31,-0.55,0.208,2,7,-11.73,34.11,0.792,30,-20.29,16.15,0.208,3,7,8.52,57.95,0.4368,31,-5.66,-9.21,0.48,30,-0.03,39.99,0.0832,2,7,-7.46,-7.26,0.792,30,-16.02,-25.23,0.208,3,7,7.28,-33.54,0.51283,30,-1.28,-51.5,0.17824,32,-17.11,25.99,0.30893,3,7,22.36,-67.53,0.41574,30,13.81,-85.49,0.072,32,-2.02,-8,0.51226],"hull":20,"edges":[14,16,24,26,26,28,28,30,30,32,32,34,10,12,12,14,40,32,40,42,42,44,44,46,46,38,40,48,48,50,20,22,22,24,50,22,52,40,52,54,54,56,56,58,60,52,58,60,60,62,62,64,64,66,66,52,54,68,68,70,0,38,70,0,66,72,72,74,74,20,12,76,76,60,76,78,78,80,16,18,18,20,80,18,76,82,82,84,84,86,0,2,2,4,86,2,68,84,8,10,84,8,70,86,4,6,6,8,86,6,56,82,82,10,78,14,80,16,62,78,46,70,44,68,42,54,34,36,36,38,46,36,44,34,26,48,80,72,48,72],"width":175,"height":151}},"slwh_xcxionghz":{"slwh_xcxionghz":{"x":1.12,"y":-6.17,"rotation":-97.25,"width":51,"height":33}},"slwh_xcxiongler":{"slwh_xcxiongler":{"type":"mesh","uvs":[1.0E-5,0.26355,0.1755,1.0E-5,1,0,1,1,0.67273,1,0,0.53973],"triangles":[4,1,2,4,5,1,5,0,1,4,2,3],"vertices":[1,7,111.01,-23.37,1,1,37,13.85,27.19,1,1,37,33.18,-1.55,1,2,7,87,-68.23,0.856,37,0.82,-23.32,0.144,1,7,85.51,-54.57,1,1,7,100.3,-24.53,1],"hull":6,"edges":[2,4,4,6,6,8,8,10,2,0,0,10],"width":42,"height":39}},"slwh_xcxiongleye1":{"slwh_xcxiongleye1":{"type":"mesh","uvs":[1,1,0,1,0,0,1,0],"triangles":[1,2,3,1,3,0],"vertices":[-12.82,-13.87,-15.96,14.96,12.87,18.1,16,-10.73],"hull":4,"edges":[0,2,2,4,4,6,0,6],"width":29,"height":29}},"slwh_xcxiongleye2":{"slwh_xcxiongleye2":{"x":51.1,"y":-21.16,"scaleX":1.1,"scaleY":1.1,"rotation":-83.79,"width":37,"height":36}},"slwh_xcxionglfoot":{"slwh_xcxionglfoot":{"type":"mesh","uvs":[1,0,0.38857,0,0,0,0,1,0.54368,0.99999,0.99999,0.75717],"triangles":[3,1,4,3,2,1,4,1,5,5,1,0],"vertices":[1,28,-14.38,-8.53,1,2,28,26.27,-17.27,0.38225,29,3.51,-16.99,0.61775,1,29,29.8,-19.68,1,1,29,32.15,3.2,1,2,28,20.8,7.43,0.91734,29,-4.63,6.97,0.08266,1,28,-10.71,8.5,1],"hull":6,"edges":[2,4,4,6,6,8,8,10,0,10,2,8,0,2],"width":68,"height":23}},"slwh_xcxionglhand":{"slwh_xcxionglhand":{"type":"mesh","uvs":[1,0,0.60184,1.0E-5,0.52133,0.17786,0.31828,0.08738,0.00619,0,1.0E-5,0.5952,0.20644,0.58006,0.48923,0.99999,0.68559,0.99999,0.99999,0.60197],"triangles":[5,4,6,6,4,3,8,7,6,8,6,2,6,3,2,2,9,8,9,2,0,0,2,1],"vertices":[1,13,-22.14,-9.05,1,1,13,27,-50.22,1,2,13,47.33,-46.14,0.28261,14,39.32,-29.72,0.71739,3,13,67.1,-73.44,0.00248,14,71.11,-18.51,0.72246,15,-7.57,-17.05,0.27506,1,15,42.99,-22.71,1,2,14,88.26,48.33,0.00953,15,41.52,31.44,0.99047,2,14,61.33,28.8,0.46515,15,8.38,28.56,0.53485,2,13,99.34,7.89,0.065,14,2.26,35.47,0.935,2,13,75.1,28.2,0.65258,14,-24.08,17.99,0.34742,1,13,13.04,32.94,1],"hull":10,"edges":[0,2,2,4,8,10,14,16,16,18,0,18,4,16,4,6,12,14,6,12,10,12,6,8],"width":161,"height":91}},"slwh_xcxionglingjin":{"slwh_xcxionglingjin":{"type":"mesh","uvs":[1,0,0.78191,0,0.28639,0.5029,0,0.13844,0,0.81253,0.15831,1,0.50116,1,0.51894,0.70618,0.93335,0.46882,0.99999,0.68221],"triangles":[8,1,0,9,8,0,4,3,2,2,1,8,7,2,8,5,4,2,5,2,7,6,5,7],"vertices":[2,16,92.54,-102.4,0.48,13,-47.36,-28.25,0.52,2,16,78.23,-66.54,0.48,13,-17.77,-53.04,0.52,1,16,12.57,1.69,1,1,16,17.82,58.36,1,1,16,-26.64,40.62,1,1,16,-28.61,9.66,1,1,16,-6.13,-46.7,1,1,16,14.42,-41.89,1,2,16,57.25,-103.77,0.48,13,-16.94,-10.31,0.52,2,16,47.55,-120.35,0.48,13,-16.25,8.88,0.52],"hull":10,"edges":[0,2,2,4,4,6,6,8,8,10,10,12,12,14,0,18,14,16,16,18],"width":177,"height":71}},"slwh_xcxionglingjin1":{"slwh_xcxionglingjin1":{"type":"mesh","uvs":[0.61756,0,0,0.32907,0.03731,0.69542,0.13106,1,0.54806,1,0.83138,0.6951,1,0.4507,1,0],"triangles":[4,3,2,5,4,2,2,1,5,6,0,7,1,0,6,5,1,6],"vertices":[1,17,0.53,-6.69,1,2,17,22.61,-11.14,0.65804,18,-3.33,-11.33,0.34196,3,17,36.63,-0.48,1.0E-4,18,14.27,-10.89,0.70367,19,1.96,-10.81,0.29622,2,18,28.96,-8.9,0.00782,19,15.33,-4.42,0.99218,2,18,29.29,1.94,7.0E-5,19,12.33,6,0.99993,3,17,25.04,16.61,0.12448,18,14.88,9.75,0.71918,19,-3.78,9.02,0.15634,2,17,12.87,13.67,0.7532,18,3.29,14.48,0.2468,1,17,-5.05,1.54,1],"hull":8,"edges":[0,2,2,4,6,8,0,14,2,12,12,14,10,12,4,10,8,10,4,6],"width":26,"height":48}},"slwh_xcxionglingjin2":{"slwh_xcxionglingjin2":{"type":"mesh","uvs":[0.10071,0,1.0E-5,0.49274,0.03047,0.99999,0.47532,1,0.99999,0.59172,1,0],"triangles":[4,3,1,3,2,1,1,0,4,4,0,5],"vertices":[1,20,-3.15,-13.7,1,2,20,21.15,-12.71,0.62436,21,1.85,-12.58,0.37564,1,21,25.53,-4.97,1,2,20,43.47,4.89,6.0E-5,21,22.03,7.44,0.99994,2,20,21.28,16.7,0.7108,21,-1.36,16.65,0.2892,1,20,-7.34,12.04,1],"hull":6,"edges":[4,6,8,10,0,10,2,8,0,2,6,8,2,4],"width":29,"height":49}},"slwh_xcxiongmaoyy":{"slwh_xcxiongmaoyy":{"type":"mesh","uvs":[1,0.5514,1,1,0,1,0,0.53847,0,0.21086,0,0,0.2234,0,0.86973,0,1,0,0.22059,0.27983,0.10631,0.15626,0.11568,0.38544,0.05573,0.67282,0.14097,0.6721,0.14659,0.7382,0.06229,0.77628,0.20186,0.96235,0.34517,0.88692,0.5016,0.8941,0.47257,0.96379,0.8051,0.95732,0.82289,0.86608,0.9175,0.81723,0.9531,0.23026,0.85006,0.15482],"triangles":[19,20,1,20,21,1,21,22,1,22,0,1,20,18,21,22,21,18,0,22,13,15,14,16,14,15,12,2,19,1,2,16,19,2,15,16,16,14,17,16,17,19,19,17,18,15,3,12,15,2,3,13,18,17,13,22,18,0,13,9,14,12,13,14,13,17,12,3,13,3,11,13,13,11,9,3,4,11,4,10,11,11,10,9,9,10,6,4,5,10,0,24,23,24,0,9,23,8,0,9,6,24,23,24,8,8,24,7,24,6,7,10,5,6,19,18,20],"vertices":[5,5,80.14,-123.3,0.00332,6,65.08,-111.06,0.30037,7,-32.57,-106.22,0.20055,26,-97.57,25.7,0.43705,27,-27.95,115.57,0.05871,3,26,32.26,74.26,0.05532,27,72.75,20.3,0.60065,28,-43.96,35.91,0.34403,2,23,4.77,68.2,0.76305,24,-29.26,63.94,0.23695,1,9,17.09,44.35,1,1,9,111.03,82.09,1,1,7,111.16,147.84,1,1,7,116.89,95.2,1,1,7,133.47,-57.08,1,2,7,136.81,-87.77,0.99736,26,-257.15,-34,0.00264,1,9,110.74,25.63,1,1,9,136.08,65,1,1,9,71.19,36.54,1,3,9,-16.51,16.62,0.76851,23,88.38,9.84,0.01205,24,63.58,21.79,0.21944,5,5,14.63,73.04,0.00562,9,-8.77,-2.05,0.84486,22,-17.36,-64.47,0.00138,23,79.25,-8.18,0.00125,24,57.89,2.41,0.14689,4,5,-5.41,68.85,0.00399,9,-27.22,-10.9,0.25922,23,60.52,0.06,0.01869,24,37.97,7.09,0.71811,3,9,-45.59,3.26,0.19644,23,59.3,23.21,0.14364,24,32.55,29.64,0.65991,6,3,-62.53,-35.71,2.5E-4,4,-23.46,67.49,0.00708,22,50.6,-4.19,0.0828,23,-6.98,20.39,0.87106,24,-32.1,14.79,0.03685,29,114.25,-6.23,0.00195,3,4,-7.26,29.61,0.25077,22,12.71,11.98,0.72747,29,77.72,-25.26,0.02176,4,3,8.51,-14.62,0.67678,22,-5.3,44.46,0.07012,26,43,-47.83,0.02135,29,41.19,-18.57,0.23175,4,3,1.63,-36.15,0.28876,4,-36.48,4.66,0.11477,22,16.57,50.2,0.2509,29,50.62,1.97,0.34556,3,26,36.1,26.38,0.00432,27,31.42,-4.19,0.23181,28,-2.01,12.51,0.76388,5,6,-40.79,-108.11,0.00486,7,-133.78,-75.01,4.2E-4,26,8.21,20.45,0.38334,27,13.84,18.25,0.59027,28,-12.56,-13.97,0.0211,6,5,-3.93,-115.47,2.4E-4,6,-18.46,-123.34,0.03594,7,-116.34,-95.67,0.00521,26,-13.78,36.17,0.4698,27,18.28,44.91,0.46693,28,-37.84,-23.54,0.02189,1,7,64.88,-84.42,1,1,7,85.41,-57.62,1],"hull":9,"edges":[2,4,10,12,12,18,18,20,8,10,20,8,8,22,4,6,6,8,22,6,6,24,24,26,26,28,28,30,30,32,32,34,34,36,36,38,38,40,40,42,42,44,2,0,0,16,44,0,0,46,46,48,12,14,14,16,48,14],"width":59,"height":77}},"slwh_xcxiongrer":{"slwh_xcxiongrer":{"type":"mesh","uvs":[1,0,0,0,0,1,0.41913,1,1,0.45988],"triangles":[1,0,4,3,2,1,4,3,1],"vertices":[2,7,106.6,32.66,0.272,39,5.42,-31.45,0.728,1,39,35.96,-2.62,1,2,7,59.31,69.76,0.272,39,6.45,28.65,0.728,1,7,61.21,52.26,1,1,7,86.94,30.52,1],"hull":5,"edges":[0,2,2,4,4,6,6,8,0,8],"width":42,"height":43}},"slwh_xcxiongreye1":{"slwh_xcxiongreye1":{"x":-0.06,"y":0.54,"rotation":-83.79,"width":26,"height":25}},"slwh_xcxiongreye2":{"slwh_xcxiongreye2":{"x":43.13,"y":47.38,"scaleX":1.1,"scaleY":1.1,"rotation":-83.79,"width":35,"height":33}},"slwh_xcxiongrfoot":{"slwh_xcxiongrfoot":{"type":"mesh","uvs":[1,1,0.68543,1,0.08762,0.54356,0,0,0.6589,0,0.93087,0.52821,1,0.72995],"triangles":[2,4,5,2,3,4,1,6,0,1,5,6,1,2,5],"vertices":[1,23,-11.16,-5.79,1,2,23,-5.21,5.65,1,24,-27.68,0.62,0,2,23,29.18,15.4,0.05913,24,4.36,16.47,0.94087,1,24,35.04,10.86,1,1,24,27.15,-14.98,1,2,23,14.01,-15.68,0.67902,24,-4.9,-16.86,0.32098,2,23,2.5,-12.89,0.96343,24,-16.72,-16.21,0.03657],"hull":7,"edges":[0,2,6,8,8,10,10,12,0,12,2,4,4,10,4,6],"width":41,"height":57}},"slwh_xcxiongrhand":{"slwh_xcxiongrhand":{"type":"mesh","uvs":[0.386,0,1.0E-5,0.48771,0,1,0.5156,1,0.85134,0.47789,1,0.41402,1,0],"triangles":[5,4,6,4,0,6,2,1,3,3,1,4,1,0,4],"vertices":[2,9,86.8,22.1,0.06998,10,-6.48,25.21,0.93002,2,9,34.78,29.9,0.99928,10,-48.05,-7.02,7.2E-4,1,9,-9.43,12.14,1,1,9,3.84,-20.87,1,2,9,57.53,-24.26,0.79802,10,6.83,-27.98,0.20198,2,9,66.86,-31.57,0.53002,10,18.56,-26.28,0.46998,1,10,32.86,9.47,1],"hull":7,"edges":[2,4,4,6,6,8,8,10,10,12,0,12,0,8,0,2],"width":69,"height":93}}}},"animations":{"animation":{"bones":{"slwh_xcxiongbody":{"rotate":[{"time":0,"angle":0,"curve":[0.255,0,0.62,0.47]},{"time":1.0333,"angle":0.56,"curve":[0.367,0.46,0.754,1]},{"time":2.4,"angle":0,"curve":[0.255,0,0.62,0.47]},{"time":3.4333,"angle":0.56,"curve":[0.367,0.46,0.754,1]},{"time":4.8,"angle":0}],"translate":[{"time":0,"x":0,"y":0,"curve":[0.25,0,0.75,1]},{"time":1.0333,"x":0.81,"y":0.44,"curve":[0.25,0,0.75,1]},{"time":2.4,"x":0,"y":0,"curve":[0.25,0,0.75,1]},{"time":3.4333,"x":0.81,"y":0.44,"curve":[0.25,0,0.75,1]},{"time":4.8,"x":0,"y":0}],"scale":[{"time":0,"x":1,"y":1,"curve":"stepped"},{"time":2.4,"x":1,"y":1,"curve":"stepped"},{"time":4.8,"x":1,"y":1}]},"bone":{"rotate":[{"time":0,"angle":-0.07,"curve":[0,0,0.75,1]},{"time":0.2,"angle":0,"curve":[0.25,0,0.75,1]},{"time":1.2333,"angle":-0.84,"curve":[0.25,0,1,1]},{"time":2.4,"angle":-0.07,"curve":[0,0,0.75,1]},{"time":2.6,"angle":0,"curve":[0.25,0,0.75,1]},{"time":3.6333,"angle":-0.84,"curve":[0.25,0,1,1]},{"time":4.8,"angle":-0.07}],"translate":[{"time":0,"x":-0.02,"y":0.08,"curve":[0,0,0.75,1]},{"time":0.2,"x":0,"y":0,"curve":[0.25,0,0.75,1]},{"time":1.2333,"x":-0.19,"y":1.04,"curve":[0.25,0,1,1]},{"time":2.4,"x":-0.02,"y":0.08,"curve":[0,0,0.75,1]},{"time":2.6,"x":0,"y":0,"curve":[0.25,0,0.75,1]},{"time":3.6333,"x":-0.19,"y":1.04,"curve":[0.25,0,1,1]},{"time":4.8,"x":-0.02,"y":0.08}],"scale":[{"time":0,"x":1,"y":1,"curve":"stepped"},{"time":2.4,"x":1,"y":1,"curve":"stepped"},{"time":4.8,"x":1,"y":1}]},"bone2":{"rotate":[{"time":0,"angle":-0.2,"curve":[0,0,0.75,1]},{"time":0.4,"angle":0,"curve":[0.25,0,0.75,1]},{"time":1.4333,"angle":-0.84,"curve":[0.25,0,1,1]},{"time":2.4,"angle":-0.2,"curve":[0,0,0.75,1]},{"time":2.8,"angle":0,"curve":[0.25,0,0.75,1]},{"time":3.8333,"angle":-0.84,"curve":[0.25,0,1,1]},{"time":4.8,"angle":-0.2}],"translate":[{"time":0,"x":0.52,"y":-0.17,"curve":[0,0,0.75,1]},{"time":0.4,"x":0,"y":0,"curve":[0.25,0,0.75,1]},{"time":1.4333,"x":2.22,"y":-0.73,"curve":[0.25,0,1,1]},{"time":2.4,"x":0.52,"y":-0.17,"curve":[0,0,0.75,1]},{"time":2.8,"x":0,"y":0,"curve":[0.25,0,0.75,1]},{"time":3.8333,"x":2.22,"y":-0.73,"curve":[0.25,0,1,1]},{"time":4.8,"x":0.52,"y":-0.17}],"scale":[{"time":0,"x":1,"y":1,"curve":"stepped"},{"time":2.4,"x":1,"y":1,"curve":"stepped"},{"time":4.8,"x":1,"y":1}]},"bone3":{"rotate":[{"time":0,"angle":-0.44,"curve":[0,0,0.75,1]},{"time":0.6,"angle":0,"curve":[0.25,0,0.75,1]},{"time":1.6333,"angle":-1.04,"curve":[0.25,0,1,1]},{"time":2.4,"angle":-0.44,"curve":[0,0,0.75,1]},{"time":3,"angle":0,"curve":[0.25,0,0.75,1]},{"time":4.0333,"angle":-1.04,"curve":[0.25,0,1,1]},{"time":4.8,"angle":-0.44}],"translate":[{"time":0,"x":0.58,"y":-0.15,"curve":[0,0,0.75,1]},{"time":0.6,"x":0,"y":0,"curve":[0.25,0,0.75,1]},{"time":1.6333,"x":1.38,"y":-0.36,"curve":[0.25,0,1,1]},{"time":2.4,"x":0.58,"y":-0.15,"curve":[0,0,0.75,1]},{"time":3,"x":0,"y":0,"curve":[0.25,0,0.75,1]},{"time":4.0333,"x":1.38,"y":-0.36,"curve":[0.25,0,1,1]},{"time":4.8,"x":0.58,"y":-0.15}],"scale":[{"time":0,"x":1,"y":1,"curve":"stepped"},{"time":2.4,"x":1,"y":1,"curve":"stepped"},{"time":4.8,"x":1,"y":1}]},"slwh_xcxionghead":{"rotate":[{"time":0,"angle":-1.5,"curve":[0,0,0.75,1]},{"time":0.8,"angle":0,"curve":[0.25,0,0.75,1]},{"time":1.8333,"angle":-2.44,"curve":[0.25,0,1,1]},{"time":2.4,"angle":-1.5,"curve":[0,0,0.75,1]},{"time":3.2,"angle":0,"curve":[0.25,0,0.75,1]},{"time":4.2333,"angle":-2.44,"curve":[0.25,0,1,1]},{"time":4.8,"angle":-1.5}],"translate":[{"time":0,"x":1.05,"y":0.27,"curve":[0,0,0.75,1]},{"time":0.8,"x":0,"y":0,"curve":[0.25,0,0.75,1]},{"time":1.8333,"x":1.7,"y":0.43,"curve":[0.25,0,1,1]},{"time":2.4,"x":1.05,"y":0.27,"curve":[0,0,0.75,1]},{"time":3.2,"x":0,"y":0,"curve":[0.25,0,0.75,1]},{"time":4.2333,"x":1.7,"y":0.43,"curve":[0.25,0,1,1]},{"time":4.8,"x":1.05,"y":0.27}],"scale":[{"time":0,"x":1,"y":1,"curve":"stepped"},{"time":2.4,"x":1,"y":1,"curve":"stepped"},{"time":4.8,"x":1,"y":1}]},"bone4":{"rotate":[{"time":0,"angle":0,"curve":[0.255,0,0.62,0.47]},{"time":1.0333,"angle":12.67,"curve":[0.25,0,0.75,1]},{"time":2.4,"angle":0,"curve":[0.25,0,0.75,1]},{"time":3.5,"angle":12.67,"curve":[0.25,0,0.75,1]},{"time":4.8,"angle":0}],"translate":[{"time":0,"x":0,"y":0,"curve":"stepped"},{"time":2.4,"x":0,"y":0,"curve":"stepped"},{"time":4.8,"x":0,"y":0}],"scale":[{"time":0,"x":1,"y":1,"curve":"stepped"},{"time":2.4,"x":1,"y":1,"curve":"stepped"},{"time":4.8,"x":1,"y":1}]},"骨骼":{"rotate":[{"time":0,"angle":0,"curve":"stepped"},{"time":2.4,"angle":0,"curve":"stepped"},{"time":4.8,"angle":0}],"translate":[{"time":0,"x":0,"y":0,"curve":"stepped"},{"time":2.4,"x":0,"y":0,"curve":"stepped"},{"time":4.8,"x":0,"y":0}],"scale":[{"time":0,"x":1,"y":1,"curve":"stepped"},{"time":2.4,"x":1,"y":1,"curve":"stepped"},{"time":4.8,"x":1,"y":1}]},"slwh_xcxionglhand":{"rotate":[{"time":0,"angle":-1.72,"curve":"stepped"},{"time":2.4,"angle":-1.72,"curve":"stepped"},{"time":4.8,"angle":-1.72}],"translate":[{"time":0,"x":-0.13,"y":-1.86,"curve":[0,0,0.75,1]},{"time":0.7333,"x":0,"y":0,"curve":[0.25,0,0.75,1]},{"time":1.7667,"x":-0.24,"y":-3.45,"curve":[0.25,0,1,1]},{"time":2.4,"x":-0.13,"y":-1.86,"curve":[0,0,0.75,1]},{"time":3.1,"x":0,"y":0,"curve":[0.25,0,0.75,1]},{"time":4.1667,"x":-0.24,"y":-3.45,"curve":[0.25,0,1,1]},{"time":4.8,"x":-0.13,"y":-1.86}],"scale":[{"time":0,"x":1,"y":1,"curve":"stepped"},{"time":2.4,"x":1,"y":1,"curve":"stepped"},{"time":4.8,"x":1,"y":1}]},"bone5":{"rotate":[{"time":0,"angle":0,"curve":"stepped"},{"time":2.4,"angle":0,"curve":"stepped"},{"time":4.8,"angle":0}],"translate":[{"time":0,"x":0,"y":0,"curve":"stepped"},{"time":2.4,"x":0,"y":0,"curve":"stepped"},{"time":4.8,"x":0,"y":0}],"scale":[{"time":0,"x":1,"y":1,"curve":"stepped"},{"time":2.4,"x":1,"y":1,"curve":"stepped"},{"time":4.8,"x":1,"y":1}]},"bone6":{"rotate":[{"time":0,"angle":4.95,"curve":[0,0,0.75,1]},{"time":0.8,"angle":0,"curve":[0.25,0,0.75,1]},{"time":1.8333,"angle":8.04,"curve":[0.25,0,1,1]},{"time":2.4,"angle":4.95,"curve":[0,0,0.75,1]},{"time":3.2,"angle":0,"curve":[0.25,0,0.75,1]},{"time":4.2333,"angle":8.04,"curve":[0.25,0,1,1]},{"time":4.8,"angle":4.95}],"translate":[{"time":0,"x":0,"y":0,"curve":"stepped"},{"time":2.4,"x":0,"y":0,"curve":"stepped"},{"time":4.8,"x":0,"y":0}],"scale":[{"time":0,"x":1,"y":1,"curve":"stepped"},{"time":2.4,"x":1,"y":1,"curve":"stepped"},{"time":4.8,"x":1,"y":1}]},"slwh_xcxiongdizi":{"rotate":[{"time":0,"angle":3.2,"curve":[0,0,0.75,1]},{"time":0.8,"angle":0,"curve":[0.25,0,0.75,1]},{"time":1.8333,"angle":5.18,"curve":[0.25,0,1,1]},{"time":2.4,"angle":3.2,"curve":[0,0,0.75,1]},{"time":3.2,"angle":0,"curve":[0.25,0,0.75,1]},{"time":4.2333,"angle":5.18,"curve":[0.25,0,1,1]},{"time":4.8,"angle":3.2}],"translate":[{"time":0,"x":0,"y":0,"curve":"stepped"},{"time":2.4,"x":0,"y":0,"curve":"stepped"},{"time":4.8,"x":0,"y":0}],"scale":[{"time":0,"x":1,"y":1,"curve":"stepped"},{"time":2.4,"x":1,"y":1,"curve":"stepped"},{"time":4.8,"x":1,"y":1}]},"slwh_xcxionglingjin":{"rotate":[{"time":0,"angle":0,"curve":"stepped"},{"time":2.4,"angle":0,"curve":"stepped"},{"time":4.8,"angle":0}],"translate":[{"time":0,"x":0,"y":0,"curve":"stepped"},{"time":2.4,"x":0,"y":0,"curve":"stepped"},{"time":4.8,"x":0,"y":0}],"scale":[{"time":0,"x":1,"y":1,"curve":"stepped"},{"time":2.4,"x":1,"y":1,"curve":"stepped"},{"time":4.8,"x":1,"y":1}]},"slwh_xcxionghz":{"rotate":[{"time":0,"angle":0,"curve":"stepped"},{"time":2.4,"angle":0,"curve":"stepped"},{"time":4.8,"angle":0}],"translate":[{"time":0,"x":-0.62,"y":-2.33,"curve":[0,0,0.75,1]},{"time":0.8667,"x":0,"y":0,"curve":[0.25,0,0.75,1]},{"time":1.9333,"x":-0.89,"y":-3.37,"curve":[0.25,0,1,1]},{"time":2.4,"x":-0.62,"y":-2.33,"curve":[0,0,0.75,1]},{"time":3.2667,"x":0,"y":0,"curve":[0.25,0,0.75,1]},{"time":4.3,"x":-0.89,"y":-3.37,"curve":[0.25,0,1,1]},{"time":4.8,"x":-0.62,"y":-2.33}],"scale":[{"time":0,"x":1,"y":1,"curve":"stepped"},{"time":2.4,"x":1,"y":1,"curve":"stepped"},{"time":4.8,"x":1,"y":1}]},"slwh_xcxionglingjin1":{"rotate":[{"time":0,"angle":0,"curve":[0,0,0.75,1]},{"time":0.4,"angle":1.63,"curve":[0.25,0,0.75,1]},{"time":1.6,"angle":-2.34,"curve":[0.25,0,1,1]},{"time":2.4,"angle":0,"curve":[0,0,0.75,1]},{"time":2.8,"angle":1.63,"curve":[0.25,0,0.75,1]},{"time":4,"angle":-2.34,"curve":[0.25,0,1,1]},{"time":4.8,"angle":0}],"translate":[{"time":0,"x":0,"y":0,"curve":"stepped"},{"time":2.4,"x":0,"y":0,"curve":"stepped"},{"time":4.8,"x":0,"y":0}],"scale":[{"time":0,"x":1,"y":1,"curve":"stepped"},{"time":2.4,"x":1,"y":1,"curve":"stepped"},{"time":4.8,"x":1,"y":1}]},"bone9":{"rotate":[{"time":0,"angle":0,"curve":[0,0,0.75,1]},{"time":0.5667,"angle":1.63,"curve":[0.25,0,0.75,1]},{"time":1.7667,"angle":-2.34,"curve":[0.25,0,1,1]},{"time":2.4,"angle":0,"curve":[0,0,0.75,1]},{"time":2.9667,"angle":1.63,"curve":[0.25,0,0.75,1]},{"time":4.1667,"angle":-2.34,"curve":[0.25,0,1,1]},{"time":4.8,"angle":0}],"translate":[{"time":0,"x":0,"y":0,"curve":"stepped"},{"time":2.4,"x":0,"y":0,"curve":"stepped"},{"time":4.8,"x":0,"y":0}],"scale":[{"time":0,"x":1,"y":1,"curve":"stepped"},{"time":2.4,"x":1,"y":1,"curve":"stepped"},{"time":4.8,"x":1,"y":1}]},"bone10":{"rotate":[{"time":0,"angle":0,"curve":[0,0,0.75,1]},{"time":0.7333,"angle":3.98,"curve":[0.25,0,0.75,1]},{"time":1.9333,"angle":-2.34,"curve":[0.25,0,1,1]},{"time":2.4,"angle":0,"curve":[0,0,0.75,1]},{"time":3.1,"angle":3.98,"curve":[0.25,0,0.75,1]},{"time":4.3,"angle":-2.34,"curve":[0.25,0,1,1]},{"time":4.8,"angle":0}],"translate":[{"time":0,"x":0,"y":0,"curve":"stepped"},{"time":2.4,"x":0,"y":0,"curve":"stepped"},{"time":4.8,"x":0,"y":0}],"scale":[{"time":0,"x":1,"y":1,"curve":"stepped"},{"time":2.4,"x":1,"y":1,"curve":"stepped"},{"time":4.8,"x":1,"y":1}]},"slwh_xcxionglingjin2":{"rotate":[{"time":0,"angle":0,"curve":[0,0,0.75,1]},{"time":0.8,"angle":1.97,"curve":[0.25,0,0.75,1]},{"time":2,"angle":-1.31,"curve":[0.25,0,1,1]},{"time":2.4,"angle":0,"curve":[0,0,0.75,1]},{"time":3.2,"angle":1.97,"curve":[0.25,0,0.75,1]},{"time":4.4,"angle":-1.31,"curve":[0.25,0,1,1]},{"time":4.8,"angle":0}],"translate":[{"time":0,"x":0,"y":0,"curve":"stepped"},{"time":2.4,"x":0,"y":0,"curve":"stepped"},{"time":4.8,"x":0,"y":0}],"scale":[{"time":0,"x":1,"y":1,"curve":"stepped"},{"time":2.4,"x":1,"y":1,"curve":"stepped"},{"time":4.8,"x":1,"y":1}]},"bone11":{"rotate":[{"time":0,"angle":0,"curve":[0,0,0.75,1]},{"time":0.9333,"angle":1.97,"curve":[0.25,0,0.75,1]},{"time":2.1333,"angle":-1.31,"curve":[0.25,0,1,1]},{"time":2.4,"angle":0,"curve":[0,0,0.75,1]},{"time":3.3,"angle":1.97,"curve":[0.25,0,0.75,1]},{"time":4.5,"angle":-1.31,"curve":[0.25,0,1,1]},{"time":4.8,"angle":0}],"translate":[{"time":0,"x":0,"y":0,"curve":"stepped"},{"time":2.4,"x":0,"y":0,"curve":"stepped"},{"time":4.8,"x":0,"y":0}],"scale":[{"time":0,"x":1,"y":1,"curve":"stepped"},{"time":2.4,"x":1,"y":1,"curve":"stepped"},{"time":4.8,"x":1,"y":1}]},"bone12":{"rotate":[{"time":0,"angle":0,"curve":"stepped"},{"time":2.4,"angle":0,"curve":"stepped"},{"time":4.8,"angle":0}],"translate":[{"time":0,"x":0,"y":0,"curve":"stepped"},{"time":2.4,"x":0,"y":0,"curve":"stepped"},{"time":4.8,"x":0,"y":0}],"scale":[{"time":0,"x":1,"y":1,"curve":"stepped"},{"time":2.4,"x":1,"y":1,"curve":"stepped"},{"time":4.8,"x":1,"y":1}]},"slwh_xcxiongrfoot":{"rotate":[{"time":0,"angle":0,"curve":[0.25,0,0.75,1]},{"time":1.2,"angle":1.36,"curve":[0.25,0,0.75,1]},{"time":2.4,"angle":0,"curve":[0.25,0,0.75,1]},{"time":3.6,"angle":1.36,"curve":[0.25,0,0.75,1]},{"time":4.8,"angle":0}],"translate":[{"time":0,"x":0,"y":0,"curve":"stepped"},{"time":2.4,"x":0,"y":0,"curve":"stepped"},{"time":4.8,"x":0,"y":0}],"scale":[{"time":0,"x":1,"y":1,"curve":"stepped"},{"time":2.4,"x":1,"y":1,"curve":"stepped"},{"time":4.8,"x":1,"y":1}]},"bone13":{"rotate":[{"time":0,"angle":0,"curve":[0.25,0,0.75,1]},{"time":1.2,"angle":2.64,"curve":[0.25,0,0.75,1]},{"time":2.4,"angle":0,"curve":[0.25,0,0.75,1]},{"time":3.6,"angle":2.64,"curve":[0.25,0,0.75,1]},{"time":4.8,"angle":0}],"translate":[{"time":0,"x":0,"y":0,"curve":"stepped"},{"time":2.4,"x":0,"y":0,"curve":"stepped"},{"time":4.8,"x":0,"y":0}],"scale":[{"time":0,"x":1,"y":1,"curve":"stepped"},{"time":2.4,"x":1,"y":1,"curve":"stepped"},{"time":4.8,"x":1,"y":1}]},"bone14":{"rotate":[{"time":0,"angle":0,"curve":"stepped"},{"time":2.4,"angle":0,"curve":"stepped"},{"time":4.8,"angle":0}],"translate":[{"time":0,"x":0,"y":0,"curve":"stepped"},{"time":2.4,"x":0,"y":0,"curve":"stepped"},{"time":4.8,"x":0,"y":0}],"scale":[{"time":0,"x":1,"y":1,"curve":"stepped"},{"time":2.4,"x":1,"y":1,"curve":"stepped"},{"time":4.8,"x":1,"y":1}]},"bone15":{"rotate":[{"time":0,"angle":0,"curve":"stepped"},{"time":2.4,"angle":0,"curve":"stepped"},{"time":4.8,"angle":0}],"translate":[{"time":0,"x":0,"y":0,"curve":"stepped"},{"time":2.4,"x":0,"y":0,"curve":"stepped"},{"time":4.8,"x":0,"y":0}],"scale":[{"time":0,"x":1,"y":1,"curve":"stepped"},{"time":2.4,"x":1,"y":1,"curve":"stepped"},{"time":4.8,"x":1,"y":1}]},"slwh_xcxionglfoot":{"rotate":[{"time":0,"angle":0,"curve":[0.25,0,0.75,1]},{"time":1.0333,"angle":6.67,"curve":[0.25,0,0.75,1]},{"time":2.4,"angle":0,"curve":[0.25,0,0.75,1]},{"time":3.4333,"angle":6.67,"curve":[0.25,0,0.75,1]},{"time":4.8,"angle":0}],"translate":[{"time":0,"x":0,"y":0,"curve":"stepped"},{"time":2.4,"x":0,"y":0,"curve":"stepped"},{"time":4.8,"x":0,"y":0}],"scale":[{"time":0,"x":1,"y":1,"curve":"stepped"},{"time":2.4,"x":1,"y":1,"curve":"stepped"},{"time":4.8,"x":1,"y":1}]},"bone16":{"rotate":[{"time":0,"angle":0,"curve":"stepped"},{"time":2.4,"angle":0,"curve":"stepped"},{"time":4.8,"angle":0}],"translate":[{"time":0,"x":0,"y":0,"curve":"stepped"},{"time":2.4,"x":0,"y":0,"curve":"stepped"},{"time":4.8,"x":0,"y":0}],"scale":[{"time":0,"x":1,"y":1,"curve":"stepped"},{"time":2.4,"x":1,"y":1,"curve":"stepped"},{"time":4.8,"x":1,"y":1}]},"slwh_xcxiongler":{"rotate":[{"time":0,"angle":-6.75,"curve":[0,0,0.345,0.35]},{"time":1,"angle":0,"curve":[0.25,0,0.75,1]},{"time":2.0333,"angle":-8.44,"curve":[0.25,0,1,1]},{"time":2.4,"angle":-6.75,"curve":[0,0,0.75,1]},{"time":3.4,"angle":0,"curve":[0.25,0,0.75,1]},{"time":4.4333,"angle":-8.44,"curve":[0.25,0,1,1]},{"time":4.8,"angle":-6.75}],"translate":[{"time":0,"x":0,"y":0,"curve":"stepped"},{"time":2.4,"x":0,"y":0,"curve":"stepped"},{"time":4.8,"x":0,"y":0}],"scale":[{"time":0,"x":0.979,"y":1,"curve":[0.25,0,0.75,1]},{"time":0.6,"x":0.93,"y":1,"curve":[0.25,0,0.75,1]},{"time":0.9333,"x":1.01,"y":1,"curve":[0.25,0,0.75,1]},{"time":1.3667,"x":0.943,"y":1,"curve":[0.25,0,0.75,1]},{"time":1.6667,"x":1.02,"y":1,"curve":[0.25,0,0.75,1]},{"time":2.4,"x":0.979,"y":1,"curve":[0,0,0.75,1]},{"time":3.4,"x":1,"y":1,"curve":[0.25,0,0.75,1]},{"time":4.4333,"x":0.974,"y":1,"curve":[0.25,0,1,1]},{"time":4.8,"x":0.979,"y":1}]},"slwh_xcxiongrer":{"rotate":[{"time":0,"angle":-4.99,"curve":[0,0,0.75,1]},{"time":1,"angle":0,"curve":[0.25,0,0.75,1]},{"time":2.0333,"angle":-6.24,"curve":[0.25,0,1,1]},{"time":2.4,"angle":-4.99,"curve":[0,0,0.75,1]},{"time":3.4,"angle":0,"curve":[0.25,0,0.75,1]},{"time":4.4333,"angle":-6.24,"curve":[0.25,0,1,1]},{"time":4.8,"angle":-4.99}],"translate":[{"time":0,"x":0,"y":0,"curve":"stepped"},{"time":2.4,"x":0,"y":0,"curve":"stepped"},{"time":4.8,"x":0,"y":0}],"scale":[{"time":0,"x":1.028,"y":1,"curve":[0,0,0.387,0.4]},{"time":0.6,"x":0.95,"y":1,"curve":[0.25,0,0.75,1]},{"time":0.9333,"x":1,"y":1,"curve":[0.25,0,0.75,1]},{"time":1.3667,"x":0.95,"y":1,"curve":[0.25,0,0.75,1]},{"time":1.6667,"x":1,"y":1,"curve":[0.25,0,0.75,1]},{"time":2.4,"x":1.028,"y":1,"curve":[0,0,0.75,1]},{"time":3.4,"x":1,"y":1,"curve":[0.25,0,0.75,1]},{"time":4.4333,"x":1.035,"y":1,"curve":[0.25,0,1,1]},{"time":4.8,"x":1.028,"y":1}]},"slwh_xcxiongleye1":{"rotate":[{"time":0,"angle":0,"curve":"stepped"},{"time":2.4,"angle":0,"curve":"stepped"},{"time":4.8,"angle":0}],"translate":[{"time":0,"x":0,"y":0,"curve":[0.25,0,0.75,1]},{"time":1.0333,"x":-0.61,"y":3.39,"curve":[0.25,0,0.75,1]},{"time":2.4,"x":0,"y":0,"curve":[0.25,0,0.75,1]},{"time":3.4,"x":-2.55,"y":4.79,"curve":[0.25,0,0.75,1]},{"time":4.8,"x":0,"y":0}],"scale":[{"time":0,"x":1,"y":1,"curve":"stepped"},{"time":2.4,"x":1,"y":1,"curve":[0.25,0,0.75,1]},{"time":3.4,"x":0.954,"y":0.954,"curve":[0.25,0,0.75,1]},{"time":4.8,"x":1,"y":1}]},"slwh_xcxiongreye1":{"rotate":[{"time":0,"angle":0,"curve":"stepped"},{"time":2.4,"angle":0,"curve":"stepped"},{"time":4.8,"angle":0}],"translate":[{"time":0,"x":0,"y":0,"curve":[0.25,0,0.75,1]},{"time":1.0333,"x":-0.61,"y":2.53,"curve":[0.25,0,0.75,1]},{"time":2.4,"x":0,"y":0,"curve":[0.25,0,0.75,1]},{"time":3.4,"x":-2.55,"y":3.49,"curve":[0.25,0,0.75,1]},{"time":4.8,"x":0,"y":0}],"scale":[{"time":0,"x":1,"y":1,"curve":"stepped"},{"time":2.4,"x":1,"y":1,"curve":[0.25,0,0.75,1]},{"time":3.4,"x":0.954,"y":0.954,"curve":[0.25,0,0.75,1]},{"time":4.8,"x":1,"y":1}]},"slwh_xcxiongbizi":{"rotate":[{"time":0,"angle":0,"curve":"stepped"},{"time":2.4,"angle":0,"curve":"stepped"},{"time":4.8,"angle":0}],"translate":[{"time":0,"x":0,"y":0,"curve":[0.25,0,0.75,1]},{"time":1.0333,"x":3.11,"y":0.27,"curve":[0.25,0,0.75,1]},{"time":2.4,"x":0,"y":0,"curve":[0.25,0,0.75,1]},{"time":3.4333,"x":3.11,"y":0.27,"curve":[0.25,0,0.75,1]},{"time":4.8,"x":0,"y":0}],"scale":[{"time":0,"x":1,"y":1,"curve":"stepped"},{"time":2.4,"x":1,"y":1,"curve":"stepped"},{"time":4.8,"x":1,"y":1}]},"bone17":{"rotate":[{"time":0,"angle":0,"curve":[0.25,0,0.75,1]},{"time":1.0333,"angle":6.52,"curve":[0.25,0,0.75,1]},{"time":2.4,"angle":0,"curve":[0.25,0,0.625,0.5]},{"time":3.4333,"angle":3.26,"curve":[0.25,0,0.75,1]},{"time":4.8,"angle":0}],"translate":[{"time":0,"x":0,"y":0,"curve":[0.25,0,0.75,1]},{"time":1.0333,"x":4.63,"y":3.1,"curve":[0.25,0,0.75,1]},{"time":2.4,"x":0,"y":0,"curve":[0.25,0,0.625,0.5]},{"time":3.4333,"x":2.31,"y":1.55,"curve":[0.25,0,0.75,1]},{"time":4.8,"x":0,"y":0}],"scale":[{"time":0,"x":1,"y":1,"curve":[0.25,0,0.75,1]},{"time":1.0333,"x":0.241,"y":1,"curve":[0.25,0,0.75,1]},{"time":2.4,"x":1,"y":1,"curve":[0.25,0,0.625,0.5]},{"time":3.4333,"x":0.621,"y":1,"curve":[0.25,0,0.75,1]},{"time":4.8,"x":1,"y":1}]},"bone18":{"rotate":[{"time":0,"angle":0,"curve":"stepped"},{"time":2.4,"angle":0,"curve":"stepped"},{"time":4.8,"angle":0}],"translate":[{"time":0,"x":-2.75,"y":5.78,"curve":[0,0,0.75,1]},{"time":0.8667,"x":0,"y":0,"curve":[0.25,0,0.75,1]},{"time":1.9333,"x":-3.97,"y":8.36,"curve":[0.25,0,1,1]},{"time":2.4,"x":-2.75,"y":5.78,"curve":[0,0,0.75,1]},{"time":3.2667,"x":0,"y":0,"curve":[0.25,0,0.75,1]},{"time":4.3,"x":-3.97,"y":8.36,"curve":[0.25,0,1,1]},{"time":4.8,"x":-2.75,"y":5.78}],"scale":[{"time":0,"x":1,"y":1,"curve":"stepped"},{"time":2.4,"x":1,"y":1,"curve":"stepped"},{"time":4.8,"x":1,"y":1}]},"bone19":{"rotate":[{"time":0,"angle":0,"curve":"stepped"},{"time":2.4,"angle":0,"curve":"stepped"},{"time":4.8,"angle":0}],"translate":[{"time":0,"x":0,"y":0,"curve":[0.25,0,0.75,1]},{"time":1.2,"x":-1.45,"y":6.88,"curve":[0.25,0,0.75,1]},{"time":2.4,"x":0,"y":0,"curve":[0.25,0,0.75,1]},{"time":3.6,"x":-1.45,"y":6.88,"curve":[0.25,0,0.75,1]},{"time":4.8,"x":0,"y":0}],"scale":[{"time":0,"x":1,"y":1,"curve":"stepped"},{"time":2.4,"x":1,"y":1,"curve":"stepped"},{"time":4.8,"x":1,"y":1}]},"bone20":{"rotate":[{"time":0,"angle":0,"curve":"stepped"},{"time":2.4,"angle":0,"curve":"stepped"},{"time":4.8,"angle":0}],"translate":[{"time":0,"x":-1.76,"y":-0.79,"curve":"stepped"},{"time":2.4,"x":-1.76,"y":-0.79,"curve":[0.25,0,0.75,1]},{"time":3.6,"x":-8.34,"y":-3.73,"curve":[0.25,0,0.75,1]},{"time":4.8,"x":-1.76,"y":-0.79}],"scale":[{"time":0,"x":1,"y":1,"curve":"stepped"},{"time":2.4,"x":1,"y":1,"curve":"stepped"},{"time":4.8,"x":1,"y":1}]},"bone21":{"rotate":[{"time":0,"angle":0,"curve":"stepped"},{"time":2.4,"angle":0,"curve":"stepped"},{"time":4.8,"angle":0}],"translate":[{"time":0,"x":-1.88,"y":0.42,"curve":"stepped"},{"time":2.4,"x":-1.88,"y":0.42,"curve":[0.25,0,0.75,1]},{"time":3.6,"x":-8.91,"y":2.01,"curve":[0.25,0,0.75,1]},{"time":4.8,"x":-1.88,"y":0.42}],"scale":[{"time":0,"x":1,"y":1,"curve":"stepped"},{"time":2.4,"x":1,"y":1,"curve":"stepped"},{"time":4.8,"x":1,"y":1}]},"slwh_xcxiongrhand":{"rotate":[{"time":0,"angle":-1.48,"curve":[0,0,0.75,1]},{"time":0.7333,"angle":0,"curve":[0.25,0,0.75,1]},{"time":1.7667,"angle":-2.74,"curve":[0.25,0,1,1]},{"time":2.4,"angle":-1.48,"curve":[0,0,0.75,1]},{"time":3.1,"angle":0,"curve":[0.25,0,0.75,1]},{"time":4.1667,"angle":-2.74,"curve":[0.25,0,1,1]},{"time":4.8,"angle":-1.48}],"translate":[{"time":0,"x":-2.95,"y":0.08,"curve":[0,0,0.75,1]},{"time":0.7333,"x":0,"y":0,"curve":[0.25,0,0.75,1]},{"time":1.7667,"x":-5.48,"y":0.15,"curve":[0.25,0,1,1]},{"time":2.4,"x":-2.95,"y":0.08,"curve":[0,0,0.75,1]},{"time":3.1,"x":0,"y":0,"curve":[0.25,0,0.75,1]},{"time":4.1667,"x":-5.48,"y":0.15,"curve":[0.25,0,1,1]},{"time":4.8,"x":-2.95,"y":0.08}],"scale":[{"time":0,"x":1,"y":1,"curve":"stepped"},{"time":2.4,"x":1,"y":1,"curve":"stepped"},{"time":4.8,"x":1,"y":1}]},"bone7":{"rotate":[{"time":0,"angle":0.91,"curve":[0,0,0.75,1]},{"time":0.8,"angle":0,"curve":[0.25,0,0.75,1]},{"time":1.8333,"angle":1.47,"curve":[0.25,0,1,1]},{"time":2.4,"angle":0.91,"curve":[0,0,0.75,1]},{"time":3.2,"angle":0,"curve":[0.25,0,0.75,1]},{"time":4.2333,"angle":1.47,"curve":[0.25,0,1,1]},{"time":4.8,"angle":0.91}],"translate":[{"time":0,"x":0,"y":0,"curve":"stepped"},{"time":2.4,"x":0,"y":0,"curve":"stepped"},{"time":4.8,"x":0,"y":0}],"scale":[{"time":0,"x":1,"y":1,"curve":"stepped"},{"time":2.4,"x":1,"y":1,"curve":"stepped"},{"time":4.8,"x":1,"y":1}]}},"deform":{"default":{"slwh_xcxiongbizi":{"slwh_xcxiongbizi":[{"time":0,"curve":[0.25,0,0.75,1]},{"time":1.0333,"vertices":[-0.38947,3.57664,-0.57078,5.24163,-0.38947,3.57664,-0.38947,3.57664,-0.38947,3.57664,-0.66264,6.08528,-0.38947,3.57664,-0.38947,3.57664,-0.38947,3.57664,-0.38947,3.57664,-0.14241,6.10465,-0.5724,5.25647,-0.12332,5.2861],"curve":[0.25,0,0.75,1]},{"time":2.4,"curve":[0.25,0,0.75,1]},{"time":3.4333,"vertices":[-0.38947,3.57664,-0.57078,5.24163,-0.38947,3.57664,-0.38947,3.57664,-0.38947,3.57664,-0.66264,6.08528,-0.38947,3.57664,-0.38947,3.57664,-0.38947,3.57664,-0.38947,3.57664,-0.14241,6.10465,-0.5724,5.25647,-0.12332,5.2861],"curve":[0.25,0,0.75,1]},{"time":4.8}]},"slwh_xcxiongbody":{"slwh_xcxiongbody":[{"time":0,"curve":[0.25,0,0.75,1]},{"time":1.0333,"offset":86,"vertices":[-0.37514,-3.17133,-3.0503,0.94536,-0.29604,0.54348,-0.46563,0.40768,0.75547,0.44589,0.61738,0.6232,1.93236,-2.10944,-2.42553,-1.51671,1.36275,2.51525,-2.05397,-2.6747,-2.2568,2.50594,-0.79589,-3.2336,0.37061,-3.30941,-0.05257,-0.61672,0.1638,-0.5969,-0.5489,0.28604,0.59001,-0.20705,-0.31084,-0.54255,0.00302,0.62528,0.63234,3.20388,-0.51386,3.22502,1.35871,-2.33249,1.90682,-1.91072,0.46206,-0.56067,0.58936,-0.42487,-0.72528,0.0428,0.68671,2.64982,-0.00911,2.7373],"curve":[0.25,0,0.75,1]},{"time":2.4,"curve":[0.25,0,0.75,1]},{"time":3.4333,"offset":86,"vertices":[-0.37514,-3.17133,-3.0503,0.94536,-0.29604,0.54348,-0.46563,0.40768,0.75547,0.44589,0.61738,0.6232,1.93236,-2.10944,-2.42553,-1.51671,1.36275,2.51525,-2.05397,-2.6747,-2.2568,2.50594,-0.79589,-3.2336,0.37061,-3.30941,-0.05257,-0.61672,0.1638,-0.5969,-0.5489,0.28604,0.59001,-0.20705,-0.31084,-0.54255,0.00302,0.62528,0.63234,3.20388,-0.51386,3.22502,1.35871,-2.33249,1.90682,-1.91072,0.46206,-0.56067,0.58936,-0.42487,-0.72528,0.0428,0.68671,2.64982,-0.00911,2.7373],"curve":[0.25,0,0.75,1]},{"time":4.8}]},"slwh_xcxionghead":{"slwh_xcxionghead":[{"time":0,"curve":[0.25,0,0.75,1]},{"time":1.0333,"vertices":[0.03271,-0.30075,0.03269,-0.30077,0.03271,-0.30075,0.03269,-0.30077,0.03271,-0.30075,-0.28271,2.5961,-0.37555,3.44874,-0.37555,3.44874,-0.4065,3.73297,-0.37555,3.44874,-0.28271,2.5961,-0.28276,2.59605,0.15472,-1.42109,0.15472,-1.4211,0.15472,-1.42109,0.15472,-1.4211,0.15472,-1.42109,0.15472,-1.42109,-0.12799,1.17501,0.53302,1.05487,-0.64464,-1.27592,-0.28271,2.5961,1.17766,2.33079,-0.4065,3.73297,1.69334,3.35148,-0.2225,2.04293,0.15305,-1.40581,0.03271,-0.30075,-0.4065,3.73297,1.15504,3.57304,-1.21721,3.55242,-0.37555,3.44874,1.06711,3.30099,-0.37555,3.44874,1.06711,3.30099,-0.28271,2.5961,-0.28271,2.5961,-0.84648,2.47054,0,0,-0.4065,3.73297,-0.29726,3.24248,-0.37555,3.44874,-0.27463,2.9956,-0.37555,3.44874,-0.27463,2.9956,-0.37555,3.44874,-0.27463,2.9956,-0.4065,3.73297,-0.29726,3.24248,-0.37555,3.44874,-0.27463,2.9956,-0.37555,3.44874,-0.27463,2.9956,-0.37555,3.44874,-0.27463,2.9956,-0.37555,3.44874,-0.37562,3.44875,-0.28271,2.5961,-0.28275,2.5961,-0.28271,2.5961,-0.28276,2.59605,0,0,0,0,-0.4065,3.73297,-0.29726,3.24248,-0.37555,3.44874,-0.27463,2.9956,-0.28271,2.5961,-0.28276,2.59605,-0.20673,2.25499,-0.37555,3.44874,-0.27463,2.9956,-0.37555,3.44874,-0.27463,2.9956,-0.37562,3.44875,-0.28271,2.5961,-0.20673,2.25499,-0.28275,2.5961],"curve":[0.25,0,0.75,1]},{"time":2.4,"curve":[0.25,0,0.75,1]},{"time":3.4333,"vertices":[0.03271,-0.30075,0.03269,-0.30077,0.03271,-0.30075,0.03269,-0.30077,0.03271,-0.30075,-0.28271,2.5961,-0.37555,3.44874,-0.37555,3.44874,-0.4065,3.73297,-0.37555,3.44874,-0.28271,2.5961,-0.28276,2.59605,0.15472,-1.42109,0.15472,-1.4211,0.15472,-1.42109,0.15472,-1.4211,0.15472,-1.42109,0.15472,-1.42109,-0.12799,1.17501,0.53302,1.05487,-0.64464,-1.27592,-0.28271,2.5961,1.17766,2.33079,-0.4065,3.73297,1.69334,3.35148,-0.2225,2.04293,0.15305,-1.40581,0.03271,-0.30075,-0.4065,3.73297,1.15504,3.57304,-1.21721,3.55242,-0.37555,3.44874,1.06711,3.30099,-0.37555,3.44874,1.06711,3.30099,-0.28271,2.5961,-0.28271,2.5961,-0.84648,2.47054,0,0,-0.4065,3.73297,-0.29726,3.24248,-0.37555,3.44874,-0.27463,2.9956,-0.37555,3.44874,-0.27463,2.9956,-0.37555,3.44874,-0.27463,2.9956,-0.4065,3.73297,-0.29726,3.24248,-0.37555,3.44874,-0.27463,2.9956,-0.37555,3.44874,-0.27463,2.9956,-0.37555,3.44874,-0.27463,2.9956,-0.37555,3.44874,-0.37562,3.44875,-0.28271,2.5961,-0.28275,2.5961,-0.28271,2.5961,-0.28276,2.59605,0,0,0,0,-0.4065,3.73297,-0.29726,3.24248,-0.37555,3.44874,-0.27463,2.9956,-0.28271,2.5961,-0.28276,2.59605,-0.20673,2.25499,-0.37555,3.44874,-0.27463,2.9956,-0.37555,3.44874,-0.27463,2.9956,-0.37562,3.44875,-0.28271,2.5961,-0.20673,2.25499,-0.28275,2.5961],"curve":[0.25,0,0.75,1]},{"time":4.8}]},"slwh_xcxiongler":{"slwh_xcxiongler":[{"time":0,"curve":[0.25,0,0.75,1]},{"time":1.0333,"vertices":[-0.24876,2.24622,-1.29495,1.92458,0,0,0,0,0,0,0,0,-0.24627,2.30622],"curve":[0.25,0,0.75,1]},{"time":2.4,"curve":[0.25,0,0.75,1]},{"time":3.4333,"vertices":[-0.27997,2.62142,-1.29495,1.92458,0,0,0,0,0,0,0,0,-0.24627,2.30622],"curve":[0.25,0,0.75,1]},{"time":4.8}]},"slwh_xcxiongrer":{"slwh_xcxiongrer":[{"time":0,"curve":[0.25,0,0.75,1]},{"time":1.0333,"offset":4,"vertices":[-1.69467,-1.59975,0.24846,-2.31781,-1.69467,-1.59975],"curve":[0.25,0,0.75,1]},{"time":2.4,"curve":[0.25,0,0.75,1]},{"time":3.4333,"offset":4,"vertices":[-1.69467,-1.59975,0.24846,-2.31781,-1.69467,-1.59975],"curve":[0.25,0,0.75,1]},{"time":4.8}]}}}}}}