{"skeleton":{"hash":"SBsEJfCQ8rlV94ZjnuX57gbghxM","spine":"3.6.37","width":329,"height":411.2,"images":"./slwh_zjxc_images/"},"bones":[{"name":"root"},{"name":"hip","parent":"root"},{"name":"IK_jiao_you","parent":"hip","rotation":-71.06,"x":40.48,"y":-67.7,"color":"ff3f00ff"},{"name":"IK_jiao_zuo","parent":"hip","rotation":-50.6,"x":-29.5,"y":-62.89,"color":"ff3f00ff"},{"name":"slwh_xcshizibody","parent":"hip","x":-6.09,"y":-23.34},{"name":"slwh_xcshiziweiba","parent":"slwh_xcshizibody","length":28.76,"rotation":-44.53,"x":34.54,"y":-4.16},{"name":"bone","parent":"slwh_xcshiziweiba","length":17.94,"rotation":32.98,"x":28.56,"y":0.09},{"name":"bone2","parent":"slwh_xcshizibody","length":28.9,"rotation":-137.73,"x":-16.8,"y":-2.12},{"name":"bone3","parent":"bone2","length":23.48,"rotation":87.13,"x":28.9},{"name":"bone4","parent":"slwh_xcshizibody","length":21.04,"rotation":-47.76,"x":22.77,"y":-0.62},{"name":"bone5","parent":"bone4","length":29.69,"rotation":-23.3,"x":21.04},{"name":"bone6","parent":"slwh_xcshizibody","length":20.35,"rotation":69.78,"x":-0.18,"y":12.7},{"name":"bone7","parent":"bone6","length":20.98,"rotation":10.85,"x":20.35},{"name":"bone8","parent":"bone7","length":16.28,"rotation":9.37,"x":20.98},{"name":"bone9","parent":"bone","length":15.95,"rotation":75.79,"x":17.91,"y":0.12},{"name":"bone10","parent":"bone9","length":16.07,"rotation":26.2,"x":15.95},{"name":"bone11","parent":"bone10","length":15.69,"rotation":-57.91,"x":16.07},{"name":"slwh_xcshizilshoubi","parent":"bone8","length":20.26,"rotation":-59.51,"x":-16.36,"y":-28.29},{"name":"bone17","parent":"slwh_xcshizilshoubi","length":14.76,"rotation":8.64,"x":20.26},{"name":"slwh_xcshizilhand","parent":"bone17","length":16.02,"rotation":5.11,"x":14.58,"y":0.16},{"name":"bone18","parent":"slwh_xcshizilhand","length":15.02,"rotation":15.7,"x":14.84,"y":8.1},{"name":"bone19","parent":"bone18","length":13.4,"rotation":16.03,"x":15.02},{"name":"bone20","parent":"slwh_xcshizilhand","length":15.43,"rotation":-28.81,"x":21.47,"y":-17.21},{"name":"bone21","parent":"bone20","length":13.34,"rotation":20.71,"x":15.43},{"name":"bone22","parent":"slwh_xcshizilhand","length":10.36,"rotation":4.75,"x":24.46,"y":-5.2},{"name":"slwh_xcshizilyifu","parent":"bone8","length":28.61,"rotation":170.19,"x":16.42,"y":-25.93},{"name":"bone23","parent":"slwh_xcshizilyifu","length":20.46,"rotation":19.96,"x":28.61},{"name":"slwh_xcshiziryifu","parent":"bone8","length":25.18,"rotation":166.43,"x":8.2,"y":30.71},{"name":"bone24","parent":"slwh_xcshiziryifu","length":20.59,"rotation":-10.63,"x":25.18},{"name":"slwh_xcshizirhand","parent":"bone8","length":20.8,"rotation":130.48,"x":1.66,"y":35.78},{"name":"bone25","parent":"slwh_xcshizirhand","length":20.43,"rotation":-2.19,"x":20.8},{"name":"bone26","parent":"bone25","length":15.34,"rotation":-6.79,"x":20.43},{"name":"slwh_xcshizimz4","parent":"bone26","length":11.5,"rotation":-56.81,"x":16.77,"y":-11.13},{"name":"bone27","parent":"slwh_xcshizimz4","length":12.61,"rotation":-14.83,"x":11.5},{"name":"slwh_xcshiziheadmao","parent":"bone8","length":149.85,"rotation":0.68,"x":15.92,"y":0.2},{"name":"slwh_xcshizihead","parent":"slwh_xcshiziheadmao","length":55.25,"rotation":5.33,"x":0.79,"y":6.27},{"name":"bone28","parent":"slwh_xcshizihead","length":20.49,"rotation":-45.16,"x":77.88,"y":-66.16},{"name":"bone29","parent":"bone28","length":17.94,"rotation":-12.52,"x":20.49},{"name":"slwh_xcshizirear","parent":"slwh_xcshizihead","length":20.02,"rotation":23.17,"x":94.44,"y":23.86},{"name":"bone30","parent":"slwh_xcshizirear","length":17.12,"rotation":9.36,"x":20.02},{"name":"bone31","parent":"bone30","length":13.2,"rotation":10.64,"x":17.12},{"name":"slwh_xcshizileye2","parent":"slwh_xcshizihead","length":17.37,"rotation":-93.62,"x":60.37,"y":-25.01},{"name":"slwh_xcshizileye1","parent":"slwh_xcshizileye2","length":9.24,"rotation":-17.51,"x":0.98,"y":-1.62},{"name":"slwh_xcshizilfoot","parent":"bone5","length":34.94,"rotation":-22.97,"x":29.69},{"name":"slwh_xcshizimaike","parent":"bone26","length":51.15,"rotation":-104.56,"x":9.96,"y":-3.52},{"name":"slwh_xcshizimz1","parent":"bone26","length":9.18,"rotation":-89.12,"x":-2.92,"y":-5.27},{"name":"slwh_xcshizimz2","parent":"bone26","length":14.57,"rotation":-155.4,"x":25.91,"y":16.08},{"name":"slwh_xcshizimz3","parent":"bone26","length":14.44,"rotation":-168.63,"x":33.94,"y":-1.92},{"name":"slwh_xcshizireye2","parent":"slwh_xcshizihead","length":15.01,"rotation":78.46,"x":72.04,"y":28.28},{"name":"slwh_xcshizireye1","parent":"slwh_xcshizireye2","length":10.26,"rotation":14.99,"x":-1.12,"y":2.15},{"name":"slwh_xcshizirfoot","parent":"bone3","length":29.22,"rotation":-79.67,"x":23.22,"y":-0.14}],"slots":[{"name":"slwh_xcshiziyy","bone":"hip","attachment":"slwh_xcshiziyy"},{"name":"slwh_xcshiziweiba","bone":"slwh_xcshiziweiba","attachment":"slwh_xcshiziweiba"},{"name":"slwh_xcshizirhand","bone":"slwh_xcshizirhand","attachment":"slwh_xcshizirhand"},{"name":"slwh_xcshizilshoubi","bone":"slwh_xcshizilshoubi","attachment":"slwh_xcshizilshoubi"},{"name":"slwh_xcshizibody","bone":"slwh_xcshizibody","attachment":"slwh_xcshizibody"},{"name":"slwh_xcshizilyifu","bone":"slwh_xcshizilyifu","attachment":"slwh_xcshizilyifu"},{"name":"slwh_xcshiziryifu","bone":"slwh_xcshiziryifu","attachment":"slwh_xcshiziryifu"},{"name":"slwh_xcshiziheadmao","bone":"slwh_xcshiziheadmao","attachment":"slwh_xcshiziheadmao"},{"name":"slwh_xcshizirear","bone":"slwh_xcshizirear","attachment":"slwh_xcshizirear"},{"name":"slwh_xcshizileye2","bone":"slwh_xcshizileye2","attachment":"slwh_xcshizileye2"},{"name":"slwh_xcshizileye1","bone":"slwh_xcshizileye1","attachment":"slwh_xcshizileye1"},{"name":"slwh_xcshizireye2","bone":"slwh_xcshizireye2","attachment":"slwh_xcshizireye2"},{"name":"slwh_xcshizireye1","bone":"slwh_xcshizireye1","attachment":"slwh_xcshizireye1"},{"name":"slwh_xcshizihead","bone":"slwh_xcshizihead","attachment":"slwh_xcshizihead"},{"name":"slwh_xcshizilhand","bone":"slwh_xcshizilhand","attachment":"slwh_xcshizilhand"},{"name":"slwh_xcshizimz4","bone":"slwh_xcshizimz4","attachment":"slwh_xcshizimz4"},{"name":"slwh_xcshizimaike","bone":"slwh_xcshizimaike","attachment":"slwh_xcshizimaike"},{"name":"slwh_xcshizimz3","bone":"slwh_xcshizimz3","attachment":"slwh_xcshizimz3"},{"name":"slwh_xcshizimz2","bone":"slwh_xcshizimz2","attachment":"slwh_xcshizimz2"},{"name":"slwh_xcshizimz1","bone":"slwh_xcshizimz1","attachment":"slwh_xcshizimz1"},{"name":"slwh_zjxcttextdb","bone":"hip","attachment":"slwh_zjxcttextdb"},{"name":"slwh_zjxcttext","bone":"hip","attachment":"slwh_zjxcttext"}],"ik":[{"name":"IK_jiao_you2","order":1,"bones":["bone4","bone5"],"target":"IK_jiao_you","bendPositive":false},{"name":"IK_jiao_zuo2","order":0,"bones":["bone2","bone3"],"target":"IK_jiao_zuo"}],"skins":{"default":{"slwh_xcshizibody":{"slwh_xcshizibody":{"type":"mesh","uvs":[0.31116,0.0145,0.52637,0,0.80476,0,0.92261,0.1689,0.96702,0.41176,0.98373,0.61903,0.99089,0.75886,0.99999,0.95474,0.90431,1,0.69887,1,0.62183,0.88761,0.52883,0.81036,0.45046,0.78908,0.34915,0.81054,0.35972,0.88343,0.28051,0.95694,0.1472,0.98593,0.05838,0.92964,0,0.81384,0.00202,0.71413,0.09254,0.53721,0.13866,0.33617,0.18799,0.1968,0.22064,0.10457,0.45634,0.47448,0.48151,0.30394,0.12406,0.7661,0.30175,0.61034,0.28484,0.48446,0.30881,0.30852,0.45943,0.64349,0.67967,0.62795,0.81019,0.76086,0.69973,0.52724,0.73455,0.34313,0.30993,0.16836,0.50382,0.15276,0.76793,0.17998],"triangles":[36,0,1,35,23,0,35,0,36,37,1,2,37,2,3,36,1,37,22,23,35,29,35,25,21,22,29,34,36,37,34,37,3,4,34,3,25,36,34,25,35,36,29,22,35,20,21,28,33,24,34,33,34,4,24,29,25,24,25,34,28,21,29,28,29,24,32,5,6,32,10,31,9,10,32,7,32,6,9,32,8,7,8,32,32,31,5,10,11,31,33,4,5,18,19,26,17,18,26,15,26,13,15,13,14,15,16,26,16,17,26,30,13,27,26,20,27,19,20,26,13,26,27,12,30,11,27,28,24,20,28,27,31,24,33,31,33,5,30,24,31,27,24,30,11,30,31,30,12,13],"vertices":[1,13,16.11,28.02,1,4,7,-66.04,-37.9,0.00138,11,56.42,13.59,0.00368,12,37.99,6.56,0.00786,13,17.85,3.7,0.98708,2,11,67.3,-15.92,6.0E-5,13,17.85,-27.76,0.99994,2,12,25.28,-40.92,0.57911,13,-2.42,-41.07,0.42089,4,10,-28.82,30.45,0.01153,11,27.27,-50.21,0.45933,12,-2.65,-50.62,0.44193,13,-31.56,-46.09,0.08721,6,4,58.25,-3.94,0.3244,9,26.31,24.05,0.36275,10,-4.68,24.17,0.18746,11,4.59,-60.58,0.08275,12,-26.89,-56.53,0.04219,13,-56.44,-47.98,4.5E-4,5,4,59.06,-20.72,0.13444,9,39.28,13.37,0.3012,10,11.46,19.49,0.55657,43,-24.39,10.83,0.00527,12,-43.31,-60.06,0.00252,2,10,34.03,12.83,0.48114,43,-1.02,13.51,0.51886,2,10,35.66,0.84,0.592,43,5.16,3.1,0.408,3,8,62.49,31.81,1.0E-5,10,28.12,-21.12,0.71149,43,6.8,-20.05,0.2885,5,4,17.36,-36.17,0.1464,7,-2.37,48.17,0.0077,8,46.54,33.64,0.00394,9,22.68,-27.9,0.31649,10,12.54,-24.97,0.52546,4,4,6.85,-26.9,0.27468,7,-0.83,34.24,0.14016,9,8.75,-29.45,0.34669,10,0.36,-31.91,0.23847,5,4,-2.01,-24.35,0.30703,7,4.01,26.39,0.22629,8,25.11,26.19,0.15238,9,0.91,-34.29,0.31284,43,-16.48,-49.84,0.00146,3,4,-13.46,-26.92,0.15741,7,14.21,20.6,0.36409,8,19.83,15.7,0.47849,5,4,-12.26,-35.67,0.03296,8,27.35,11.08,0.6764,50,-10.29,6.07,0.288,9,2.4,-49.49,0.00221,10,2.45,-52.83,4.3E-4,3,4,-21.21,-44.49,6.0E-5,8,28.49,-1.44,0.63994,50,2.23,4.95,0.36,2,8,21.61,-15.29,0.70287,50,14.62,-4.3,0.29713,2,8,10.02,-18.76,0.87211,50,15.95,-16.32,0.12789,3,7,43.67,-5.65,0.16285,8,-4.9,-15.03,0.74997,50,9.61,-30.34,0.08718,5,4,-52.68,-15.35,0.16008,7,35.45,-14.35,0.52462,8,-14,-7.26,0.30942,50,0.34,-37.9,0.00509,11,-44.47,39.57,7.8E-4,6,4,-42.45,5.88,0.34295,7,13.6,-23.18,0.35467,8,-23.92,14.12,0.096,11,-21.01,37.31,0.11997,12,-33.6,44.43,0.086,13,-46.62,52.72,4.2E-4,3,11,3.43,40.76,0.49527,12,-8.95,43.22,0.40205,13,-22.49,47.51,0.10268,2,12,8.46,40.44,0.52717,13,-5.77,41.94,0.47283,1,13,5.3,38.25,1,6,4,-1.34,13.41,0.31528,7,-21.88,-1.09,0.15205,9,-26.59,-8.42,0.19832,11,0.26,1.34,0.26585,12,-19.48,5.09,0.06849,13,-39.09,11.62,2.0E-5,4,7,-37.75,-14.32,0.01578,11,20.45,5.74,0.45633,12,1.18,5.62,0.4159,13,-18.63,8.77,0.112,5,4,-38.89,-21.59,0.08674,7,29.44,-0.46,0.5175,8,-0.43,-0.56,0.39505,50,-3.82,-23.35,7.1E-4,11,-45.56,24.47,1.0E-5,6,4,-18.81,-2.9,0.38044,7,2.01,-0.78,0.41099,8,-2.13,26.82,0.208,11,-21.07,12.09,5.4E-4,12,-38.41,19.68,2.0E-5,13,-55.39,29.08,0,6,4,-20.72,12.21,0.42349,7,-6.74,-13.25,0.2605,8,-15.01,34.93,0.096,11,-7.56,19.11,0.16928,12,-23.81,24.02,0.04858,13,-40.29,30.99,0.00215,3,11,13.19,23.86,0.48681,12,-2.54,24.79,0.43022,13,-19.17,28.29,0.08296,5,4,-0.99,-6.88,0.37286,7,-8.5,14.15,0.24477,8,12.25,38.06,0.08999,9,-11.34,-21.79,0.28782,10,-21.12,-32.83,0.00456,5,4,23.89,-5.01,0.41992,8,26.61,58.47,6.0E-5,9,4.01,-2.11,0.26621,10,-14.81,-8.68,0.31381,43,-37.59,-25.36,0,4,4,38.64,-20.96,0.18253,9,25.73,-1.91,0.264,10,5.06,0.1,0.55347,12,-46.87,-39.95,1.0E-5,6,4,26.16,7.07,0.35945,9,-3.42,7.69,0.38321,10,-25.51,-2.61,0.104,11,3.83,-26.66,0.10859,12,-21.24,-23.07,0.04455,13,-45.42,-15.89,2.1E-4,3,11,25.92,-22.71,0.42402,12,1.2,-23.36,0.48585,13,-23.33,-19.82,0.09013,2,12,14.07,27.4,0.52334,13,-2.36,28.16,0.47666,3,7,-51.82,-26.05,0.01044,12,19.49,6.09,0.44789,13,-0.48,6.25,0.54167,2,12,21.13,-23.89,0.49047,13,-3.75,-23.59,0.50953],"hull":24,"edges":[0,2,2,4,4,6,6,8,8,10,10,12,12,14,14,16,16,18,18,20,20,22,22,24,24,26,26,28,28,30,30,32,32,34,34,36,36,38,38,40,40,42,0,46,50,48,30,52,52,54,40,56,56,48,54,56,42,58,58,50,56,58,24,60,60,48,54,60,54,40,60,62,62,10,16,64,64,62,10,66,66,48,62,66,8,68,68,50,66,68,38,52,52,26,20,64,64,12,54,26,62,22,42,44,44,46,0,70,70,58,44,70,2,72,72,50,70,72,4,74,74,68,72,74,74,6],"width":113,"height":120}},"slwh_xcshizihead":{"slwh_xcshizihead":{"type":"mesh","uvs":[0.36477,0,0.63235,0.06932,0.76296,0.00909,0.89291,0.00666,0.98611,0.10398,1,0.30145,0.94989,0.42373,0.84554,0.49577,0.83257,0.67821,0.73047,0.86492,0.53811,0.97713,0.38026,1,0.28061,0.9863,0.18358,0.9413,0.00746,0.7732,0,0.57399,0.02008,0.35959,0.07942,0.16496,0.24992,0.02523,0.24629,0.77642,0.28341,0.35297,0.25197,0.56918,0.51703,0.6114,0.56231,0.37403,0.74603,0.31892,0.83854,0.20833,0.50916,0.80879],"triangles":[25,2,3,25,3,4,25,4,5,6,25,5,24,25,6,1,2,25,24,1,25,20,18,0,23,20,0,1,23,0,17,18,20,16,17,20,24,23,1,7,24,6,23,24,7,21,16,20,15,16,21,22,20,23,22,23,7,21,20,22,8,22,7,14,15,21,19,14,21,19,21,22,26,19,22,9,26,22,8,9,22,13,14,19,10,26,9,11,12,19,26,11,19,13,19,12,10,11,26],"vertices":[1,35,128.26,-6.39,1,3,35,114.59,-47.46,0.73559,36,12.62,39.21,0.22879,37,-16.19,36.57,0.03562,3,35,120.45,-68.83,0.22005,36,31.91,28.3,0.31229,37,5.01,30.1,0.46766,3,35,118.63,-89.28,3.1E-4,36,45.13,12.58,0.02405,37,21.32,17.63,0.97564,2,36,44.31,-7.07,0.00231,37,24.79,-1.73,0.99769,2,36,25.18,-25.48,0.26019,37,10.1,-23.85,0.73981,3,35,62.1,-92.39,0.11539,36,7.48,-29.69,0.45576,37,-6.27,-31.8,0.42885,3,35,54.23,-74.98,0.74017,36,-10.42,-22.99,0.25474,37,-25.19,-29.15,0.00509,1,35,30.13,-70.38,1,1,35,6.94,-51.72,1,1,35,-4.83,-19.92,1,1,35,-5.27,5.2,1,1,35,-1.8,20.67,1,1,35,5.81,35.29,1,1,35,31.12,60.6,1,2,35,57.79,58.98,0.9984,36,-102.9,73.98,0.0016,2,35,86.03,52.82,0.96214,36,-78.62,89.66,0.03786,1,35,110.99,40.76,1,1,35,126.79,12.01,1,1,35,26.74,23.12,1,1,35,82.56,11.35,1,2,35,54.27,19.32,0.9992,36,-77.27,43.52,8.0E-4,1,35,44.25,-21.74,1,1,35,75.14,-32.18,1,2,35,79.44,-61.82,0.7786,36,-1.97,4.16,0.2214,3,35,92.65,-77.91,0.15615,36,18.75,2.18,0.4996,37,-2.18,1.75,0.34425,1,35,18.08,-17.73,1],"hull":19,"edges":[0,2,2,4,8,10,10,12,14,16,16,18,18,20,20,22,26,28,28,30,30,32,40,0,38,42,42,40,30,42,42,44,44,16,44,46,46,2,2,48,48,14,48,50,50,8,4,50,50,12,32,40,40,46,46,14,28,38,20,52,52,44,38,52,52,18,36,0,32,34,34,36,12,14,4,6,6,8,22,24,24,26,38,24],"width":158,"height":134}},"slwh_xcshiziheadmao":{"slwh_xcshiziheadmao":{"type":"mesh","uvs":[0.2084,0.11477,0.45918,0.02869,0.89298,0.15612,0.99559,0.61271,0.96849,0.67307,0.66516,0.8972,0.41423,1,0.33067,0.99804,0.14022,0.8048,0.01148,0.62156,0,0.51333,0.06927,0.32596,0.19723,0.35434,0.32556,0.22146,0.48271,0.20026,0.66106,0.28867,0.76099,0.52008,0.70238,0.69759,0.58048,0.78626,0.44677,0.83009,0.21449,0.73035,0.17044,0.51896,0.34144,0.81597,0.16885,0.61957,0.92891,0.58775,0.91519,0.64053,0.63909,0.86389],"triangles":[15,14,1,13,0,1,14,13,1,2,15,1,12,11,0,13,12,0,21,11,12,10,11,21,16,15,2,3,24,2,16,2,24,21,9,10,23,9,21,25,16,24,25,24,3,4,25,3,15,16,21,17,16,25,12,15,21,22,23,21,22,20,23,12,13,14,12,14,15,21,16,18,17,18,16,8,9,23,8,23,20,22,21,19,18,19,21,26,18,17,26,17,25,5,26,25,5,25,4,22,8,20,6,7,22,7,8,22,19,6,22,26,6,19,26,19,18,6,26,5],"vertices":[141.41,55.18,158.18,3.06,131.38,-86.42,38.91,-106.57,26.78,-100.82,-17.75,-37.5,-37.91,14.68,-37.3,31.97,2.2,70.93,39.52,97.14,61.41,99.26,99.09,84.48,93.04,58.06,119.57,31.18,123.47,-1.4,105.18,-38.1,58.19,-58.24,22.48,-45.68,4.87,-20.24,-3.66,7.54,17.05,55.38,59.86,64,-0.55,29.31,39.54,64.57,44.11,-92.83,33.48,-89.87,-10.96,-32.18],"hull":12,"edges":[0,2,2,4,4,6,6,8,8,10,10,12,12,14,14,16,16,18,18,20,20,22,0,22,22,24,24,26,26,28,28,30,30,32,32,34,34,36,36,38,42,24,0,26,12,38,38,44,44,40,14,44,16,40,40,46,46,42,18,46,20,42,6,48,48,32,8,50,50,34,48,50,10,52,52,36,50,52,52,12,2,28,4,48,30,4],"width":207,"height":202}},"slwh_xcshizileye1":{"slwh_xcshizileye1":{"x":1,"y":2.04,"rotation":15.12,"width":32,"height":31}},"slwh_xcshizileye2":{"slwh_xcshizileye2":{"x":1.74,"y":-0.02,"rotation":-2.39,"width":44,"height":43}},"slwh_xcshizilhand":{"slwh_xcshizilhand":{"type":"mesh","uvs":[0,0.55297,0.10759,0.38009,0.18243,0.1829,0.29287,0.01844,0.57275,0,0.51756,0.32476,0.67919,0.37317,0.74029,0.5207,0.99606,0.51378,0.98469,0.74198,0.8684,0.86604,0.64371,0.89412,0.48603,0.99539,0.30864,0.99999,0.20614,0.91717,0.05635,0.91025,0,0.7927,0.38551,0.64748,0.50602,0.75336,0.3112,0.57568,0.34609,0.32938,0.79153,0.71202,0.22558,0.49343,0.58914,0.83331,0.43058,0.42315,0.52869,0.51442,0.6469,0.62519],"triangles":[24,20,5,25,5,6,24,5,25,25,6,7,19,24,25,26,25,7,18,17,25,18,25,26,17,19,25,26,7,21,21,7,8,9,21,8,10,21,9,23,18,26,23,26,21,11,23,21,10,11,21,4,20,3,20,2,3,4,5,20,22,1,20,22,20,24,1,2,20,19,22,24,12,18,23,18,13,14,19,0,22,19,16,0,14,17,18,19,17,14,0,1,22,12,13,18,12,23,11,16,14,15,19,14,16],"vertices":[4,18,15.25,20.21,0.16221,19,2.45,19.91,0.78863,20,-8.74,14.72,0.04916,22,-34.56,23.35,0,5,18,27.44,23.44,0.07139,19,14.88,22.04,0.48075,20,3.81,13.41,0.40911,21,-7.07,15.98,0.03875,22,-24.69,31.21,0,3,20,16.46,14.77,0.5408,21,5.47,13.8,0.4592,22,-16.61,41.05,0,2,20,28.68,13.04,0.24748,21,16.73,8.76,0.75252,1,21,22.47,-9.71,1,3,20,20.81,-9.44,0.11019,21,2.96,-10.67,0.31926,24,13.74,8.74,0.57055,4,20,23.92,-20.52,0.00816,21,2.89,-22.18,0.00528,23,5.61,20.46,0.02915,24,18.9,-1.55,0.95742,3,22,15.19,11.61,0.20263,23,3.88,10.94,0.363,24,15.1,-10.45,0.43437,1,23,18.37,0.86,1,2,22,27.98,-5.46,0.00208,23,9.8,-9.55,0.99792,2,22,18.29,-10.39,0.38252,23,-1,-10.73,0.61748,3,18,37,-23.43,0.03392,19,20.23,-25.5,0.51257,22,2.91,-7.86,0.45351,3,18,24.79,-21.2,0.21249,19,8.27,-22.19,0.72338,22,-9.17,-10.73,0.06413,2,18,15.12,-13.69,0.53385,19,-0.69,-13.84,0.46615,2,18,12.72,-5.43,0.61928,19,-2.35,-5.41,0.38072,3,18,4.96,1.41,0.67081,19,-9.47,2.09,0.32919,22,-36.41,2,0,3,18,6.32,9.24,0.66227,19,-7.42,9.77,0.33773,22,-38.32,9.72,0,4,18,32.36,-0.9,0.07728,19,17.62,-2.64,0.51795,20,-0.24,-11.09,0.19996,24,-6.61,3.12,0.20481,4,18,34.87,-10.99,0.0291,19,19.22,-12.92,0.49252,22,-4.04,2.67,0.37701,24,-5.87,-7.26,0.10136,4,18,31.06,5.62,0.16476,19,16.9,3.97,0.58584,20,0.86,-4.53,0.15217,24,-6.78,9.77,0.09722,3,20,14.64,0.67,0.6285,21,-0.17,0.74,0.3715,22,-8.03,29.72,0,2,22,15.6,-0.22,0.42932,23,0.08,-0.26,0.57068,5,18,29.54,13.11,0.10089,19,16.05,11.57,0.72342,20,2.1,3.01,0.17458,21,-11.58,6.46,0.00111,22,-18.62,22.6,0,3,18,36.34,-18.27,0.0393,19,20.03,-20.3,0.48461,22,0.23,-3.4,0.47609,4,19,29.08,4.67,0.04864,20,12.78,-7.15,0.16515,21,-4.13,-6.25,0.22093,24,5.42,9.46,0.56528,4,19,30.17,-3.91,0.00109,20,11.51,-15.71,0.06089,21,-7.71,-14.13,0.00414,24,5.8,0.81,0.93388,3,22,7.34,7.38,0.36961,23,-4.96,9.76,0.06962,24,6.22,-9.63,0.56077],"hull":17,"edges":[0,2,6,8,8,10,10,12,12,14,14,16,16,18,22,24,24,26,26,28,28,30,30,32,0,32,28,34,36,34,38,34,10,40,2,4,4,6,40,4,14,42,18,20,42,20,38,32,36,26,8,40,2,44,44,38,40,44,44,0,16,42,22,46,46,36,42,46,46,24,20,22,10,48,48,38,40,48,12,50,50,34,48,50,14,52,52,36,50,52,52,42],"width":69,"height":59}},"slwh_xcshizilshoubi":{"slwh_xcshizilshoubi":{"type":"mesh","uvs":[0.00644,0.72121,0.24496,1,0.49772,1,0.8374,0.80709,0.88576,0.47419,1,0.36884,0.96052,0.13272,0.8466,0,0.58316,0.08187,0.39827,0,0.19791,0.08984,0,0.24534,0.44419,0.47122,0.66065,0.26745],"triangles":[12,8,13,10,9,12,13,6,5,12,9,8,13,7,6,13,8,7,4,13,5,3,12,4,4,12,13,3,2,12,2,1,12,1,0,12,0,11,12,11,10,12],"vertices":[4,13,-19.49,-24.14,0.31232,17,-5.16,-0.6,0.26816,19,-39.37,6.6,0,26,8.14,1.68,0.41952,4,13,-33.15,-36.07,0.33422,17,-1.82,-18.42,0.30814,18,-24.6,-14.89,1.7E-4,26,23.69,11.01,0.35747,3,17,9.07,-24.83,0.55801,18,-14.79,-22.87,0.22007,26,25.92,23.45,0.22192,3,17,28.5,-25.3,0.40898,18,4.35,-26.25,0.30302,19,-12.54,-25.4,0.288,3,17,38.86,-12.48,0.07792,18,16.52,-15.13,0.49099,19,0.57,-15.4,0.4311,3,17,46.41,-10.93,0.04199,18,24.21,-14.73,0.0625,19,8.26,-15.69,0.89551,1,19,14.92,-6.02,1,1,19,15.38,2.61,1,3,17,35.58,11.77,0.00749,18,16.91,9.33,0.32157,19,3.14,8.92,0.67094,3,17,29.65,19.91,0.10308,18,12.27,18.28,0.37942,19,-0.68,18.25,0.5175,3,17,18.78,21.2,0.35434,18,1.72,21.19,0.37558,19,-10.93,22.08,0.27008,3,13,3.83,-23.82,0.28696,17,6.39,19.66,0.32685,26,-14.87,5.47,0.38619,3,17,19.91,-1.15,0.41316,18,-0.52,-1.08,0.30684,19,-15.15,0.1,0.28,3,17,34.31,1.97,1.2E-4,18,14.18,-0.17,0.53588,19,-0.43,-0.29,0.464],"hull":12,"edges":[0,2,2,4,4,6,6,8,8,10,10,12,12,14,14,16,16,18,0,22,0,24,24,26,26,12,16,26,26,8,18,20,20,22,20,24,24,6],"width":50,"height":49}},"slwh_xcshizilyifu":{"slwh_xcshizilyifu":{"type":"mesh","uvs":[0.16945,1.0E-5,0.4035,0,0.40033,0.04625,0.98545,0.13195,0.68815,0.28844,0.62805,0.49524,0.75773,0.66663,0.95382,0.68899,1,0.96099,0.78936,1,0.68815,0.93491,0.39319,0.90604,0.04294,0.86225,0,0.61633,0.01447,0.29217,0.35922,0.29962,0.33075,0.51387,0.46359,0.74861,0.76405,0.81754],"triangles":[18,6,7,17,5,6,10,18,9,9,18,8,18,7,8,11,17,10,10,17,18,11,12,17,12,16,17,12,13,16,17,6,18,17,16,5,13,14,16,16,15,5,16,14,15,5,15,4,14,0,15,15,2,4,15,0,2,4,2,3,2,0,1],"vertices":[1,25,-6.29,-13.09,1,1,25,-8,-3.17,1,1,25,-4.65,-2.73,1,2,25,-2.78,23.13,0.464,17,34.04,16.6,0.536,3,25,10.66,12.48,0.61942,26,-12.62,17.86,0.128,17,17.22,13.24,0.25258,3,25,25.98,12.51,0.28475,26,1.79,12.66,0.288,17,7.34,1.55,0.42725,3,25,37.35,20.13,5.5E-4,26,15.09,15.94,0.41881,17,5.79,-12.07,0.58064,3,25,37.53,28.72,4.4E-4,26,18.18,23.95,0.42844,17,12.23,-17.75,0.57112,3,25,56.75,34.06,4.9E-4,26,38.07,22.41,0.7594,17,3.86,-35.87,0.24011,3,25,61.1,25.62,4.6E-4,26,39.28,12.99,0.80392,17,-5.39,-33.73,0.19562,3,25,57.16,20.52,3.5E-4,26,33.84,9.55,0.80229,17,-6.72,-27.42,0.19736,3,25,57.25,7.66,3.0E-5,26,29.53,-2.57,0.98813,17,-16.58,-19.17,0.01183,1,26,23.73,-16.83,1,2,25,39.29,-12.6,0.30579,26,5.73,-15.49,0.69421,2,25,15.86,-16.02,0.91661,26,-17.45,-10.7,0.08339,2,25,13.87,-1.32,0.896,26,-14.3,3.79,0.104,2,25,29.49,0.14,0.331,26,0.87,-0.17,0.669,3,25,45.41,8.69,3.0E-5,26,18.75,2.44,0.80731,17,-8.14,-10.8,0.19267,3,25,48.16,22.28,3.8E-4,26,25.98,14.27,0.62992,17,0.44,-21.7,0.36971],"hull":15,"edges":[0,2,2,4,4,6,6,8,8,10,10,12,12,14,14,16,16,18,18,20,24,26,26,28,0,28,4,30,30,32,32,34,20,22,22,24,34,22,24,34,34,12,26,32,32,10,28,30,30,8,34,36,36,16,14,36,36,20],"width":43,"height":73}},"slwh_xcshizimaike":{"slwh_xcshizimaike":{"x":-14.85,"y":4.22,"rotation":-106.95,"width":85,"height":188}},"slwh_xcshizimz1":{"slwh_xcshizimz1":{"type":"mesh","uvs":[0.15734,0.01828,0.64443,0,0.92943,0.24132,1,0.63784,0.88797,0.96497,0.51488,1,0.0848,0.8708,0,0.58332,0,0.17689,0.48379,0.48915],"triangles":[9,0,1,9,1,2,8,0,9,7,8,9,9,2,3,6,7,9,4,9,3,5,6,9,4,5,9],"vertices":[17.54,1.68,12.16,-7.59,4.11,-9.92,-4.42,-6.34,-9.45,-0.23,-5.74,7.13,1.84,13.53,8.42,11.56,16.32,6.56,4.55,1.42],"hull":9,"edges":[0,2,2,4,4,6,6,8,8,10,10,12,12,14,14,16,0,16,10,18,16,18,2,18,6,18,14,18,12,18,4,18,8,18,0,18],"width":22,"height":23}},"slwh_xcshizimz2":{"slwh_xcshizimz2":{"type":"mesh","uvs":[0,0.44369,0.35814,0.08345,0.74574,0,0.93726,0.06977,1,0.44369,0.89064,0.72304,0.78222,1,0.21678,0.88601,0.59505,0.45746],"triangles":[8,1,2,8,2,3,8,3,4,0,1,8,5,8,4,7,0,8,6,7,8,5,6,8],"vertices":[1.29,11.54,13.76,9.13,20.9,2.25,22.12,-2.7,15.23,-9.21,7.91,-10.84,0.65,-12.45,-4.86,0.87,9.3,-1],"hull":8,"edges":[0,2,2,4,4,6,6,8,12,14,0,14,6,16,16,14,2,16,8,10,10,12,16,10],"width":25,"height":25}},"slwh_xcshizimz3":{"slwh_xcshizimz3":{"type":"mesh","uvs":[0.00142,0.36223,0.43706,0.01179,0.79941,0,0.91292,0.15003,1,0.26512,1,0.55223,0.898,0.68855,0.69356,0.96179,0.34341,1,0,0.73801,0.54133,0.38936],"triangles":[10,1,2,10,2,3,0,1,10,10,3,4,5,10,4,6,10,5,9,0,10,7,10,6,8,9,10,7,8,10],"vertices":[1.09,10.82,16.47,9.45,24.12,2.78,23.69,-2.35,23.36,-6.29,18.09,-11.97,13.49,-12.72,4.27,-14.23,-3.61,-8.32,-5.84,3.41,11.67,0],"hull":10,"edges":[0,2,2,4,8,10,14,16,16,18,0,18,4,6,6,8,6,20,20,18,2,20,10,12,12,14,20,12],"width":28,"height":27}},"slwh_xcshizimz4":{"slwh_xcshizimz4":{"type":"mesh","uvs":[0.55039,0,0.73658,0.17782,1,0.42939,1,0.79105,0.82399,1,0.38944,0.90136,0.12859,0.84215,0,0.4805,0,0.05595,0.56939,0.58663],"triangles":[9,7,8,9,0,1,9,8,0,6,7,9,5,6,9,9,1,2,5,9,4,9,2,3,4,9,3],"vertices":[2,32,19.12,-14.89,0.18352,33,11.18,-12.44,0.81648,2,32,11.86,-12.61,0.4251,33,3.58,-12.1,0.5749,3,31,9.78,-17.61,0.672,32,1.6,-9.39,0.29458,33,-7.16,-11.61,0.03342,2,31,15.26,-8.67,0.712,32,-2.88,0.09,0.288,3,31,22.93,-6.26,0.784,32,-0.7,7.82,0.21593,33,-13.79,4.44,7.0E-5,2,32,12.31,10.81,0.41296,33,-1.98,10.66,0.58704,2,32,20.12,12.6,0.201,33,5.11,14.39,0.799,1,33,14.82,8.86,1,1,33,22.75,-0.56,1,2,32,11.33,0.25,0.53973,33,-0.23,0.2,0.46027],"hull":9,"edges":[4,6,6,8,12,14,14,16,0,16,6,18,18,16,8,10,10,12,18,10,0,2,2,4,18,2],"width":30,"height":29}},"slwh_xcshizirear":{"slwh_xcshizirear":{"type":"mesh","uvs":[0.808,0.88192,0.6065,1,0.31964,0.99999,0,0.76357,6.0E-5,0.3528,0.16596,0,0.5826,0,0.88996,0.21013,0.99999,0.49555,1,0.74269,0.58943,0.46771,0.36745,0.21361,0.39718,0.72984,0.18713,0.47751],"triangles":[3,4,13,13,4,11,4,5,11,11,5,6,12,13,10,11,6,10,13,11,10,10,6,7,3,13,12,2,3,12,12,10,0,10,7,8,1,2,12,9,0,10,9,10,8,0,1,12],"vertices":[2,35,90.11,21.57,0.84,38,-4.88,-0.4,0.16,4,35,85.12,32.83,0.872,38,-5.04,11.91,0.12757,39,-22.78,15.83,4.2E-4,40,-36.3,22.93,0,4,35,86.71,47.95,0.24558,38,2.38,25.19,0.43463,39,-13.31,27.72,0.25154,40,-24.79,32.86,0.06825,3,38,21.37,33.98,0.26985,39,6.86,33.31,0.3781,40,-3.93,34.63,0.35205,2,39,23.57,20,0.29885,40,10.03,18.47,0.70115,2,39,32.44,1.69,0.16,40,15.36,-1.17,0.84,3,38,40.98,-12.33,0.1494,39,18.68,-15.58,0.43078,40,-1.35,-15.6,0.41983,3,38,23.5,-21.23,0.55385,39,-0.02,-21.51,0.357,40,-20.82,-17.98,0.08915,3,35,109.02,9.34,0.792,38,7.7,-19.08,0.19996,39,-15.26,-16.83,0.00804,2,35,96.24,10.69,0.84,38,-3.52,-12.82,0.16,3,38,19.57,-0.79,0.46324,39,-0.57,-0.71,0.44076,40,-17.52,2.57,0.096,3,38,36.84,3.04,0.19981,39,17.09,0.26,0.36816,40,0.02,0.26,0.43203,3,38,12.64,14.75,0.46695,39,-4.88,15.75,0.39065,40,-18.72,19.55,0.1424,3,38,29.52,18.07,0.2386,39,12.32,16.29,0.38026,40,-1.72,16.89,0.38114],"hull":10,"edges":[0,2,2,4,4,6,6,8,8,10,10,12,12,14,14,16,16,18,0,18,0,20,20,22,22,10,22,12,20,14,4,24,24,20,2,24,6,26,26,22,24,26,26,8],"width":53,"height":52}},"slwh_xcshizireye1":{"slwh_xcshizireye1":{"x":1.02,"y":0.15,"rotation":170.54,"width":23,"height":31}},"slwh_xcshizireye2":{"slwh_xcshizireye2":{"x":2.34,"y":2.21,"rotation":-174.47,"width":31,"height":39}},"slwh_xcshizirhand":{"slwh_xcshizirhand":{"type":"mesh","uvs":[0.78312,0.02804,0.92605,0,1,0.09137,0.9788,0.33747,0.83417,0.53832,0.74614,0.61384,0.64871,0.69575,0.51429,0.93461,0.39008,1,0.23355,0.98165,0.0702,0.80432,0,0.55823,0.02256,0.37547,0.28459,0.28137,0.44283,0.27775,0.57384,0.19452,0.73208,0.33747,0.49557,0.54375,0.60237,0.46134,0.26807,0.70469],"triangles":[19,12,13,19,13,17,11,12,19,10,11,19,7,19,6,9,10,19,8,9,19,7,8,19,6,19,17,18,15,16,14,15,18,18,16,4,17,14,18,13,14,17,5,18,4,6,18,5,17,18,6,2,0,1,2,16,0,16,15,0,2,3,16,4,16,3],"vertices":[3,27,4.1,-16.5,0.34303,29,4.91,-12.63,0.6509,30,-15.4,-13.23,0.00607,3,27,0.14,-7.6,0.296,29,-3.52,-7.76,0.48435,13,9.85,38.14,0.21965,3,27,4.57,-1.44,0.34014,29,-3.55,-0.16,0.45184,13,4.09,33.18,0.20802,4,27,19.98,0.82,0.30589,28,-5.26,-0.15,0.18022,29,7.59,10.71,0.296,13,-11.41,34.6,0.21789,4,27,34.55,-5.63,0.10627,28,10.25,-3.8,0.12057,29,23.18,14.04,0.30418,30,1.84,14.12,0.46898,4,27,40.56,-10.25,0.07298,29,30.75,13.83,0.12249,30,9.41,14.2,0.77661,31,-12.62,12.8,0.02791,3,27,47.11,-15.38,0.01808,30,17.73,14.21,0.52845,31,-4.36,13.79,0.45347,1,31,11.19,21.91,1,2,30,43.21,18.51,0.00299,31,20.43,21.08,0.99701,1,31,28.77,14.61,1,1,31,32.26,-0.63,1,2,30,46.48,-19.52,0.00234,31,28.17,-16.31,0.99766,1,31,20.87,-25.34,1,2,30,20.71,-21.4,0.31662,31,2.8,-21.22,0.68338,3,29,32.47,-15.46,0.175,30,12.24,-15.01,0.62178,31,-6.36,-15.87,0.20322,3,29,22.38,-13.76,0.52404,30,2.1,-13.69,0.46761,31,-16.58,-15.76,0.00835,2,29,20.17,-0.02,0.55112,30,-0.64,-0.05,0.44888,3,27,40.21,-27.6,9.0E-5,30,19.85,0.33,0.54134,31,-0.61,0.26,0.45857,3,27,33.48,-21.86,9.9E-4,29,31.84,0.27,0.176,30,11.02,0.69,0.82301,1,31,17.68,0.94,1],"hull":16,"edges":[0,2,2,4,4,6,6,8,12,14,14,16,16,18,18,20,20,22,22,24,24,26,26,28,28,30,0,30,4,32,30,32,32,8,26,34,34,12,32,36,36,34,28,36,8,10,10,12,36,10,20,38,38,34,24,38,38,14],"width":67,"height":63}},"slwh_xcshiziryifu":{"slwh_xcshiziryifu":{"type":"mesh","uvs":[0.35418,0.04667,0.64409,0.02374,0.94412,0,1,0.03349,0.82206,0.33015,0.75845,0.49691,0.63898,0.83119,0.27281,1,0,1,1.0E-5,0.78504,0.14566,0.38949,0.47623,0.47519,0.25666,0.80192],"triangles":[6,11,5,8,12,7,7,12,6,8,9,12,12,11,6,9,10,12,12,10,11,5,11,4,11,1,4,11,0,1,4,2,3,4,1,2,10,0,11],"vertices":[2,27,0.3,-10.29,0.27778,29,-1.82,-9.84,0.72222,2,27,-3.29,-0.72,0.98021,29,-10.34,-4.2,0.01979,1,27,-7,9.19,1,1,27,-5.7,11.52,1,2,27,11.33,9.22,0.75633,28,-15.31,6.51,0.24367,2,27,20.61,9.17,0.57231,28,-6.18,8.17,0.42769,1,28,12,11.75,1,1,28,25.57,3.8,1,1,28,29.48,-4.91,1,2,28,18.89,-9.66,0.83765,29,33.49,12.44,0.16235,3,27,20,-13.04,0.41258,28,-2.68,-13.77,0.26742,29,15.75,-0.5,0.32,3,27,21.79,-0.71,0.61705,28,-3.2,-1.32,0.368,29,9.95,10.53,0.01495,2,28,16.04,-1.1,0.99775,29,27.25,18.96,0.00225],"hull":11,"edges":[4,6,6,8,12,14,14,16,16,18,18,20,0,20,0,2,2,4,2,22,16,24,24,22,18,24,24,12,20,22,8,10,10,12,22,10],"width":35,"height":54}},"slwh_xcshiziweiba":{"slwh_xcshiziweiba":{"type":"mesh","uvs":[0.05734,0.41421,0.1788,0.34362,0.33301,0.53731,0.41739,0.75104,0.48663,0.73952,0.53689,0.66279,0.52433,0.43573,0.49513,0.26849,0.52089,0.10766,0.65207,0,0.79656,0.00297,0.8939,0.05863,0.98047,0.22838,0.96621,0.37431,0.86814,0.30538,0.84459,0.43214,0.76094,0.51424,0.66329,0.51766,0.68016,0.74997,0.63901,0.88955,0.54711,0.99999,0.37073,0.99999,0.26306,0.89514,0.19346,0.76714,0,0.65973,0,0.5339,0.27379,0.69331,0.40078,0.83773,0.52113,0.86155,0.60969,0.70073,0.59282,0.47073,0.61574,0.24818,0.72623,0.13335,0.88958,0.15245,0.69151,0.34327,0.76846,0.26025,0.87994,0.22444],"triangles":[16,34,15,35,15,34,34,31,35,31,32,35,31,8,32,8,9,32,14,15,35,35,32,36,33,32,11,32,10,11,32,9,10,33,11,12,12,13,36,36,13,14,36,33,12,14,35,36,36,32,33,34,30,31,16,17,34,17,30,34,6,7,31,7,8,31,30,6,31,17,29,30,5,6,30,29,17,18,29,5,30,19,28,18,29,4,5,28,29,18,21,27,28,28,27,4,27,3,4,21,28,20,29,28,4,20,28,19,27,26,3,21,22,27,23,24,26,0,2,26,0,26,25,2,0,1,26,24,25,2,3,26,27,22,26,22,23,26],"vertices":[5,5,-2.87,-0.76,0.79342,6,-26.82,16.4,0.19183,14,4.8,47.36,0.01301,15,10.91,47.42,0.0017,16,-42.91,20.83,4.0E-5,5,5,1.62,9.4,0.74132,6,-17.53,22.48,0.23546,14,12.97,39.84,0.0196,15,14.92,37.06,0.00346,16,-32.01,18.72,1.6E-4,5,5,18.84,10.59,0.6094,6,-2.44,14.1,0.32458,14,8.55,23.16,0.05021,15,3.59,24.04,0.01456,16,-27,2.2,0.00125,5,5,32.65,6.78,0.38452,6,7.07,3.39,0.42835,14,0.5,11.31,0.1246,15,-8.86,16.97,0.05398,16,-27.62,-12.1,0.00855,5,5,36.37,11.38,0.18604,6,12.71,5.22,0.42285,14,3.66,6.3,0.21117,15,-8.24,11.08,0.14257,16,-22.3,-14.71,0.03736,5,5,36.3,17.55,0.06494,6,16,10.43,0.29733,14,9.53,4.39,0.25032,15,-3.83,6.77,0.27055,16,-16.3,-13.25,0.11687,5,5,26.3,26.19,0.01621,6,12.32,23.12,0.15173,14,20.92,11.07,0.2028,15,9.35,7.74,0.37054,16,-10.12,-1.58,0.25872,5,5,17.73,31.36,0.0026,6,7.95,32.13,0.05625,14,28.58,17.52,0.11949,15,19.07,10.14,0.38774,16,-6.99,7.94,0.43392,5,5,12.75,39.55,3.1E-4,6,8.22,41.71,0.02134,14,37.93,19.6,0.07032,15,28.38,7.88,0.34488,16,-0.13,14.62,0.56315,4,6,17.9,50.06,0.00451,14,48.4,12.27,0.02572,15,34.54,-3.32,0.2308,16,12.63,13.89,0.73897,4,6,29.97,52.35,5.8E-4,14,53.59,1.14,0.00649,15,34.27,-15.6,0.13045,16,22.89,7.13,0.86248,4,6,38.72,50.84,7.0E-5,14,54.27,-7.72,0.00174,15,30.98,-23.85,0.0705,16,28.13,-0.04,0.92769,4,6,47.9,42.67,7.0E-5,14,48.6,-18.62,0.0014,15,21.07,-31.13,0.05496,16,29.03,-12.3,0.94357,3,14,40.45,-21.21,0.00353,15,12.62,-29.85,0.07027,16,23.46,-18.78,0.9262,4,6,39.44,36.38,5.4E-4,14,40.43,-11.96,0.01249,15,16.68,-21.55,0.11587,16,18.58,-10.92,0.8711,4,6,38.95,28.78,0.00572,14,32.94,-13.36,0.04502,15,9.35,-19.49,0.21933,16,12.94,-16.04,0.72993,5,5,43.83,37.05,4.4E-4,6,32.93,22.69,0.02945,14,25.56,-9.02,0.11101,15,4.64,-12.34,0.31944,16,4.38,-16.23,0.53966,5,5,38.05,31.09,0.00497,6,24.84,20.83,0.0937,14,21.78,-1.63,0.19085,15,4.51,-4.04,0.34467,16,-2.72,-11.94,0.36582,5,5,48.53,22.49,0.0291,6,28.94,7.92,0.245,14,10.26,-8.78,0.29543,15,-8.98,-5.37,0.26935,16,-8.76,-24.07,0.16112,5,5,51.71,14.26,0.07836,6,27.14,-0.71,0.36872,14,1.45,-9.15,0.31476,15,-17.05,-1.81,0.1712,16,-16.06,-29.01,0.06695,5,5,50.63,4.22,0.18123,6,20.77,-8.55,0.45709,14,-7.71,-4.89,0.24671,15,-23.39,6.06,0.09324,16,-26.09,-30.21,0.02173,5,5,39.94,-6.3,0.361,6,6.08,-11.55,0.45772,14,-14.23,8.61,0.14373,15,-23.27,21.05,0.03324,16,-38.73,-22.14,0.0043,5,5,29.15,-8.38,0.54975,6,-4.11,-7.43,0.37188,14,-12.73,19.49,0.06954,15,-17.12,30.15,0.00835,16,-43.17,-12.09,4.8E-4,5,5,19.73,-7.24,0.71027,6,-11.39,-1.34,0.26045,14,-8.61,28.05,0.02705,15,-9.65,36.01,0.00219,16,-44.17,-2.65,4.0E-5,4,5,3.64,-14.33,0.84182,6,-28.75,1.47,0.15139,14,-10.14,45.57,0.00666,15,-3.29,52.4,1.3E-4,4,5,-1.48,-9.12,0.87159,6,-30.21,8.62,0.12484,14,-3.57,48.74,0.00343,15,4.01,52.35,1.3E-4,5,5,21.6,0.61,0.64555,6,-5.56,4.22,0.30082,14,-1.79,23.76,0.04364,15,-5.42,29.15,0.00923,16,-36.11,-2.72,7.6E-4,5,5,35.17,2.2,0.38427,6,6.7,-1.82,0.43736,14,-4.64,10.4,0.12877,15,-13.88,18.42,0.04318,16,-31.52,-15.58,0.00643,5,5,43.43,8.39,0.17795,6,17,-1.13,0.43433,14,-1.44,0.58,0.22783,15,-15.34,8.2,0.1256,16,-23.64,-22.25,0.03429,5,5,42.25,20.32,0.05316,6,22.5,9.52,0.28247,14,10.23,-2.14,0.27035,15,-6.07,0.6,0.26628,16,-12.27,-18.44,0.12774,5,5,31.88,28.83,0.01096,6,18.43,22.3,0.12962,14,21.63,4.94,0.2044,15,7.28,1.93,0.35991,16,-6.3,-6.42,0.29511,5,5,24.21,39.39,0.00117,6,17.75,35.34,0.03686,14,34.1,8.8,0.10092,15,20.17,-0.12,0.3523,16,2.28,3.41,0.50876,5,5,26.24,50.73,5.0E-5,6,25.62,43.74,0.00676,14,44.18,3.23,0.0339,15,26.76,-9.56,0.2239,16,13.78,3.98,0.73538,4,6,39.45,45.44,7.3E-4,14,49.21,-9.75,0.00694,15,25.54,-23.44,0.0964,16,24.89,-4.43,0.89594,5,5,32.67,39.98,4.1E-4,6,25.17,31.22,0.02881,14,31.93,0.6,0.10637,15,14.6,-6.52,0.33023,16,4.74,-4.7,0.53418,4,6,30.61,37.25,0.00512,14,39.11,-3.2,0.03938,15,19.37,-13.09,0.22042,16,12.85,-4.16,0.73509,4,6,39.48,41.18,4.4E-4,14,45.09,-10.83,0.00957,15,21.37,-22.59,0.10861,16,21.95,-7.51,0.88138],"hull":26,"edges":[0,2,2,4,4,6,6,8,8,10,10,12,14,16,16,18,18,20,24,26,26,28,28,30,30,32,32,34,34,36,36,38,38,40,40,42,42,44,44,46,46,48,48,50,0,50,0,52,52,54,54,56,56,58,58,60,60,62,62,64,64,66,4,52,52,46,6,54,54,42,8,56,56,40,10,58,58,36,12,60,60,34,62,68,68,70,20,22,22,24,66,22,68,32,64,70,70,30,64,18,62,16,12,14,14,62,68,34,66,24,28,72,72,66,70,72,72,26],"width":85,"height":58}},"slwh_xcshiziyy":{"slwh_xcshiziyy":{"type":"mesh","uvs":[1,0.48281,1,0.53949,1,1,0,1,0,0.4335,0,0,0.5192,0,1,0,0.21843,0.07506,0.08898,0.31721,0.10992,0.38418,0.05947,0.69037,0.22414,0.97742,0.40022,0.96638,0.48969,0.81623,0.60296,0.96564,0.74477,0.96712,0.72764,0.8361,0.80474,0.82506,0.82377,0.7441,0.93133,0.70067,0.91229,0.64179,0.7741,0.65427,0.74477,0.69847,0.73526,0.76544,0.70004,0.68669,0.77706,0.61516,0.82948,0.552,0.87327,0.45116,0.93989,0.38713,0.85518,0.08242,0.17966,0.72241,0.24966,0.87827],"triangles":[26,27,21,22,26,21,20,21,1,19,22,21,19,21,20,23,22,19,18,24,19,18,19,20,2,18,20,17,14,24,17,24,18,22,25,26,23,25,22,24,25,23,24,23,19,14,25,24,28,29,0,28,0,1,27,28,1,27,26,28,21,27,1,20,1,2,15,14,17,16,17,18,15,17,16,16,18,2,15,16,2,2,12,15,32,31,14,13,32,14,13,14,15,32,3,31,12,32,13,12,3,32,12,13,15,3,12,2,4,9,10,11,4,10,10,14,31,10,26,25,11,10,31,25,14,10,3,4,11,3,11,31,29,30,7,28,30,29,8,5,6,30,6,7,9,5,8,6,28,26,28,6,30,6,26,10,10,8,6,10,9,8,4,5,9,29,7,0],"vertices":[6,34,0.13,-113.03,1.3E-4,10,-52.92,109.91,0,19,49.88,-28.85,0.01053,20,23.74,-45.05,0.09325,22,30.51,3.5,0.89291,16,72.94,32.98,0.00317,4,10,-35.69,103.9,0,18,55.32,-38.29,0.00305,22,25.65,-14.09,0.8465,16,63.12,17.59,0.15045,3,43,47.23,79.75,0.4373,6,81.27,-57.43,0.02364,14,-40.24,-75.54,0.53907,4,44,-100.15,91.38,0.12642,8,2.5,-115.45,0.15445,50,109.73,-41.06,0.71913,10,22.18,-180.08,0,3,34,18.95,135.77,0.03626,44,74.34,38.2,0.96356,8,-138.41,0.4,1.8E-4,1,34,158.52,134.12,1,1,34,157,4.85,1,1,34,155.58,-114.86,1,1,34,133.71,80.02,1,1,34,56.13,113.17,1,2,34,34.5,108.21,0.13092,44,81.55,7.39,0.86908,5,44,-9.1,48.14,0.74167,7,66.78,-66.79,0.00963,8,-65.11,-40.69,0.11913,50,24.06,-94.17,0.12957,10,-67.05,-133.22,0,4,44,-109.47,35.87,0.04091,8,32.33,-67.72,0.06971,50,68.12,-3.16,0.88824,43,52.5,-113.5,0.00114,5,4,-26.25,-85.83,4.9E-4,50,37.08,28.01,0.85415,9,30.94,-93.31,0.00245,10,44.83,-82.43,0.01694,43,46.11,-69.98,0.12597,7,4,-3.98,-37.48,0.14478,7,14.05,34.89,0.03853,8,34.22,16.32,0.19849,50,-14.22,13.78,0.30357,9,9.7,-44.49,0.1155,10,6.53,-45.45,0.14637,43,-3.58,-50.88,0.05276,6,4,24.23,-85.59,0.00603,8,89.3,7.55,2.5E-4,50,4.28,66.39,0.22744,9,64.37,-55.48,0.01073,10,61.25,-34.69,0.03945,43,42.6,-19.62,0.71611,3,43,40.78,15.65,0.85143,6,16.89,-59.78,0.02446,14,-58.32,-13.71,0.12412,5,10,32.11,8.37,0.22642,43,-1.04,8.66,0.46492,5,42.64,-13.78,0.01214,6,4.26,-19.3,0.26313,14,-22.18,8.47,0.03338,5,10,35.09,27.67,0.01284,43,-5.83,27.58,0.2201,6,22.36,-11.97,0.32558,14,-10.64,-7.28,0.44091,16,-27.33,-33.77,5.7E-4,8,10,12.04,40.74,0,43,-32.15,30.62,3.0E-5,17,9.46,-64.05,3.0E-5,5,38.93,24.12,6.8E-4,6,21.78,14.52,2.0E-5,14,14.9,-0.22,0.62012,15,-1.03,0.27,0.37799,16,-9.31,-14.35,0.00113,6,10,7.67,70.64,0,43,-47.84,56.44,0.00593,22,-4.63,-59.58,0.00991,14,39.13,-18.26,0.23719,15,12.74,-26.62,0.12944,16,20.79,-16.96,0.61753,6,17,45.17,-46.85,2.0E-5,18,17.58,-50.06,0.02061,22,-4.16,-40.04,0.16327,14,54.15,-5.76,0.01117,15,31.73,-22.03,0.00219,16,26.99,1.57,0.80274,6,17,13.48,-32.85,0.19641,18,-11.64,-31.46,0.04703,22,-38.4,-34.77,0.01436,5,9.83,36.07,0.22,15,27.99,12.41,0.1213,16,-4.18,16.69,0.4009,7,17,-0.04,-41.41,0.09837,18,-26.29,-37.89,0.00302,5,14.6,20.8,0.49553,6,-0.43,24.98,0.0223,14,19.59,23.88,0.01444,15,13.81,19.82,0.24866,16,-17.99,8.62,0.11769,6,17,-13.02,-58.79,0.00286,5,28.03,3.77,0.44244,6,1.57,3.37,0.4966,14,-0.86,16.65,0.02191,15,-7.73,22.36,0.03564,16,-31.59,-8.28,5.5E-4,6,17,-7.71,-32.49,0.14718,5,4,15.7,0.67758,6,-12.1,26.46,0.00174,14,18.16,35.56,0.00128,15,17.69,30.93,0.09604,16,-25.34,17.81,0.07618,7,17,20.5,-22.37,0.26928,18,-3.12,-22.16,0.17486,19,-19.62,-20.66,0.00126,22,-34.34,-22.82,0.05931,5,1.52,45.57,0.12286,15,40.57,11.57,0.02572,16,3.22,26.91,0.34671,6,17,42.07,-11.47,0.0074,18,19.84,-14.62,0.27736,19,3.92,-15.19,0.259,22,-16.35,-6.69,0.30642,5,-3.44,69.22,0.00417,16,25.16,37.03,0.14565,3,19,34.38,0.47,0.28292,20,16.75,-12.63,0.42809,22,2.8,21.71,0.28899,1,34,31.11,-98.43,1,1,34,129.47,-78.49,1,5,44,-27.69,22.53,0.56376,7,51.38,-39.13,0.13048,8,-38.14,-24.13,0.17297,50,12.6,-64.67,0.1328,10,-47.45,-108.37,0,3,44,-80.78,20.48,0.0639,8,11.7,-42.54,0.1849,50,39.65,-18.94,0.7512],"hull":8,"edges":[4,6,10,12,12,14,12,16,16,18,18,20,6,8,8,10,20,8,8,22,24,26,26,28,28,30,30,32,32,34,34,36,36,38,38,40,40,42,42,44,44,46,46,48,48,50,50,52,52,54,4,2,54,2,2,0,0,14,0,56,56,58,58,60,60,12,22,62,62,64,64,24],"width":62,"height":81}},"slwh_zjxcttext":{"slwh_zjxcttext":{"x":0.5,"y":-100,"width":195,"height":86}},"slwh_zjxcttextdb":{"slwh_zjxcttextdb":{"x":-0.5,"y":-128,"width":329,"height":160}}}},"animations":{"animation":{"bones":{"root":{"rotate":[{"time":0,"angle":0,"curve":"stepped"},{"time":2.4,"angle":0}],"translate":[{"time":0,"x":0,"y":0,"curve":"stepped"},{"time":2.4,"x":0,"y":0}],"scale":[{"time":0,"x":1,"y":1,"curve":"stepped"},{"time":2.4,"x":1,"y":1}]},"hip":{"rotate":[{"time":0,"angle":0,"curve":"stepped"},{"time":2.4,"angle":0}],"translate":[{"time":0,"x":0,"y":0,"curve":"stepped"},{"time":2.4,"x":0,"y":0}],"scale":[{"time":0,"x":1,"y":1,"curve":"stepped"},{"time":2.4,"x":1,"y":1}]},"slwh_xcshizibody":{"rotate":[{"time":0,"angle":0,"curve":[0.25,0,0.75,1]},{"time":1.2,"angle":-1.62,"curve":[0.25,0,0.75,1]},{"time":2.4,"angle":0,"curve":[0.25,0,0.75,1]},{"time":3.6,"angle":-1.62,"curve":[0.25,0,0.75,1]},{"time":4.8,"angle":0}],"translate":[{"time":0,"x":0,"y":0,"curve":[0.25,0,0.75,1]},{"time":1.2,"x":2.55,"y":1.02,"curve":[0.25,0,0.75,1]},{"time":2.4,"x":0,"y":0,"curve":[0.25,0,0.75,1]},{"time":3.6,"x":2.55,"y":1.02,"curve":[0.25,0,0.75,1]},{"time":4.8,"x":0,"y":0}],"scale":[{"time":0,"x":1,"y":1,"curve":"stepped"},{"time":2.4,"x":1,"y":1,"curve":"stepped"},{"time":4.8,"x":1,"y":1}]},"bone2":{"rotate":[{"time":0,"angle":0,"curve":[0.25,0,0.75,1]},{"time":0.8,"angle":3.72,"curve":[0.25,0,0.75,1]},{"time":1.6,"angle":-5.41,"curve":[0.25,0,0.75,1]},{"time":2.4,"angle":0,"curve":[0.25,0,0.75,1]},{"time":3.2,"angle":3.72,"curve":[0.25,0,0.75,1]},{"time":4,"angle":-5.41,"curve":[0.25,0,0.75,1]},{"time":4.8,"angle":0}],"translate":[{"time":0,"x":0,"y":0,"curve":"stepped"},{"time":2.4,"x":0,"y":0,"curve":"stepped"},{"time":4.8,"x":0,"y":0}],"scale":[{"time":0,"x":1,"y":1,"curve":"stepped"},{"time":2.4,"x":1,"y":1,"curve":"stepped"},{"time":4.8,"x":1,"y":1}]},"bone3":{"rotate":[{"time":0,"angle":0,"curve":[0.25,0,0.75,1]},{"time":0.8,"angle":-8.16,"curve":[0.25,0,0.75,1]},{"time":1.6,"angle":6.94,"curve":[0.25,0,0.75,1]},{"time":2.4,"angle":0,"curve":[0.25,0,0.75,1]},{"time":3.2,"angle":-8.16,"curve":[0.25,0,0.75,1]},{"time":4,"angle":6.94,"curve":[0.25,0,0.75,1]},{"time":4.8,"angle":0}],"translate":[{"time":0,"x":0,"y":0,"curve":"stepped"},{"time":2.4,"x":0,"y":0,"curve":"stepped"},{"time":4.8,"x":0,"y":0}],"scale":[{"time":0,"x":1,"y":1,"curve":"stepped"},{"time":2.4,"x":1,"y":1,"curve":"stepped"},{"time":4.8,"x":1,"y":1}]},"slwh_xcshizirfoot":{"rotate":[{"time":0,"angle":0,"curve":[0.25,0,0.75,1]},{"time":0.8,"angle":1.18,"curve":[0.25,0,0.75,1]},{"time":1.6,"angle":-1.14,"curve":[0.25,0,0.75,1]},{"time":2.4,"angle":0,"curve":[0.25,0,0.75,1]},{"time":3.2,"angle":1.18,"curve":[0.25,0,0.75,1]},{"time":4,"angle":-1.14,"curve":[0.25,0,0.75,1]},{"time":4.8,"angle":0}],"translate":[{"time":0,"x":0,"y":0,"curve":"stepped"},{"time":2.4,"x":0,"y":0,"curve":"stepped"},{"time":4.8,"x":0,"y":0}],"scale":[{"time":0,"x":1,"y":1,"curve":"stepped"},{"time":2.4,"x":1,"y":1,"curve":"stepped"},{"time":4.8,"x":1,"y":1}]},"bone4":{"rotate":[{"time":0,"angle":0,"curve":[0.25,0,0.75,1]},{"time":0.8,"angle":-4.84,"curve":[0.25,0,0.75,1]},{"time":1.6,"angle":5.09,"curve":[0.25,0,0.75,1]},{"time":2.4,"angle":0,"curve":[0.25,0,0.75,1]},{"time":3.2,"angle":-4.84,"curve":[0.25,0,0.75,1]},{"time":4,"angle":5.09,"curve":[0.25,0,0.75,1]},{"time":4.8,"angle":0}],"translate":[{"time":0,"x":0,"y":0,"curve":"stepped"},{"time":2.4,"x":0,"y":0,"curve":"stepped"},{"time":4.8,"x":0,"y":0}],"scale":[{"time":0,"x":1,"y":1,"curve":"stepped"},{"time":2.4,"x":1,"y":1,"curve":"stepped"},{"time":4.8,"x":1,"y":1}]},"bone5":{"rotate":[{"time":0,"angle":0,"curve":[0.25,0,0.75,1]},{"time":0.8,"angle":8.8,"curve":[0.25,0,0.75,1]},{"time":1.6,"angle":-4.45,"curve":[0.25,0,0.75,1]},{"time":2.4,"angle":0,"curve":[0.25,0,0.75,1]},{"time":3.2,"angle":8.8,"curve":[0.25,0,0.75,1]},{"time":4,"angle":-4.45,"curve":[0.25,0,0.75,1]},{"time":4.8,"angle":0}],"translate":[{"time":0,"x":0,"y":0,"curve":"stepped"},{"time":2.4,"x":0,"y":0,"curve":"stepped"},{"time":4.8,"x":0,"y":0}],"scale":[{"time":0,"x":1,"y":1,"curve":"stepped"},{"time":2.4,"x":1,"y":1,"curve":"stepped"},{"time":4.8,"x":1,"y":1}]},"slwh_xcshizilfoot":{"rotate":[{"time":0,"angle":0,"curve":[0.25,0,0.75,1]},{"time":0.8,"angle":-1.43,"curve":[0.25,0,0.75,1]},{"time":1.6,"angle":-1.04,"curve":[0.25,0,0.75,1]},{"time":2.4,"angle":0,"curve":[0.25,0,0.75,1]},{"time":3.2,"angle":-1.43,"curve":[0.25,0,0.75,1]},{"time":4,"angle":-1.04,"curve":[0.25,0,0.75,1]},{"time":4.8,"angle":0}],"translate":[{"time":0,"x":0,"y":0,"curve":"stepped"},{"time":2.4,"x":0,"y":0,"curve":"stepped"},{"time":4.8,"x":0,"y":0}],"scale":[{"time":0,"x":1,"y":1,"curve":"stepped"},{"time":2.4,"x":1,"y":1,"curve":"stepped"},{"time":4.8,"x":1,"y":1}]},"slwh_xcshiziheadmao":{"rotate":[{"time":0,"angle":-0.06,"curve":[0.25,0,0.75,1]},{"time":0.4,"angle":0,"curve":[0.25,0,0.75,1]},{"time":1.6,"angle":-0.59,"curve":[0.25,0,0.75,1]},{"time":2.4,"angle":-0.06,"curve":[0.25,0,0.75,1]},{"time":2.8,"angle":0,"curve":[0.25,0,0.75,1]},{"time":4,"angle":-0.59,"curve":[0.25,0,0.75,1]},{"time":4.8,"angle":-0.06}],"translate":[{"time":0,"x":1.46,"y":-0.45,"curve":[0.25,0,0.75,1]},{"time":0.4,"x":0,"y":0,"curve":[0.25,0,0.75,1]},{"time":1.6,"x":5.14,"y":-1.6,"curve":[0.25,0,0.75,1]},{"time":2.4,"x":1.46,"y":-0.45,"curve":[0.25,0,0.75,1]},{"time":2.8,"x":0,"y":0,"curve":[0.25,0,0.75,1]},{"time":4,"x":5.14,"y":-1.6,"curve":[0.25,0,0.75,1]},{"time":4.8,"x":1.46,"y":-0.45}],"scale":[{"time":0,"x":1,"y":1,"curve":"stepped"},{"time":2.4,"x":1,"y":1,"curve":"stepped"},{"time":4.8,"x":1,"y":1}]},"slwh_xcshizihead":{"rotate":[{"time":0,"angle":0,"curve":"stepped"},{"time":2.4,"angle":0,"curve":"stepped"},{"time":4.8,"angle":0}],"translate":[{"time":0,"x":0,"y":0,"curve":"stepped"},{"time":2.4,"x":0,"y":0,"curve":"stepped"},{"time":4.8,"x":0,"y":0}],"scale":[{"time":0,"x":1,"y":1,"curve":"stepped"},{"time":2.4,"x":1,"y":1,"curve":"stepped"},{"time":4.8,"x":1,"y":1}]},"slwh_xcshizileye2":{"rotate":[{"time":0,"angle":0,"curve":"stepped"},{"time":2.4,"angle":0,"curve":"stepped"},{"time":4.8,"angle":0}],"translate":[{"time":0,"x":0,"y":0,"curve":"stepped"},{"time":2.4,"x":0,"y":0,"curve":"stepped"},{"time":4.8,"x":0,"y":0}],"scale":[{"time":0,"x":1,"y":1,"curve":"stepped"},{"time":2.4,"x":1,"y":1,"curve":"stepped"},{"time":4.8,"x":1,"y":1}]},"slwh_xcshizileye1":{"rotate":[{"time":0,"angle":0,"curve":"stepped"},{"time":2.4,"angle":0,"curve":"stepped"},{"time":4.8,"angle":0}],"translate":[{"time":0,"x":0,"y":0,"curve":[0.25,0,0.75,1]},{"time":1.2,"x":1.15,"y":1.56,"curve":[0.25,0,0.75,1]},{"time":2.4,"x":0,"y":0,"curve":[0.25,0,0.75,1]},{"time":3.6,"x":1.15,"y":1.56,"curve":[0.25,0,0.75,1]},{"time":4.8,"x":0,"y":0}],"scale":[{"time":0,"x":1,"y":1,"curve":"stepped"},{"time":2.4,"x":1,"y":1,"curve":"stepped"},{"time":4.8,"x":1,"y":1}]},"slwh_xcshizireye2":{"rotate":[{"time":0,"angle":0,"curve":"stepped"},{"time":2.4,"angle":0,"curve":"stepped"},{"time":4.8,"angle":0}],"translate":[{"time":0,"x":0,"y":0,"curve":"stepped"},{"time":2.4,"x":0,"y":0,"curve":"stepped"},{"time":4.8,"x":0,"y":0}],"scale":[{"time":0,"x":1,"y":1,"curve":"stepped"},{"time":2.4,"x":1,"y":1,"curve":"stepped"},{"time":4.8,"x":1,"y":1}]},"slwh_xcshizireye1":{"rotate":[{"time":0,"angle":0,"curve":"stepped"},{"time":2.4,"angle":0,"curve":"stepped"},{"time":4.8,"angle":0}],"translate":[{"time":0,"x":0,"y":0,"curve":[0.25,0,0.75,1]},{"time":1.2,"x":-0.93,"y":-1.71,"curve":[0.25,0,0.75,1]},{"time":2.4,"x":0,"y":0,"curve":[0.25,0,0.75,1]},{"time":3.6,"x":-0.93,"y":-1.71,"curve":[0.25,0,0.75,1]},{"time":4.8,"x":0,"y":0}],"scale":[{"time":0,"x":1,"y":1,"curve":"stepped"},{"time":2.4,"x":1,"y":1,"curve":"stepped"},{"time":4.8,"x":1,"y":1}]},"slwh_xcshiziweiba":{"rotate":[{"time":0,"angle":-0.3,"curve":[0.25,0,0.75,1]},{"time":0.2,"angle":0,"curve":[0.25,0,0.75,1]},{"time":1.4,"angle":-3.13,"curve":[0.25,0,0.75,1]},{"time":2.4,"angle":-0.3,"curve":[0.25,0,0.75,1]},{"time":2.6,"angle":0,"curve":[0.25,0,0.75,1]},{"time":3.8,"angle":-3.13,"curve":[0.25,0,0.75,1]},{"time":4.8,"angle":-0.3}],"translate":[{"time":0,"x":-1.43,"y":-0.04,"curve":[0.25,0,0.75,1]},{"time":0.4,"x":-0.71,"y":-0.02,"curve":[0.25,0,0.75,1]},{"time":1.6,"x":-3.23,"y":-0.09,"curve":[0.25,0,0.75,1]},{"time":2.4,"x":-1.43,"y":-0.04,"curve":[0.25,0,0.75,1]},{"time":2.8,"x":-0.71,"y":-0.02,"curve":[0.25,0,0.75,1]},{"time":4,"x":-3.23,"y":-0.09,"curve":[0.25,0,0.75,1]},{"time":4.8,"x":-1.43,"y":-0.04}],"scale":[{"time":0,"x":1,"y":1,"curve":"stepped"},{"time":2.4,"x":1,"y":1,"curve":"stepped"},{"time":4.8,"x":1,"y":1}]},"slwh_xcshizilyifu":{"rotate":[{"time":0,"angle":0,"curve":[0.25,0,0.75,1]},{"time":1.2,"angle":1.18,"curve":[0.25,0,0.75,1]},{"time":2.4,"angle":0,"curve":[0.25,0,0.75,1]},{"time":3.6,"angle":1.18,"curve":[0.25,0,0.75,1]},{"time":4.8,"angle":0}],"translate":[{"time":0,"x":0,"y":0,"curve":"stepped"},{"time":2.4,"x":0,"y":0,"curve":"stepped"},{"time":4.8,"x":0,"y":0}],"scale":[{"time":0,"x":1,"y":1,"curve":"stepped"},{"time":2.4,"x":1,"y":1,"curve":"stepped"},{"time":4.8,"x":1,"y":1}]},"bone23":{"rotate":[{"time":0,"angle":0,"curve":[0.25,0,0.75,1]},{"time":1.2,"angle":1.18,"curve":[0.25,0,0.75,1]},{"time":2.4,"angle":0,"curve":[0.25,0,0.75,1]},{"time":3.6,"angle":1.18,"curve":[0.25,0,0.75,1]},{"time":4.8,"angle":0}],"translate":[{"time":0,"x":0,"y":0,"curve":"stepped"},{"time":2.4,"x":0,"y":0,"curve":"stepped"},{"time":4.8,"x":0,"y":0}],"scale":[{"time":0,"x":1,"y":1,"curve":"stepped"},{"time":2.4,"x":1,"y":1,"curve":"stepped"},{"time":4.8,"x":1,"y":1}]},"slwh_xcshiziryifu":{"rotate":[{"time":0,"angle":-0.42,"curve":[0.25,0,0.75,1]},{"time":0.2667,"angle":0.2,"curve":[0.25,0,0.75,1]},{"time":1.4667,"angle":0.93,"curve":[0.25,0,0.75,1]},{"time":2.4,"angle":-0.42,"curve":[0.25,0,0.75,1]},{"time":2.6667,"angle":0.2,"curve":[0.25,0,0.75,1]},{"time":3.8667,"angle":0.93,"curve":[0.25,0,0.75,1]},{"time":4.8,"angle":-0.42}],"translate":[{"time":0,"x":0,"y":0,"curve":"stepped"},{"time":2.4,"x":0,"y":0,"curve":"stepped"},{"time":4.8,"x":0,"y":0}],"scale":[{"time":0,"x":1,"y":1,"curve":"stepped"},{"time":2.4,"x":1,"y":1,"curve":"stepped"},{"time":4.8,"x":1,"y":1}]},"bone24":{"rotate":[{"time":0,"angle":-1.17,"curve":[0.25,0,0.75,1]},{"time":0.5333,"angle":1.36,"curve":[0.25,0,0.75,1]},{"time":1.7333,"angle":-2.75,"curve":[0.25,0,0.75,1]},{"time":2.4,"angle":-1.17,"curve":[0.25,0,0.75,1]},{"time":2.9333,"angle":1.36,"curve":[0.25,0,0.75,1]},{"time":4.1333,"angle":-2.75,"curve":[0.25,0,0.75,1]},{"time":4.8,"angle":-1.17}],"translate":[{"time":0,"x":0,"y":0,"curve":"stepped"},{"time":2.4,"x":0,"y":0,"curve":"stepped"},{"time":4.8,"x":0,"y":0}],"scale":[{"time":0,"x":1,"y":1,"curve":"stepped"},{"time":2.4,"x":1,"y":1,"curve":"stepped"},{"time":4.8,"x":1,"y":1}]},"slwh_xcshizirhand":{"rotate":[{"time":0,"angle":0,"curve":[0.25,0,0.75,1]},{"time":0.6,"angle":-0.89,"curve":[0.25,0,0.75,1]},{"time":1.4667,"angle":1.22,"curve":[0.25,0,0.75,1]},{"time":2.4,"angle":0,"curve":[0.25,0,0.75,1]},{"time":3,"angle":-0.89,"curve":[0.25,0,0.75,1]},{"time":3.8667,"angle":1.22,"curve":[0.25,0,0.75,1]},{"time":4.8,"angle":0}],"translate":[{"time":0,"x":0,"y":0,"curve":[0.25,0,0.75,1]},{"time":1.2,"x":0.84,"y":-4.59,"curve":[0.25,0,0.75,1]},{"time":2.4,"x":0,"y":0,"curve":[0.25,0,0.75,1]},{"time":3.6,"x":0.84,"y":-4.59,"curve":[0.25,0,0.75,1]},{"time":4.8,"x":0,"y":0}],"scale":[{"time":0,"x":1,"y":1,"curve":"stepped"},{"time":2.4,"x":1,"y":1,"curve":"stepped"},{"time":4.8,"x":1,"y":1}]},"bone25":{"rotate":[{"time":0,"angle":0,"curve":[0.25,0,0.75,1]},{"time":0.7333,"angle":-0.89,"curve":[0.25,0,0.75,1]},{"time":1.6,"angle":1.22,"curve":[0.25,0,0.75,1]},{"time":2.4,"angle":0,"curve":[0.25,0,0.75,1]},{"time":3.1333,"angle":-0.89,"curve":[0.25,0,0.75,1]},{"time":4,"angle":1.22,"curve":[0.25,0,0.75,1]},{"time":4.8,"angle":0}],"translate":[{"time":0,"x":0,"y":0,"curve":"stepped"},{"time":2.4,"x":0,"y":0,"curve":"stepped"},{"time":4.8,"x":0,"y":0}],"scale":[{"time":0,"x":1,"y":1,"curve":"stepped"},{"time":2.4,"x":1,"y":1,"curve":"stepped"},{"time":4.8,"x":1,"y":1}]},"bone26":{"rotate":[{"time":0,"angle":0,"curve":"stepped"},{"time":2.4,"angle":0,"curve":"stepped"},{"time":4.8,"angle":0}],"translate":[{"time":0,"x":0,"y":0,"curve":"stepped"},{"time":2.4,"x":0,"y":0,"curve":"stepped"},{"time":4.8,"x":0,"y":0}],"scale":[{"time":0,"x":1,"y":1,"curve":"stepped"},{"time":2.4,"x":1,"y":1,"curve":"stepped"},{"time":4.8,"x":1,"y":1}]},"slwh_xcshizimz1":{"rotate":[{"time":0,"angle":0,"curve":[0.25,0,0.75,1]},{"time":0.8,"angle":-13.02,"curve":[0.25,0,0.75,1]},{"time":1.6,"angle":6.14,"curve":[0.25,0,0.75,1]},{"time":2.4,"angle":0,"curve":[0.25,0,0.75,1]},{"time":3.2,"angle":-13.02,"curve":[0.25,0,0.75,1]},{"time":4,"angle":6.14,"curve":[0.25,0,0.75,1]},{"time":4.8,"angle":0}],"translate":[{"time":0,"x":0,"y":0,"curve":"stepped"},{"time":2.4,"x":0,"y":0,"curve":"stepped"},{"time":4.8,"x":0,"y":0}],"scale":[{"time":0,"x":1,"y":1,"curve":"stepped"},{"time":2.4,"x":1,"y":1,"curve":"stepped"},{"time":4.8,"x":1,"y":1}]},"slwh_xcshizimz4":{"rotate":[{"time":0,"angle":0,"curve":[0.25,0,0.75,1]},{"time":0.8,"angle":2.08,"curve":[0.25,0,0.75,1]},{"time":1.6,"angle":-2.95,"curve":[0.25,0,0.75,1]},{"time":2.4,"angle":0,"curve":[0.25,0,0.75,1]},{"time":3.2,"angle":2.08,"curve":[0.25,0,0.75,1]},{"time":4,"angle":-2.95,"curve":[0.25,0,0.75,1]},{"time":4.8,"angle":0}],"translate":[{"time":0,"x":0,"y":0,"curve":"stepped"},{"time":2.4,"x":0,"y":0,"curve":"stepped"},{"time":4.8,"x":0,"y":0}],"scale":[{"time":0,"x":1,"y":1,"curve":"stepped"},{"time":2.4,"x":1,"y":1,"curve":"stepped"},{"time":4.8,"x":1,"y":1}]},"bone27":{"rotate":[{"time":0,"angle":0,"curve":[0.25,0,0.75,1]},{"time":0.8,"angle":2.08,"curve":[0.25,0,0.75,1]},{"time":1.6,"angle":-2.95,"curve":[0.25,0,0.75,1]},{"time":2.4,"angle":0,"curve":[0.25,0,0.75,1]},{"time":3.2,"angle":2.08,"curve":[0.25,0,0.75,1]},{"time":4,"angle":-2.95,"curve":[0.25,0,0.75,1]},{"time":4.8,"angle":0}],"translate":[{"time":0,"x":0,"y":0,"curve":"stepped"},{"time":2.4,"x":0,"y":0,"curve":"stepped"},{"time":4.8,"x":0,"y":0}],"scale":[{"time":0,"x":1,"y":1,"curve":"stepped"},{"time":2.4,"x":1,"y":1,"curve":"stepped"},{"time":4.8,"x":1,"y":1}]},"slwh_xcshizimz3":{"rotate":[{"time":0,"angle":0,"curve":"stepped"},{"time":2.4,"angle":0,"curve":"stepped"},{"time":4.8,"angle":0}],"translate":[{"time":0,"x":0,"y":0,"curve":"stepped"},{"time":2.4,"x":0,"y":0,"curve":"stepped"},{"time":4.8,"x":0,"y":0}],"scale":[{"time":0,"x":1,"y":1,"curve":"stepped"},{"time":2.4,"x":1,"y":1,"curve":"stepped"},{"time":4.8,"x":1,"y":1}]},"slwh_xcshizimz2":{"rotate":[{"time":0,"angle":0,"curve":"stepped"},{"time":2.4,"angle":0,"curve":"stepped"},{"time":4.8,"angle":0}],"translate":[{"time":0,"x":0,"y":0,"curve":"stepped"},{"time":2.4,"x":0,"y":0,"curve":"stepped"},{"time":4.8,"x":0,"y":0}],"scale":[{"time":0,"x":1,"y":1,"curve":"stepped"},{"time":2.4,"x":1,"y":1,"curve":"stepped"},{"time":4.8,"x":1,"y":1}]},"slwh_xcshizimaike":{"rotate":[{"time":0,"angle":0,"curve":"stepped"},{"time":2.4,"angle":0,"curve":"stepped"},{"time":4.8,"angle":0}],"translate":[{"time":0,"x":0,"y":0,"curve":"stepped"},{"time":2.4,"x":0,"y":0,"curve":"stepped"},{"time":4.8,"x":0,"y":0}],"scale":[{"time":0,"x":1,"y":1,"curve":"stepped"},{"time":2.4,"x":1,"y":1,"curve":"stepped"},{"time":4.8,"x":1,"y":1}]},"bone28":{"rotate":[{"time":0,"angle":1.76,"curve":[0.25,0,0.75,1]},{"time":0.4,"angle":0,"curve":[0.25,0,0.75,1]},{"time":1.6,"angle":6.2,"curve":[0.25,0,0.75,1]},{"time":2.4,"angle":1.76,"curve":[0.25,0,0.75,1]},{"time":2.8,"angle":0,"curve":[0.25,0,0.75,1]},{"time":4,"angle":6.2,"curve":[0.25,0,0.75,1]},{"time":4.8,"angle":1.76}],"translate":[{"time":0,"x":0,"y":0,"curve":"stepped"},{"time":2.4,"x":0,"y":0,"curve":"stepped"},{"time":4.8,"x":0,"y":0}],"scale":[{"time":0,"x":1,"y":1,"curve":"stepped"},{"time":2.4,"x":1,"y":1,"curve":"stepped"},{"time":4.8,"x":1,"y":1}]},"bone29":{"rotate":[{"time":0,"angle":4.44,"curve":[0.25,0,0.75,1]},{"time":0.8,"angle":0,"curve":[0.25,0,0.75,1]},{"time":2,"angle":6.2,"curve":[0.25,0,0.75,1]},{"time":2.4,"angle":4.44,"curve":[0.25,0,0.75,1]},{"time":3.2,"angle":0,"curve":[0.25,0,0.75,1]},{"time":4.4,"angle":6.2,"curve":[0.25,0,0.75,1]},{"time":4.8,"angle":4.44}],"translate":[{"time":0,"x":0,"y":0,"curve":"stepped"},{"time":2.4,"x":0,"y":0,"curve":"stepped"},{"time":4.8,"x":0,"y":0}],"scale":[{"time":0,"x":1,"y":1,"curve":"stepped"},{"time":2.4,"x":1,"y":1,"curve":"stepped"},{"time":4.8,"x":1,"y":1}]},"slwh_xcshizirear":{"rotate":[{"time":0,"angle":-0.74,"curve":[0.25,0,0.75,1]},{"time":0.2667,"angle":0,"curve":[0.25,0,0.75,1]},{"time":1.4667,"angle":-4.78,"curve":[0.25,0,0.75,1]},{"time":2.4,"angle":-0.74,"curve":[0.25,0,0.75,1]},{"time":2.6667,"angle":0,"curve":[0.25,0,0.75,1]},{"time":3.8667,"angle":-4.78,"curve":[0.25,0,0.75,1]},{"time":4.8,"angle":-0.74}],"translate":[{"time":0,"x":0,"y":0,"curve":"stepped"},{"time":2.4,"x":0,"y":0,"curve":"stepped"},{"time":4.8,"x":0,"y":0}],"scale":[{"time":0,"x":1,"y":1,"curve":"stepped"},{"time":2.4,"x":1,"y":1,"curve":"stepped"},{"time":4.8,"x":1,"y":1}]},"bone30":{"rotate":[{"time":0,"angle":-2.04,"curve":[0.25,0,0.75,1]},{"time":0.5333,"angle":0,"curve":[0.25,0,0.75,1]},{"time":1.7333,"angle":-4.78,"curve":[0.25,0,0.75,1]},{"time":2.4,"angle":-2.04,"curve":[0.25,0,0.75,1]},{"time":2.9333,"angle":0,"curve":[0.25,0,0.75,1]},{"time":4.1333,"angle":-4.78,"curve":[0.25,0,0.75,1]},{"time":4.8,"angle":-2.04}],"translate":[{"time":0,"x":0,"y":0,"curve":"stepped"},{"time":2.4,"x":0,"y":0,"curve":"stepped"},{"time":4.8,"x":0,"y":0}],"scale":[{"time":0,"x":1,"y":1,"curve":"stepped"},{"time":2.4,"x":1,"y":1,"curve":"stepped"},{"time":4.8,"x":1,"y":1}]},"bone31":{"rotate":[{"time":0,"angle":-3.42,"curve":[0.25,0,0.75,1]},{"time":0.8,"angle":0,"curve":[0.25,0,0.75,1]},{"time":2,"angle":-4.78,"curve":[0.25,0,0.75,1]},{"time":2.4,"angle":-3.42,"curve":[0.25,0,0.75,1]},{"time":3.2,"angle":0,"curve":[0.25,0,0.75,1]},{"time":4.4,"angle":-4.78,"curve":[0.25,0,0.75,1]},{"time":4.8,"angle":-3.42}],"translate":[{"time":0,"x":0,"y":0,"curve":"stepped"},{"time":2.4,"x":0,"y":0,"curve":"stepped"},{"time":4.8,"x":0,"y":0}],"scale":[{"time":0,"x":1,"y":1,"curve":"stepped"},{"time":2.4,"x":1,"y":1,"curve":"stepped"},{"time":4.8,"x":1,"y":1}]},"bone":{"rotate":[{"time":0,"angle":-0.89,"curve":[0.25,0,0.75,1]},{"time":0.4,"angle":0,"curve":[0.25,0,0.75,1]},{"time":1.6,"angle":-3.83,"curve":[0.25,0,0.75,1]},{"time":2.4,"angle":-0.89,"curve":[0.25,0,0.75,1]},{"time":2.8,"angle":0,"curve":[0.25,0,0.75,1]},{"time":4,"angle":-3.83,"curve":[0.25,0,0.75,1]},{"time":4.8,"angle":-0.89}],"translate":[{"time":0,"x":0,"y":0,"curve":"stepped"},{"time":2.4,"x":0,"y":0,"curve":"stepped"},{"time":4.8,"x":0,"y":0}],"scale":[{"time":0,"x":1,"y":1,"curve":"stepped"},{"time":2.4,"x":1,"y":1,"curve":"stepped"},{"time":4.8,"x":1,"y":1}]},"bone9":{"rotate":[{"time":0,"angle":-1.57,"curve":[0.25,0,0.75,1]},{"time":0.6,"angle":1.73,"curve":[0.25,0,0.75,1]},{"time":1.8,"angle":-4.15,"curve":[0.25,0,0.75,1]},{"time":2.4,"angle":-1.57,"curve":[0.25,0,0.75,1]},{"time":3,"angle":1.73,"curve":[0.25,0,0.75,1]},{"time":4.2,"angle":-4.15,"curve":[0.25,0,0.75,1]},{"time":4.8,"angle":-1.57}],"translate":[{"time":0,"x":0,"y":0,"curve":"stepped"},{"time":2.4,"x":0,"y":0,"curve":"stepped"},{"time":4.8,"x":0,"y":0}],"scale":[{"time":0,"x":1,"y":1,"curve":"stepped"},{"time":2.4,"x":1,"y":1,"curve":"stepped"},{"time":4.8,"x":1,"y":1}]},"bone10":{"rotate":[{"time":0,"angle":-2.24,"curve":[0.25,0,0.75,1]},{"time":0.8,"angle":3.16,"curve":[0.25,0,0.75,1]},{"time":2,"angle":-3.13,"curve":[0.25,0,0.75,1]},{"time":2.4,"angle":-2.24,"curve":[0.25,0,0.75,1]},{"time":3.2,"angle":3.16,"curve":[0.25,0,0.75,1]},{"time":4.4,"angle":-3.13,"curve":[0.25,0,0.75,1]},{"time":4.8,"angle":-2.24}],"translate":[{"time":0,"x":0,"y":0,"curve":"stepped"},{"time":2.4,"x":0,"y":0,"curve":"stepped"},{"time":4.8,"x":0,"y":0}],"scale":[{"time":0,"x":1,"y":1,"curve":"stepped"},{"time":2.4,"x":1,"y":1,"curve":"stepped"},{"time":4.8,"x":1,"y":1}]},"bone11":{"rotate":[{"time":0,"angle":-2.84,"curve":[0.25,0,0.75,1]},{"time":1,"angle":4.16,"curve":[0.25,0,0.75,1]},{"time":2.2,"angle":-3.14,"curve":[0.25,0,0.75,1]},{"time":2.4,"angle":-2.84,"curve":[0.25,0,0.75,1]},{"time":3.4,"angle":4.16,"curve":[0.25,0,0.75,1]},{"time":4.6,"angle":-3.14,"curve":[0.25,0,0.75,1]},{"time":4.8,"angle":-2.84}],"translate":[{"time":0,"x":0,"y":0,"curve":"stepped"},{"time":2.4,"x":0,"y":0,"curve":"stepped"},{"time":4.8,"x":0,"y":0}],"scale":[{"time":0,"x":1,"y":1,"curve":"stepped"},{"time":2.4,"x":1,"y":1,"curve":"stepped"},{"time":4.8,"x":1,"y":1}]},"bone6":{"rotate":[{"time":0,"angle":0,"curve":[0.25,0,0.75,1]},{"time":1.2,"angle":5.07,"curve":[0.25,0,0.75,1]},{"time":2.4,"angle":0,"curve":[0.25,0,0.75,1]},{"time":3.6,"angle":5.07,"curve":[0.25,0,0.75,1]},{"time":4.8,"angle":0}],"translate":[{"time":0,"x":0,"y":0,"curve":[0.25,0,0.75,1]},{"time":1.2,"x":-1.11,"y":1.09,"curve":[0.25,0,0.75,1]},{"time":2.4,"x":0,"y":0,"curve":[0.25,0,0.75,1]},{"time":3.6,"x":-1.11,"y":1.09,"curve":[0.25,0,0.75,1]},{"time":4.8,"x":0,"y":0}],"scale":[{"time":0,"x":1,"y":1,"curve":"stepped"},{"time":2.4,"x":1,"y":1,"curve":"stepped"},{"time":4.8,"x":1,"y":1}]},"bone7":{"rotate":[{"time":0,"angle":0,"curve":[0.25,0,0.75,1]},{"time":1.2,"angle":-3.22,"curve":[0.25,0,0.75,1]},{"time":2.4,"angle":0,"curve":[0.25,0,0.75,1]},{"time":3.6,"angle":-3.22,"curve":[0.25,0,0.75,1]},{"time":4.8,"angle":0}],"translate":[{"time":0,"x":0,"y":0,"curve":[0.25,0,0.75,1]},{"time":1.2,"x":0.64,"y":1.52,"curve":[0.25,0,0.75,1]},{"time":2.4,"x":0,"y":0,"curve":[0.25,0,0.75,1]},{"time":3.6,"x":0.64,"y":1.52,"curve":[0.25,0,0.75,1]},{"time":4.8,"x":0,"y":0}],"scale":[{"time":0,"x":1,"y":1,"curve":"stepped"},{"time":2.4,"x":1,"y":1,"curve":"stepped"},{"time":4.8,"x":1,"y":1}]},"bone8":{"rotate":[{"time":0,"angle":0,"curve":[0.25,0,0.75,1]},{"time":1.2,"angle":-3.22,"curve":[0.25,0,0.75,1]},{"time":2.4,"angle":0,"curve":[0.25,0,0.75,1]},{"time":3.6,"angle":-3.22,"curve":[0.25,0,0.75,1]},{"time":4.8,"angle":0}],"translate":[{"time":0,"x":0,"y":0,"curve":[0.25,0,0.75,1]},{"time":1.2,"x":0.99,"y":1.32,"curve":[0.25,0,0.75,1]},{"time":2.4,"x":0,"y":0,"curve":[0.25,0,0.75,1]},{"time":3.6,"x":0.99,"y":1.32,"curve":[0.25,0,0.75,1]},{"time":4.8,"x":0,"y":0}],"scale":[{"time":0,"x":1,"y":1,"curve":"stepped"},{"time":2.4,"x":1,"y":1,"curve":"stepped"},{"time":4.8,"x":1,"y":1}]},"slwh_xcshizilshoubi":{"rotate":[{"time":0,"angle":0,"curve":[0.25,0,0.75,1]},{"time":1.2,"angle":-7.74,"curve":[0.25,0,0.75,1]},{"time":2.4,"angle":0,"curve":[0.25,0,0.75,1]},{"time":3.6,"angle":-7.74,"curve":[0.25,0,0.75,1]},{"time":4.8,"angle":0}],"translate":[{"time":0,"x":0,"y":0,"curve":"stepped"},{"time":2.4,"x":0,"y":0,"curve":"stepped"},{"time":4.8,"x":0,"y":0}],"scale":[{"time":0,"x":1,"y":1,"curve":"stepped"},{"time":2.4,"x":1,"y":1,"curve":"stepped"},{"time":4.8,"x":1,"y":1}]},"bone17":{"rotate":[{"time":0,"angle":-0.34,"curve":[0.25,0,0.75,1]},{"time":0.2,"angle":0,"curve":[0.25,0,0.75,1]},{"time":1.4,"angle":-3.51,"curve":[0.25,0,0.75,1]},{"time":2.4,"angle":-0.34,"curve":[0.25,0,0.75,1]},{"time":2.6,"angle":0,"curve":[0.25,0,0.75,1]},{"time":3.8,"angle":-3.51,"curve":[0.25,0,0.75,1]},{"time":4.8,"angle":-0.34}],"translate":[{"time":0,"x":0,"y":0,"curve":"stepped"},{"time":2.4,"x":0,"y":0,"curve":"stepped"},{"time":4.8,"x":0,"y":0}],"scale":[{"time":0,"x":1,"y":1,"curve":"stepped"},{"time":2.4,"x":1,"y":1,"curve":"stepped"},{"time":4.8,"x":1,"y":1}]},"slwh_xcshizilhand":{"rotate":[{"time":0,"angle":-0.72,"curve":[0.25,0,0.75,1]},{"time":0.4,"angle":0,"curve":[0.25,0,0.75,1]},{"time":1.6,"angle":-2.55,"curve":[0.25,0,0.75,1]},{"time":2.4,"angle":-0.72,"curve":[0.25,0,0.75,1]},{"time":2.8,"angle":0,"curve":[0.25,0,0.75,1]},{"time":4,"angle":-2.55,"curve":[0.25,0,0.75,1]},{"time":4.8,"angle":-0.72}],"translate":[{"time":0,"x":0,"y":0,"curve":"stepped"},{"time":2.4,"x":0,"y":0,"curve":"stepped"},{"time":4.8,"x":0,"y":0}],"scale":[{"time":0,"x":1,"y":1,"curve":"stepped"},{"time":2.4,"x":1,"y":1,"curve":"stepped"},{"time":4.8,"x":1,"y":1}]},"bone18":{"rotate":[{"time":0,"angle":-2.6,"curve":[0.25,0,0.75,1]},{"time":0.6,"angle":0,"curve":[0.25,0,0.75,1]},{"time":1.8,"angle":-5.21,"curve":[0.25,0,0.75,1]},{"time":2.4,"angle":-2.6,"curve":[0.25,0,0.75,1]},{"time":3,"angle":0,"curve":[0.25,0,0.75,1]},{"time":4.2,"angle":-5.21,"curve":[0.25,0,0.75,1]},{"time":4.8,"angle":-2.6}],"translate":[{"time":0,"x":0,"y":0,"curve":"stepped"},{"time":2.4,"x":0,"y":0,"curve":"stepped"},{"time":4.8,"x":0,"y":0}],"scale":[{"time":0,"x":1,"y":1,"curve":"stepped"},{"time":2.4,"x":1,"y":1,"curve":"stepped"},{"time":4.8,"x":1,"y":1}]},"bone19":{"rotate":[{"time":0,"angle":-3.73,"curve":[0.25,0,0.75,1]},{"time":0.8,"angle":0,"curve":[0.25,0,0.75,1]},{"time":2.4,"angle":-3.73,"curve":[0.25,0,0.75,1]},{"time":3.2,"angle":0,"curve":[0.25,0,0.75,1]},{"time":4.8,"angle":-3.73}],"translate":[{"time":0,"x":0,"y":0,"curve":"stepped"},{"time":2.4,"x":0,"y":0,"curve":"stepped"},{"time":4.8,"x":0,"y":0}],"scale":[{"time":0,"x":1,"y":1,"curve":"stepped"},{"time":2.4,"x":1,"y":1,"curve":"stepped"},{"time":4.8,"x":1,"y":1}]},"bone20":{"rotate":[{"time":0,"angle":-2.6,"curve":[0.25,0,0.75,1]},{"time":0.6,"angle":0,"curve":[0.25,0,0.75,1]},{"time":1.8,"angle":-5.21,"curve":[0.25,0,0.75,1]},{"time":2.4,"angle":-2.6,"curve":[0.25,0,0.75,1]},{"time":3,"angle":0,"curve":[0.25,0,0.75,1]},{"time":4.2,"angle":-5.21,"curve":[0.25,0,0.75,1]},{"time":4.8,"angle":-2.6}],"translate":[{"time":0,"x":0,"y":0,"curve":"stepped"},{"time":2.4,"x":0,"y":0,"curve":"stepped"},{"time":4.8,"x":0,"y":0}],"scale":[{"time":0,"x":1,"y":1,"curve":"stepped"},{"time":2.4,"x":1,"y":1,"curve":"stepped"},{"time":4.8,"x":1,"y":1}]},"bone21":{"rotate":[{"time":0,"angle":-3.73,"curve":[0.25,0,0.75,1]},{"time":0.8,"angle":0,"curve":[0.25,0,0.75,1]},{"time":2.4,"angle":-3.73,"curve":[0.25,0,0.75,1]},{"time":3.2,"angle":0,"curve":[0.25,0,0.75,1]},{"time":4.8,"angle":-3.73}],"translate":[{"time":0,"x":0,"y":0,"curve":"stepped"},{"time":2.4,"x":0,"y":0,"curve":"stepped"},{"time":4.8,"x":0,"y":0}],"scale":[{"time":0,"x":1,"y":1,"curve":"stepped"},{"time":2.4,"x":1,"y":1,"curve":"stepped"},{"time":4.8,"x":1,"y":1}]},"bone22":{"rotate":[{"time":0,"angle":-2.6,"curve":[0.25,0,0.75,1]},{"time":0.6,"angle":0,"curve":[0.25,0,0.75,1]},{"time":1.8,"angle":-5.21,"curve":[0.25,0,0.75,1]},{"time":2.4,"angle":-2.6,"curve":[0.25,0,0.75,1]},{"time":3,"angle":0,"curve":[0.25,0,0.75,1]},{"time":4.2,"angle":-5.21,"curve":[0.25,0,0.75,1]},{"time":4.8,"angle":-2.6}],"translate":[{"time":0,"x":0,"y":0,"curve":"stepped"},{"time":2.4,"x":0,"y":0,"curve":"stepped"},{"time":4.8,"x":0,"y":0}],"scale":[{"time":0,"x":1,"y":1,"curve":"stepped"},{"time":2.4,"x":1,"y":1,"curve":"stepped"},{"time":4.8,"x":1,"y":1}]}},"deform":{"default":{"slwh_xcshizibody":{"slwh_xcshizibody":[{"time":0,"offset":2,"vertices":[0.66404,-0.58468,-0.25535,0.84697,-0.14056,0.87347,-0.04612,0.88368,0,0,0,0,0,0,0,0,-0.12466,0.48776,0.42208,-0.27381,0.36133,-0.35033,0.2939,-0.40863,0.4526,0.55317,-0.1395,0.69159,-0.34187,0.63087,0.67678,-0.23332,0.62024,-0.35921,0.54763,-0.4629,0,0,0,0,0,0,0,0,0,0,0,0,0,0,0,0,0,0,0,0,0,0,0,0,0,0,0,0,0,0,0,0,0,0,0,0,0,0,0,0,0,0,0,0,0,0,0,0,0,0,0,0,0,0,0,0,0,0,0,0,0,0,0,0,0,0,0,0,0,0,0,0,0,0,0,0,0,0,0,0,0,0,0,0,0,0,0,0,0,0,0,0,0,0,0,0,0,0,-0.40231,0.40231,0.00987,-0.56559,-0.564,-0.08663,0.23756,0.51653,0.33178,0.46126,0.40758,0.3957,0.13151,0.37025,0.2002,0.3382,0.25661,0.29773,0,0,0,0,0,0,-1.0067,0.16957,0.62339,-0.82017,-0.87024,-0.59529,-0.09321,1.03822,0.04058,1.02938,0.14209,1.00543,0.66404,-0.58468,-0.25535,0.84697,-0.14056,0.87347,-0.04612,0.88368,0,0,0,0,0,0,0,0,0,0,-1.11259,-0.03139,0.83533,-0.7355,-0.59628,-0.93972,-0.32118,1.06556,-0.17681,1.09884,-0.05802,1.11158,-1.29208,0.26954,0.75591,-1.0723,-0.94645,-0.90724,-0.09908,1.33854,0.09149,1.3238,0.24357,1.28585,-0.42524,1.15972,-0.24794,1.21306,-0.09231,1.23692,-1.11259,-0.03139,0.83533,-0.7355,-0.59628,-0.93972,-0.77023,-0.80346,-0.25165,-1.08418,-1.11259,-0.03139,-0.59628,-0.93972,-0.77023,-0.80346,-0.25165,-1.08418,0.21501,-1.09199,0,0,0,0,0,0,0,0,-0.68862,0.4204,-0.84572,-0.20256,-0.50947,-0.51785,0.25409,0.82496,0.34167,0.75185,0.38998,0.67863,-0.12778,0.35825,-0.1086,0.36963,-0.10307,0.38214,-0.09865,0.62148,-0.01723,0.62877,0.32133,-0.28295,-0.06803,0.42267,-0.02231,0.42768,0.03903,0.38828,0.07696,0.37487],"curve":[0.25,0,0.75,1]},{"time":0.2667,"curve":[0.25,0,0.75,1]},{"time":1.4667,"offset":2,"vertices":[4.30463,-3.79019,-1.65529,5.49051,-0.91121,5.66229,-0.29895,5.72845,0,0,0,0,0,0,0,0,-0.80812,3.1619,2.73615,-1.77497,2.34235,-2.27104,1.90521,-2.64896,2.934,3.58597,-0.90431,4.48323,-2.21619,4.0896,4.38722,-1.51251,4.02069,-2.32859,3.55005,-3.00074,0,0,0,0,0,0,0,0,0,0,0,0,0,0,0,0,0,0,0,0,0,0,0,0,0,0,0,0,0,0,0,0,0,0,0,0,0,0,0,0,0,0,0,0,0,0,0,0,0,0,0,0,0,0,0,0,0,0,0,0,0,0,0,0,0,0,0,0,0,0,0,0,0,0,0,0,0,0,0,0,0,0,0,0,0,0,0,0,0,0,0,0,0,0,0,0,0,0,-2.60799,2.608,0.06398,-3.66645,-3.65613,-0.5616,1.53999,3.34838,2.15079,2.99012,2.64214,2.56512,0.85253,2.40015,1.29781,2.19241,1.6635,1.93002,0,0,0,0,0,0,-6.52597,1.09927,4.04114,-5.31679,-5.64136,-3.85895,-0.60423,6.73029,0.26303,6.673,0.92111,6.5177,4.30463,-3.79019,-1.65529,5.49051,-0.91121,5.66229,-0.29895,5.72845,0,0,0,0,0,0,0,0,0,0,-7.2124,-0.20349,5.41507,-4.76791,-3.86542,-6.09177,-2.08205,6.9075,-1.14618,7.12326,-0.37613,7.20581,-8.37594,1.74727,4.9002,-6.95121,-6.1354,-5.88121,-0.64228,8.67709,0.59309,8.58158,1.57895,8.33558,-2.75663,7.51791,-1.6073,7.86369,-0.59841,8.01836,-7.2124,-0.20349,5.41507,-4.76791,-3.86542,-6.09177,-4.99304,-5.20844,-1.63132,-7.0282,-7.2124,-0.20349,-3.86542,-6.09177,-4.99304,-5.20844,-1.63132,-7.0282,1.39379,-7.07886,0,0,0,0,0,0,0,0,-4.46399,2.72526,-5.48237,-1.3131,-3.30262,-3.35699,1.64714,5.3478,2.21489,4.87391,2.52807,4.39924,-0.82834,2.32235,-0.70401,2.39616,-0.66815,2.47726,-0.63951,4.02878,-0.1117,4.07603,2.08304,-1.8342,-0.44102,2.73999,-0.14464,2.77246,0.25301,2.51705,0.49893,2.43011],"curve":[0.25,0,0.75,1]},{"time":2.4,"offset":2,"vertices":[0.66404,-0.58468,-0.25535,0.84697,-0.14056,0.87347,-0.04612,0.88368,0,0,0,0,0,0,0,0,-0.12466,0.48776,0.42208,-0.27381,0.36133,-0.35033,0.2939,-0.40863,0.4526,0.55317,-0.1395,0.69159,-0.34187,0.63087,0.67678,-0.23332,0.62024,-0.35921,0.54763,-0.4629,0,0,0,0,0,0,0,0,0,0,0,0,0,0,0,0,0,0,0,0,0,0,0,0,0,0,0,0,0,0,0,0,0,0,0,0,0,0,0,0,0,0,0,0,0,0,0,0,0,0,0,0,0,0,0,0,0,0,0,0,0,0,0,0,0,0,0,0,0,0,0,0,0,0,0,0,0,0,0,0,0,0,0,0,0,0,0,0,0,0,0,0,0,0,0,0,0,0,-0.40231,0.40231,0.00987,-0.56559,-0.564,-0.08663,0.23756,0.51653,0.33178,0.46126,0.40758,0.3957,0.13151,0.37025,0.2002,0.3382,0.25661,0.29773,0,0,0,0,0,0,-1.0067,0.16957,0.62339,-0.82017,-0.87024,-0.59529,-0.09321,1.03822,0.04058,1.02938,0.14209,1.00543,0.66404,-0.58468,-0.25535,0.84697,-0.14056,0.87347,-0.04612,0.88368,0,0,0,0,0,0,0,0,0,0,-1.11259,-0.03139,0.83533,-0.7355,-0.59628,-0.93972,-0.32118,1.06556,-0.17681,1.09884,-0.05802,1.11158,-1.29208,0.26954,0.75591,-1.0723,-0.94645,-0.90724,-0.09908,1.33854,0.09149,1.3238,0.24357,1.28585,-0.42524,1.15972,-0.24794,1.21306,-0.09231,1.23692,-1.11259,-0.03139,0.83533,-0.7355,-0.59628,-0.93972,-0.77023,-0.80346,-0.25165,-1.08418,-1.11259,-0.03139,-0.59628,-0.93972,-0.77023,-0.80346,-0.25165,-1.08418,0.21501,-1.09199,0,0,0,0,0,0,0,0,-0.68862,0.4204,-0.84572,-0.20256,-0.50947,-0.51785,0.25409,0.82496,0.34167,0.75185,0.38998,0.67863,-0.12778,0.35825,-0.1086,0.36963,-0.10307,0.38214,-0.09865,0.62148,-0.01723,0.62877,0.32133,-0.28295,-0.06803,0.42267,-0.02231,0.42768,0.03903,0.38828,0.07696,0.37487],"curve":[0.25,0,0.75,1]},{"time":2.6667,"curve":[0.25,0,0.75,1]},{"time":3.8667,"offset":2,"vertices":[4.30463,-3.79019,-1.65529,5.49051,-0.91121,5.66229,-0.29895,5.72845,0,0,0,0,0,0,0,0,-0.80812,3.1619,2.73615,-1.77497,2.34235,-2.27104,1.90521,-2.64896,2.934,3.58597,-0.90431,4.48323,-2.21619,4.0896,4.38722,-1.51251,4.02069,-2.32859,3.55005,-3.00074,0,0,0,0,0,0,0,0,0,0,0,0,0,0,0,0,0,0,0,0,0,0,0,0,0,0,0,0,0,0,0,0,0,0,0,0,0,0,0,0,0,0,0,0,0,0,0,0,0,0,0,0,0,0,0,0,0,0,0,0,0,0,0,0,0,0,0,0,0,0,0,0,0,0,0,0,0,0,0,0,0,0,0,0,0,0,0,0,0,0,0,0,0,0,0,0,0,0,-2.60799,2.608,0.06398,-3.66645,-3.65613,-0.5616,1.53999,3.34838,2.15079,2.99012,2.64214,2.56512,0.85253,2.40015,1.29781,2.19241,1.6635,1.93002,0,0,0,0,0,0,-6.52597,1.09927,4.04114,-5.31679,-5.64136,-3.85895,-0.60423,6.73029,0.26303,6.673,0.92111,6.5177,4.30463,-3.79019,-1.65529,5.49051,-0.91121,5.66229,-0.29895,5.72845,0,0,0,0,0,0,0,0,0,0,-7.2124,-0.20349,5.41507,-4.76791,-3.86542,-6.09177,-2.08205,6.9075,-1.14618,7.12326,-0.37613,7.20581,-8.37594,1.74727,4.9002,-6.95121,-6.1354,-5.88121,-0.64228,8.67709,0.59309,8.58158,1.57895,8.33558,-2.75663,7.51791,-1.6073,7.86369,-0.59841,8.01836,-7.2124,-0.20349,5.41507,-4.76791,-3.86542,-6.09177,-4.99304,-5.20844,-1.63132,-7.0282,-7.2124,-0.20349,-3.86542,-6.09177,-4.99304,-5.20844,-1.63132,-7.0282,1.39379,-7.07886,0,0,0,0,0,0,0,0,-4.46399,2.72526,-5.48237,-1.3131,-3.30262,-3.35699,1.64714,5.3478,2.21489,4.87391,2.52807,4.39924,-0.82834,2.32235,-0.70401,2.39616,-0.66815,2.47726,-0.63951,4.02878,-0.1117,4.07603,2.08304,-1.8342,-0.44102,2.73999,-0.14464,2.77246,0.25301,2.51705,0.49893,2.43011],"curve":[0.25,0,0.75,1]},{"time":4.8,"offset":2,"vertices":[0.66404,-0.58468,-0.25535,0.84697,-0.14056,0.87347,-0.04612,0.88368,0,0,0,0,0,0,0,0,-0.12466,0.48776,0.42208,-0.27381,0.36133,-0.35033,0.2939,-0.40863,0.4526,0.55317,-0.1395,0.69159,-0.34187,0.63087,0.67678,-0.23332,0.62024,-0.35921,0.54763,-0.4629,0,0,0,0,0,0,0,0,0,0,0,0,0,0,0,0,0,0,0,0,0,0,0,0,0,0,0,0,0,0,0,0,0,0,0,0,0,0,0,0,0,0,0,0,0,0,0,0,0,0,0,0,0,0,0,0,0,0,0,0,0,0,0,0,0,0,0,0,0,0,0,0,0,0,0,0,0,0,0,0,0,0,0,0,0,0,0,0,0,0,0,0,0,0,0,0,0,0,-0.40231,0.40231,0.00987,-0.56559,-0.564,-0.08663,0.23756,0.51653,0.33178,0.46126,0.40758,0.3957,0.13151,0.37025,0.2002,0.3382,0.25661,0.29773,0,0,0,0,0,0,-1.0067,0.16957,0.62339,-0.82017,-0.87024,-0.59529,-0.09321,1.03822,0.04058,1.02938,0.14209,1.00543,0.66404,-0.58468,-0.25535,0.84697,-0.14056,0.87347,-0.04612,0.88368,0,0,0,0,0,0,0,0,0,0,-1.11259,-0.03139,0.83533,-0.7355,-0.59628,-0.93972,-0.32118,1.06556,-0.17681,1.09884,-0.05802,1.11158,-1.29208,0.26954,0.75591,-1.0723,-0.94645,-0.90724,-0.09908,1.33854,0.09149,1.3238,0.24357,1.28585,-0.42524,1.15972,-0.24794,1.21306,-0.09231,1.23692,-1.11259,-0.03139,0.83533,-0.7355,-0.59628,-0.93972,-0.77023,-0.80346,-0.25165,-1.08418,-1.11259,-0.03139,-0.59628,-0.93972,-0.77023,-0.80346,-0.25165,-1.08418,0.21501,-1.09199,0,0,0,0,0,0,0,0,-0.68862,0.4204,-0.84572,-0.20256,-0.50947,-0.51785,0.25409,0.82496,0.34167,0.75185,0.38998,0.67863,-0.12778,0.35825,-0.1086,0.36963,-0.10307,0.38214,-0.09865,0.62148,-0.01723,0.62877,0.32133,-0.28295,-0.06803,0.42267,-0.02231,0.42768,0.03903,0.38828,0.07696,0.37487]}]},"slwh_xcshizihead":{"slwh_xcshizihead":[{"time":0,"offset":66,"vertices":[0.49596,-0.0685,0.24796,-0.03477,0.61169,-0.08434,0.5183,0.33531,0.36369,-0.05048,0.11569,-0.01676,0,0,0,0,0,0,0,0,0,0,0.36369,-0.05048],"curve":[0.25,0,0.75,1]},{"time":0.2,"curve":[0.25,0,0.75,1]},{"time":1.4,"offset":66,"vertices":[5.14195,-0.71014,2.57076,-0.36047,6.34181,-0.87442,5.37354,3.47641,3.77065,-0.52341,1.19946,-0.17374,0,0,0,0,0,0,0,0,0,0,3.77065,-0.52341],"curve":[0.25,0,0.75,1]},{"time":2.4,"offset":66,"vertices":[0.49596,-0.0685,0.24796,-0.03477,0.61169,-0.08434,0.5183,0.33531,0.36369,-0.05048,0.11569,-0.01676,0,0,0,0,0,0,0,0,0,0,0.36369,-0.05048],"curve":[0.25,0,0.75,1]},{"time":2.6,"curve":[0.25,0,0.75,1]},{"time":3.8,"offset":66,"vertices":[5.14195,-0.71014,2.57076,-0.36047,6.34181,-0.87442,5.37354,3.47641,3.77065,-0.52341,1.19946,-0.17374,0,0,0,0,0,0,0,0,0,0,3.77065,-0.52341],"curve":[0.25,0,0.75,1]},{"time":4.8,"offset":66,"vertices":[0.49596,-0.0685,0.24796,-0.03477,0.61169,-0.08434,0.5183,0.33531,0.36369,-0.05048,0.11569,-0.01676,0,0,0,0,0,0,0,0,0,0,0.36369,-0.05048]}]},"slwh_xcshiziheadmao":{"slwh_xcshiziheadmao":[{"time":0,"offset":2,"vertices":[-1.91778,-0.09177,0,0,-2.51707,-0.12044,-2.51707,-0.12044,0,0,0,0,0,0,0,0,-3.35612,-0.16057,0,0,0,0,4.60835,0.21991,5.00122,0.23868,5.03764,0.2404,4.7256,0.22549,3.97932,0.18982,3.43283,0.16371,3.17764,0.15147,3.06563,0.14613,3.42358,0.16325,4.09625,0.19542,3.13019,0.14923,3.78044,0.18033,3.73445,0.1781,3.57123,0.17032,2.92248,0.13931],"curve":[0.25,0,0.75,1]},{"time":0.6,"offset":2,"vertices":[-0.95889,-0.04588,0,0,-1.25854,-0.06022,-1.25854,-0.06022,0,0,0,0,0,0,0,0,-1.67806,-0.08028,0,0,0,0,2.30417,0.10995,2.50061,0.11934,2.51882,0.1202,2.3628,0.11275,1.98966,0.09491,1.71641,0.08186,1.58882,0.07574,1.53282,0.07307,1.71179,0.08163,2.04812,0.09771,1.5651,0.07462,1.89022,0.09016,1.86722,0.08905,1.78562,0.08516,1.46124,0.06966],"curve":[0.25,0,0.75,1]},{"time":1.8,"offset":2,"vertices":[-2.87668,-0.13765,0,0,-3.77561,-0.18066,-3.77561,-0.18066,0,0,0,0,0,0,0,0,-5.03419,-0.24085,0,0,0,0,6.91252,0.32986,7.50183,0.35802,7.55647,0.3606,7.08841,0.33824,5.96899,0.28473,5.14924,0.24557,4.76646,0.22721,4.59845,0.2192,5.13537,0.24488,6.14437,0.29313,4.69529,0.22385,5.67066,0.27049,5.60168,0.26715,5.35685,0.25548,4.38372,0.20897],"curve":[0.25,0,0.75,1]},{"time":2.4,"offset":2,"vertices":[-1.91778,-0.09177,0,0,-2.51707,-0.12044,-2.51707,-0.12044,0,0,0,0,0,0,0,0,-3.35612,-0.16057,0,0,0,0,4.60835,0.21991,5.00122,0.23868,5.03764,0.2404,4.7256,0.22549,3.97932,0.18982,3.43283,0.16371,3.17764,0.15147,3.06563,0.14613,3.42358,0.16325,4.09625,0.19542,3.13019,0.14923,3.78044,0.18033,3.73445,0.1781,3.57123,0.17032,2.92248,0.13931],"curve":[0.25,0,0.75,1]},{"time":3,"offset":2,"vertices":[-0.95889,-0.04588,0,0,-1.25854,-0.06022,-1.25854,-0.06022,0,0,0,0,0,0,0,0,-1.67806,-0.08028,0,0,0,0,2.30417,0.10995,2.50061,0.11934,2.51882,0.1202,2.3628,0.11275,1.98966,0.09491,1.71641,0.08186,1.58882,0.07574,1.53282,0.07307,1.71179,0.08163,2.04812,0.09771,1.5651,0.07462,1.89022,0.09016,1.86722,0.08905,1.78562,0.08516,1.46124,0.06966],"curve":[0.25,0,0.75,1]},{"time":4.2,"offset":2,"vertices":[-2.87668,-0.13765,0,0,-3.77561,-0.18066,-3.77561,-0.18066,0,0,0,0,0,0,0,0,-5.03419,-0.24085,0,0,0,0,6.91252,0.32986,7.50183,0.35802,7.55647,0.3606,7.08841,0.33824,5.96899,0.28473,5.14924,0.24557,4.76646,0.22721,4.59845,0.2192,5.13537,0.24488,6.14437,0.29313,4.69529,0.22385,5.67066,0.27049,5.60168,0.26715,5.35685,0.25548,4.38372,0.20897],"curve":[0.25,0,0.75,1]},{"time":4.8,"offset":2,"vertices":[-1.91778,-0.09177,0,0,-2.51707,-0.12044,-2.51707,-0.12044,0,0,0,0,0,0,0,0,-3.35612,-0.16057,0,0,0,0,4.60835,0.21991,5.00122,0.23868,5.03764,0.2404,4.7256,0.22549,3.97932,0.18982,3.43283,0.16371,3.17764,0.15147,3.06563,0.14613,3.42358,0.16325,4.09625,0.19542,3.13019,0.14923,3.78044,0.18033,3.73445,0.1781,3.57123,0.17032,2.92248,0.13931]}]},"slwh_xcshizilyifu":{"slwh_xcshizilyifu":[{"time":0,"curve":[0.25,0,0.75,1]},{"time":1.2,"offset":34,"vertices":[-1.09955,-0.99867,-1.38575,-0.53497,-0.03186,1.4851,-1.34481,0.63095,-1.0268,1.07345,1.35866,0.60054,-1.45658,-0.01081,-1.36248,0.51518,0.94781,1.10608,-2.03706,-0.30644,-2.01051,0.44876,1.10574,1.73807,-2.4575,0.33746,0,0,0,0,0,0,0,0,0,0,0,0,0,0,0,0,-1.72159,0.36596,-1.47379,0.96216,1.40601,1.05874,-1.25288,0.01984,-1.16142,0.47031,0.83724,0.93226],"curve":[0.25,0,0.75,1]},{"time":2.4,"curve":[0.25,0,0.75,1]},{"time":3.6,"offset":34,"vertices":[-1.09955,-0.99867,-1.38575,-0.53497,-0.03186,1.4851,-1.34481,0.63095,-1.0268,1.07345,1.35866,0.60054,-1.45658,-0.01081,-1.36248,0.51518,0.94781,1.10608,-2.03706,-0.30644,-2.01051,0.44876,1.10574,1.73807,-2.4575,0.33746,0,0,0,0,0,0,0,0,0,0,0,0,0,0,0,0,-1.72159,0.36596,-1.47379,0.96216,1.40601,1.05874,-1.25288,0.01984,-1.16142,0.47031,0.83724,0.93226],"curve":[0.25,0,0.75,1]},{"time":4.8}]},"slwh_xcshizirear":{"slwh_xcshizirear":[{"time":0,"curve":"stepped"},{"time":2.4,"curve":"stepped"},{"time":4.8}]},"slwh_xcshiziryifu":{"slwh_xcshiziryifu":[{"time":0,"curve":[0.25,0,0.75,1]},{"time":1.2,"offset":20,"vertices":[-0.91687,-1.24087,-2.25473,-1.14762,-1.94544,-1.24828,-1.63981,-0.83463,-1.21629,-1.38067,0,0,0,0,0,0,0,0,0,0,0,0,-1.74045,-1.14396,-1.19574,-1.7053],"curve":[0.25,0,0.75,1]},{"time":2.4,"curve":[0.25,0,0.75,1]},{"time":3.6,"offset":20,"vertices":[-0.91687,-1.24087,-2.25473,-1.14762,-1.94544,-1.24828,-1.63981,-0.83463,-1.21629,-1.38067,0,0,0,0,0,0,0,0,0,0,0,0,-1.74045,-1.14396,-1.19574,-1.7053],"curve":[0.25,0,0.75,1]},{"time":4.8}]}}}}}}