{"skeleton":{"hash":"zKdo3ztKCgixDhWZeTTisUkJKZ0","spine":"3.6.37","width":408,"height":576,"images":"./slwh_zjxc_images/"},"bones":[{"name":"root"},{"name":"hip","parent":"root"},{"name":"slwh_zjxclg","parent":"hip","y":2.09,"scaleX":4,"scaleY":4}],"slots":[{"name":"slwh_zjxclg","bone":"slwh_zjxclg","attachment":"slwh_zjxclg0","blend":"additive"}],"skins":{"default":{"slwh_zjxclg":{"slwh_zjxclg0":{"width":102,"height":144},"slwh_zjxclg1":{"width":102,"height":144},"slwh_zjxclg2":{"width":102,"height":144},"slwh_zjxclg3":{"width":102,"height":144},"slwh_zjxclg4":{"width":102,"height":144},"slwh_zjxclg5":{"width":102,"height":144},"slwh_zjxclg6":{"width":102,"height":144},"slwh_zjxclg7":{"width":102,"height":144},"slwh_zjxclg8":{"width":102,"height":144},"slwh_zjxclg9":{"width":102,"height":144},"slwh_zjxclg10":{"width":102,"height":144},"slwh_zjxclg11":{"width":102,"height":144},"slwh_zjxclg12":{"width":102,"height":144},"slwh_zjxclg13":{"width":102,"height":144},"slwh_zjxclg14":{"width":102,"height":144},"slwh_zjxclg15":{"width":102,"height":144},"slwh_zjxclg16":{"width":102,"height":144},"slwh_zjxclg17":{"width":102,"height":144},"slwh_zjxclg18":{"width":102,"height":144},"slwh_zjxclg19":{"width":102,"height":144},"slwh_zjxclg20":{"width":102,"height":144},"slwh_zjxclg21":{"width":102,"height":144},"slwh_zjxclg22":{"width":102,"height":144},"slwh_zjxclg23":{"width":102,"height":144},"slwh_zjxclg24":{"width":102,"height":144},"slwh_zjxclg25":{"width":102,"height":144},"slwh_zjxclg26":{"width":102,"height":144},"slwh_zjxclg27":{"width":102,"height":144},"slwh_zjxclg28":{"width":102,"height":144},"slwh_zjxclg29":{"width":102,"height":144},"slwh_zjxclg30":{"width":102,"height":144},"slwh_zjxclg31":{"width":102,"height":144},"slwh_zjxclg32":{"width":102,"height":144},"slwh_zjxclg33":{"width":102,"height":144},"slwh_zjxclg34":{"width":102,"height":144},"slwh_zjxclg35":{"width":102,"height":144}}}},"animations":{"animation":{"slots":{"slwh_zjxclg":{"attachment":[{"time":0,"name":"slwh_zjxclg0"},{"time":0.0667,"name":"slwh_zjxclg1"},{"time":0.1333,"name":"slwh_zjxclg2"},{"time":0.2,"name":"slwh_zjxclg3"},{"time":0.2667,"name":"slwh_zjxclg4"},{"time":0.3333,"name":"slwh_zjxclg5"},{"time":0.4,"name":"slwh_zjxclg6"},{"time":0.4667,"name":"slwh_zjxclg7"},{"time":0.5333,"name":"slwh_zjxclg8"},{"time":0.6,"name":"slwh_zjxclg9"},{"time":0.6667,"name":"slwh_zjxclg10"},{"time":0.7333,"name":"slwh_zjxclg11"},{"time":0.8,"name":"slwh_zjxclg12"},{"time":0.8667,"name":"slwh_zjxclg13"},{"time":0.9333,"name":"slwh_zjxclg14"},{"time":1,"name":"slwh_zjxclg15"},{"time":1.0667,"name":"slwh_zjxclg16"},{"time":1.1333,"name":"slwh_zjxclg17"},{"time":1.2,"name":"slwh_zjxclg18"},{"time":1.2667,"name":"slwh_zjxclg19"},{"time":1.3333,"name":"slwh_zjxclg20"},{"time":1.4,"name":"slwh_zjxclg21"},{"time":1.4667,"name":"slwh_zjxclg22"},{"time":1.5333,"name":"slwh_zjxclg23"},{"time":1.6,"name":"slwh_zjxclg24"},{"time":1.6667,"name":"slwh_zjxclg25"},{"time":1.7333,"name":"slwh_zjxclg26"},{"time":1.8,"name":"slwh_zjxclg27"},{"time":1.8667,"name":"slwh_zjxclg28"},{"time":1.9333,"name":"slwh_zjxclg29"},{"time":2,"name":"slwh_zjxclg30"},{"time":2.0667,"name":"slwh_zjxclg31"},{"time":2.1333,"name":"slwh_zjxclg32"},{"time":2.2,"name":"slwh_zjxclg33"},{"time":2.2667,"name":"slwh_zjxclg34"},{"time":2.3333,"name":"slwh_zjxclg35"},{"time":2.4,"name":"slwh_zjxclg0"},{"time":2.4667,"name":"slwh_zjxclg1"},{"time":2.5333,"name":"slwh_zjxclg2"},{"time":2.6,"name":"slwh_zjxclg3"},{"time":2.6667,"name":"slwh_zjxclg4"},{"time":2.7333,"name":"slwh_zjxclg5"},{"time":2.8,"name":"slwh_zjxclg6"},{"time":2.8667,"name":"slwh_zjxclg7"},{"time":2.9333,"name":"slwh_zjxclg8"},{"time":3,"name":"slwh_zjxclg9"},{"time":3.0667,"name":"slwh_zjxclg10"},{"time":3.1333,"name":"slwh_zjxclg11"},{"time":3.2,"name":"slwh_zjxclg12"},{"time":3.2667,"name":"slwh_zjxclg13"},{"time":3.3333,"name":"slwh_zjxclg14"},{"time":3.4,"name":"slwh_zjxclg15"},{"time":3.4667,"name":"slwh_zjxclg16"},{"time":3.5333,"name":"slwh_zjxclg17"},{"time":3.6,"name":"slwh_zjxclg18"},{"time":3.6667,"name":"slwh_zjxclg19"},{"time":3.7333,"name":"slwh_zjxclg20"},{"time":3.8,"name":"slwh_zjxclg21"},{"time":3.8667,"name":"slwh_zjxclg22"},{"time":3.9333,"name":"slwh_zjxclg23"},{"time":4,"name":"slwh_zjxclg24"},{"time":4.0667,"name":"slwh_zjxclg25"},{"time":4.1333,"name":"slwh_zjxclg26"},{"time":4.2,"name":"slwh_zjxclg27"},{"time":4.2667,"name":"slwh_zjxclg28"},{"time":4.3333,"name":"slwh_zjxclg29"},{"time":4.4,"name":"slwh_zjxclg30"},{"time":4.4667,"name":"slwh_zjxclg31"},{"time":4.5333,"name":"slwh_zjxclg32"},{"time":4.6,"name":"slwh_zjxclg33"},{"time":4.6667,"name":"slwh_zjxclg34"},{"time":4.7333,"name":"slwh_zjxclg35"},{"time":4.8,"name":"slwh_zjxclg0"}]}},"bones":{"root":{"rotate":[{"time":0,"angle":0,"curve":"stepped"},{"time":2.4,"angle":0}],"translate":[{"time":0,"x":0,"y":0,"curve":"stepped"},{"time":2.4,"x":0,"y":0}],"scale":[{"time":0,"x":1,"y":1,"curve":"stepped"},{"time":2.4,"x":1,"y":1}]},"hip":{"rotate":[{"time":0,"angle":0,"curve":"stepped"},{"time":2.4,"angle":0}],"translate":[{"time":0,"x":0,"y":0,"curve":"stepped"},{"time":2.4,"x":0,"y":0}],"scale":[{"time":0,"x":1,"y":1,"curve":"stepped"},{"time":2.4,"x":1,"y":1}]}}}}}