{
    "bindingConfig": [
        {
            "boneName": "Bone_spin05",
            "bindings": []
        },
        {
            "boneName": "Bone_spin04",
            "bindings": [
                {
                    "type": 1,
                    "rct": {
                        "center": [
                            0.0,
                            0.0,
                            0.0
                        ],
                        "extension": [
                            106.0,
                            52.0,
                            54.0
                        ],
                        "rotation": [
                            0.0,
                            0.0,
                            0.0
                        ],
                        "scale": [
                            1.0,
                            1.0,
                            1.0
                        ],
                        "translation": [
                            0.0,
                            0.0,
                            0.0
                        ]
                    },
                    "hex": {
                        "p1": [
                            0.0,
                            0.0,
                            0.0
                        ],
                        "p2": [
                            0.0,
                            0.0,
                            0.0
                        ],
                        "p3": [
                            0.0,
                            0.0,
                            0.0
                        ],
                        "p4": [
                            0.0,
                            0.0,
                            0.0
                        ],
                        "p5": [
                            0.0,
                            0.0,
                            0.0
                        ],
                        "p6": [
                            0.0,
                            0.0,
                            0.0
                        ],
                        "p7": [
                            0.0,
                            0.0,
                            0.0
                        ],
                        "p8": [
                            0.0,
                            0.0,
                            0.0
                        ],
                        "rotation": [
                            0.0,
                            0.0,
                            0.0
                        ],
                        "scale": [
                            1.0,
                            1.0,
                            1.0
                        ],
                        "translation": [
                            0.0,
                            0.0,
                            0.0
                        ]
                    }
                }
            ]
        },
        {
            "boneName": "Bone_spin03",
            "bindings": []
        },
        {
            "boneName": "Bone_q2",
            "bindings": []
        },
        {
            "boneName": "Bone_spin02",
            "bindings": []
        },
        {
            "boneName": "Bone_L2",
            "bindings": [
                {
                    "type": 1,
                    "rct": {
                        "center": [
                            0.0,
                            0.0,
                            0.0
                        ],
                        "extension": [
                            73.0,
                            9.0,
                            46.0
                        ],
                        "rotation": [
                            -0.2617993950843811,
                            0.0,
                            -0.03490658476948738
                        ],
                        "scale": [
                            1.0,
                            1.0,
                            1.0
                        ],
                        "translation": [
                            54.0,
                            0.0,
                            0.0
                        ]
                    },
                    "hex": {
                        "p1": [
                            0.0,
                            0.0,
                            0.0
                        ],
                        "p2": [
                            0.0,
                            0.0,
                            0.0
                        ],
                        "p3": [
                            0.0,
                            0.0,
                            0.0
                        ],
                        "p4": [
                            0.0,
                            0.0,
                            0.0
                        ],
                        "p5": [
                            0.0,
                            0.0,
                            0.0
                        ],
                        "p6": [
                            0.0,
                            0.0,
                            0.0
                        ],
                        "p7": [
                            0.0,
                            0.0,
                            0.0
                        ],
                        "p8": [
                            0.0,
                            0.0,
                            0.0
                        ],
                        "rotation": [
                            0.0,
                            0.0,
                            0.0
                        ],
                        "scale": [
                            1.0,
                            1.0,
                            1.0
                        ],
                        "translation": [
                            0.0,
                            0.0,
                            0.0
                        ]
                    }
                }
            ]
        },
        {
            "boneName": "Bone_L",
            "bindings": []
        },
        {
            "boneName": "Bone_R2",
            "bindings": [
                {
                    "type": 1,
                    "rct": {
                        "center": [
                            0.0,
                            0.0,
                            0.0
                        ],
                        "extension": [
                            62.0,
                            6.0,
                            48.0
                        ],
                        "rotation": [
                            0.1745329201221466,
                            0.0,
                            0.01745329238474369
                        ],
                        "scale": [
                            1.0,
                            1.0,
                            1.0
                        ],
                        "translation": [
                            52.0,
                            0.0,
                            0.0
                        ]
                    },
                    "hex": {
                        "p1": [
                            0.0,
                            0.0,
                            0.0
                        ],
                        "p2": [
                            0.0,
                            0.0,
                            0.0
                        ],
                        "p3": [
                            0.0,
                            0.0,
                            0.0
                        ],
                        "p4": [
                            0.0,
                            0.0,
                            0.0
                        ],
                        "p5": [
                            0.0,
                            0.0,
                            0.0
                        ],
                        "p6": [
                            0.0,
                            0.0,
                            0.0
                        ],
                        "p7": [
                            0.0,
                            0.0,
                            0.0
                        ],
                        "p8": [
                            0.0,
                            0.0,
                            0.0
                        ],
                        "rotation": [
                            0.0,
                            0.0,
                            0.0
                        ],
                        "scale": [
                            1.0,
                            1.0,
                            1.0
                        ],
                        "translation": [
                            0.0,
                            0.0,
                            0.0
                        ]
                    }
                }
            ]
        },
        {
            "boneName": "Bone_R",
            "bindings": []
        },
        {
            "boneName": "Bone_q1",
            "bindings": []
        },
        {
            "boneName": "Bone_spin01",
            "bindings": []
        },
        {
            "boneName": "Bone_meimao_L",
            "bindings": []
        },
        {
            "boneName": "Bone_yanpi_R",
            "bindings": []
        },
        {
            "boneName": "Bone_eye_R",
            "bindings": []
        },
        {
            "boneName": "Bone_eye_L",
            "bindings": []
        },
        {
            "boneName": "Bone_yanpi_L",
            "bindings": []
        },
        {
            "boneName": "Bone_meimao_R",
            "bindings": []
        },
        {
            "boneName": "Bone_head",
            "bindings": []
        },
        {
            "boneName": "Bip01",
            "bindings": [
                {
                    "type": 1,
                    "rct": {
                        "center": [
                            0.0,
                            0.0,
                            0.0
                        ],
                        "extension": [
                            285.0,
                            121.0,
                            142.0
                        ],
                        "rotation": [
                            0.0,
                            0.0,
                            0.0
                        ],
                        "scale": [
                            1.0,
                            1.0,
                            1.0
                        ],
                        "translation": [
                            0.0,
                            0.0,
                            0.0
                        ]
                    },
                    "hex": {
                        "p1": [
                            0.0,
                            0.0,
                            0.0
                        ],
                        "p2": [
                            0.0,
                            0.0,
                            0.0
                        ],
                        "p3": [
                            0.0,
                            0.0,
                            0.0
                        ],
                        "p4": [
                            0.0,
                            0.0,
                            0.0
                        ],
                        "p5": [
                            0.0,
                            0.0,
                            0.0
                        ],
                        "p6": [
                            0.0,
                            0.0,
                            0.0
                        ],
                        "p7": [
                            0.0,
                            0.0,
                            0.0
                        ],
                        "p8": [
                            0.0,
                            0.0,
                            0.0
                        ],
                        "rotation": [
                            0.0,
                            0.0,
                            0.0
                        ],
                        "scale": [
                            1.0,
                            1.0,
                            1.0
                        ],
                        "translation": [
                            0.0,
                            0.0,
                            0.0
                        ]
                    }
                }
            ]
        }
    ]
}