{"skeleton":{"hash":"UKUH+1OvdxGZnLZ9/ldPZXBvKY0","spine":"3.6.37","width":346,"height":110.88,"images":"./slwh_quickstart_images/"},"bones":[{"name":"root"},{"name":"slwh_quickstartdb","parent":"root"},{"name":"slwh_quickstartjt","parent":"slwh_quickstartdb","x":114.5,"y":-4.49},{"name":"slwh_quickstartjt2","parent":"slwh_quickstartdb","x":130.19,"y":-4.49},{"name":"slwh_quickstartlg","parent":"slwh_quickstartdb","y":2.89,"scaleX":2,"scaleY":2},{"name":"slwh_quickstarttext","parent":"slwh_quickstartdb"}],"slots":[{"name":"slwh_quickstartdb","bone":"slwh_quickstartdb","attachment":"slwh_quickstartdb"},{"name":"slwh_quickstarttext","bone":"slwh_quickstarttext","attachment":"slwh_quickstarttext"},{"name":"slwh_quickstarttextfg","bone":"slwh_quickstarttext","blend":"additive"},{"name":"slwh_quickstartjt","bone":"slwh_quickstartjt","attachment":"slwh_quickstartjt"},{"name":"slwh_quickstartjt3","bone":"slwh_quickstartjt","blend":"additive"},{"name":"slwh_quickstartjt2","bone":"slwh_quickstartjt2","attachment":"slwh_quickstartjt"},{"name":"slwh_quickstartjt4","bone":"slwh_quickstartjt2","blend":"additive"},{"name":"slwh_quickstartlg","bone":"slwh_quickstartlg","attachment":"slwh_quickstartlg0","blend":"additive"}],"skins":{"default":{"slwh_quickstartdb":{"slwh_quickstartdb":{"width":346,"height":108}},"slwh_quickstartjt":{"slwh_quickstartjt":{"width":31,"height":51}},"slwh_quickstartjt2":{"slwh_quickstartjt":{"width":31,"height":51}},"slwh_quickstartjt3":{"slwh_quickstartjt":{"width":31,"height":51}},"slwh_quickstartjt4":{"slwh_quickstartjt":{"width":31,"height":51}},"slwh_quickstartlg":{"slwh_quickstartlg0":{"width":171,"height":54},"slwh_quickstartlg1":{"width":171,"height":54},"slwh_quickstartlg2":{"width":171,"height":54},"slwh_quickstartlg3":{"width":171,"height":54},"slwh_quickstartlg4":{"width":171,"height":54},"slwh_quickstartlg5":{"width":171,"height":54},"slwh_quickstartlg6":{"width":171,"height":54},"slwh_quickstartlg7":{"width":171,"height":54},"slwh_quickstartlg8":{"width":171,"height":54},"slwh_quickstartlg9":{"width":171,"height":54},"slwh_quickstartlg10":{"width":171,"height":54},"slwh_quickstartlg11":{"width":171,"height":54},"slwh_quickstartlg12":{"width":171,"height":54},"slwh_quickstartlg13":{"width":171,"height":54},"slwh_quickstartlg14":{"width":171,"height":54},"slwh_quickstartlg15":{"width":171,"height":54},"slwh_quickstartlg16":{"width":171,"height":54},"slwh_quickstartlg17":{"width":171,"height":54},"slwh_quickstartlg18":{"width":171,"height":54},"slwh_quickstartlg19":{"width":171,"height":54},"slwh_quickstartlg20":{"width":171,"height":54},"slwh_quickstartlg21":{"width":171,"height":54},"slwh_quickstartlg22":{"width":171,"height":54},"slwh_quickstartlg23":{"width":171,"height":54},"slwh_quickstartlg24":{"width":171,"height":54},"slwh_quickstartlg25":{"width":171,"height":54},"slwh_quickstartlg26":{"width":171,"height":54},"slwh_quickstartlg27":{"width":171,"height":54},"slwh_quickstartlg28":{"width":171,"height":54},"slwh_quickstartlg29":{"width":171,"height":54},"slwh_quickstartlg30":{"width":171,"height":54},"slwh_quickstartlg31":{"width":171,"height":54},"slwh_quickstartlg32":{"width":171,"height":54},"slwh_quickstartlg33":{"width":171,"height":54},"slwh_quickstartlg34":{"width":171,"height":54},"slwh_quickstartlg35":{"width":171,"height":54}},"slwh_quickstarttext":{"slwh_quickstarttext":{"x":-11.5,"y":-2.99,"width":235,"height":70}},"slwh_quickstarttextfg":{"slwh_quickstarttextfg":{"x":-11.5,"y":2.37,"width":237,"height":69}}}},"animations":{"animation":{"slots":{"slwh_quickstartjt":{"color":[{"time":0,"color":"ffffff80","curve":[0.311,0.8,0.582,1]},{"time":0.5667,"color":"fffffffe","curve":[0.354,0.41,0.756,1]},{"time":1.8333,"color":"ffffff80","curve":"stepped"},{"time":2.4,"color":"ffffff80","curve":[0.311,0.8,0.582,1]},{"time":2.9667,"color":"fffffffe","curve":[0.354,0.41,0.756,1]},{"time":4.2333,"color":"ffffff80","curve":"stepped"},{"time":4.8,"color":"ffffff80"}]},"slwh_quickstartjt2":{"color":[{"time":0,"color":"ffffff80","curve":"stepped"},{"time":0.4,"color":"ffffff80","curve":[0.311,0.8,0.582,1]},{"time":0.9667,"color":"fffffffe","curve":[0.354,0.41,0.756,1]},{"time":2.2333,"color":"ffffff80","curve":"stepped"},{"time":2.4,"color":"ffffff80","curve":"stepped"},{"time":2.8,"color":"ffffff80","curve":[0.311,0.8,0.582,1]},{"time":3.3667,"color":"fffffffe","curve":[0.354,0.41,0.756,1]},{"time":4.6333,"color":"ffffff80"}]},"slwh_quickstartjt3":{"color":[{"time":0,"color":"ffffff00","curve":"stepped"},{"time":0.1667,"color":"ffffff00","curve":[0.311,0.8,0.582,1]},{"time":0.7333,"color":"ffffff12","curve":[0.354,0.41,0.756,1]},{"time":2,"color":"ffffff00","curve":"stepped"},{"time":2.4,"color":"ffffff00","curve":"stepped"},{"time":2.5667,"color":"ffffff00","curve":[0.311,0.8,0.582,1]},{"time":3.1333,"color":"ffffff12","curve":[0.354,0.41,0.756,1]},{"time":4.4,"color":"ffffff00","curve":"stepped"},{"time":4.8,"color":"ffffff00"}],"attachment":[{"time":0,"name":"slwh_quickstartjt"},{"time":2.4,"name":"slwh_quickstartjt"},{"time":4.8,"name":"slwh_quickstartjt"}]},"slwh_quickstartjt4":{"color":[{"time":0,"color":"ffffff00","curve":"stepped"},{"time":0.5667,"color":"ffffff00","curve":[0.311,0.8,0.582,1]},{"time":1.1333,"color":"ffffff12","curve":[0.354,0.41,0.756,1]},{"time":2.4,"color":"ffffff00","curve":"stepped"},{"time":2.9667,"color":"ffffff00","curve":[0.311,0.8,0.582,1]},{"time":3.5333,"color":"ffffff12","curve":[0.354,0.41,0.756,1]},{"time":4.8,"color":"ffffff00"}],"attachment":[{"time":0,"name":"slwh_quickstartjt"},{"time":2.4,"name":"slwh_quickstartjt"},{"time":4.8,"name":"slwh_quickstartjt"}]},"slwh_quickstartlg":{"attachment":[{"time":0,"name":"slwh_quickstartlg0"},{"time":0.0667,"name":"slwh_quickstartlg1"},{"time":0.1333,"name":"slwh_quickstartlg2"},{"time":0.2,"name":"slwh_quickstartlg3"},{"time":0.2667,"name":"slwh_quickstartlg4"},{"time":0.3333,"name":"slwh_quickstartlg5"},{"time":0.4,"name":"slwh_quickstartlg6"},{"time":0.4667,"name":"slwh_quickstartlg7"},{"time":0.5333,"name":"slwh_quickstartlg8"},{"time":0.6,"name":"slwh_quickstartlg9"},{"time":0.6667,"name":"slwh_quickstartlg10"},{"time":0.7333,"name":"slwh_quickstartlg11"},{"time":0.8,"name":"slwh_quickstartlg12"},{"time":0.8667,"name":"slwh_quickstartlg13"},{"time":0.9333,"name":"slwh_quickstartlg14"},{"time":1,"name":"slwh_quickstartlg15"},{"time":1.0667,"name":"slwh_quickstartlg16"},{"time":1.1333,"name":"slwh_quickstartlg17"},{"time":1.2,"name":"slwh_quickstartlg18"},{"time":1.2667,"name":"slwh_quickstartlg19"},{"time":1.3333,"name":"slwh_quickstartlg20"},{"time":1.4,"name":"slwh_quickstartlg21"},{"time":1.4667,"name":"slwh_quickstartlg22"},{"time":1.5333,"name":"slwh_quickstartlg23"},{"time":1.6,"name":"slwh_quickstartlg24"},{"time":1.6667,"name":"slwh_quickstartlg25"},{"time":1.7333,"name":"slwh_quickstartlg26"},{"time":1.8,"name":"slwh_quickstartlg27"},{"time":1.8667,"name":"slwh_quickstartlg28"},{"time":1.9333,"name":"slwh_quickstartlg29"},{"time":2,"name":"slwh_quickstartlg30"},{"time":2.0667,"name":"slwh_quickstartlg31"},{"time":2.1333,"name":"slwh_quickstartlg32"},{"time":2.2,"name":"slwh_quickstartlg33"},{"time":2.2667,"name":"slwh_quickstartlg34"},{"time":2.3333,"name":"slwh_quickstartlg35"},{"time":2.4,"name":"slwh_quickstartlg0"},{"time":2.4667,"name":"slwh_quickstartlg1"},{"time":2.5333,"name":"slwh_quickstartlg2"},{"time":2.6,"name":"slwh_quickstartlg3"},{"time":2.6667,"name":"slwh_quickstartlg4"},{"time":2.7333,"name":"slwh_quickstartlg5"},{"time":2.8,"name":"slwh_quickstartlg6"},{"time":2.8667,"name":"slwh_quickstartlg7"},{"time":2.9333,"name":"slwh_quickstartlg8"},{"time":3,"name":"slwh_quickstartlg9"},{"time":3.0667,"name":"slwh_quickstartlg10"},{"time":3.1333,"name":"slwh_quickstartlg11"},{"time":3.2,"name":"slwh_quickstartlg12"},{"time":3.2667,"name":"slwh_quickstartlg13"},{"time":3.3333,"name":"slwh_quickstartlg14"},{"time":3.4,"name":"slwh_quickstartlg15"},{"time":3.4667,"name":"slwh_quickstartlg16"},{"time":3.5333,"name":"slwh_quickstartlg17"},{"time":3.6,"name":"slwh_quickstartlg18"},{"time":3.6667,"name":"slwh_quickstartlg19"},{"time":3.7333,"name":"slwh_quickstartlg20"},{"time":3.8,"name":"slwh_quickstartlg21"},{"time":3.8667,"name":"slwh_quickstartlg22"},{"time":3.9333,"name":"slwh_quickstartlg23"},{"time":4,"name":"slwh_quickstartlg24"},{"time":4.0667,"name":"slwh_quickstartlg25"},{"time":4.1333,"name":"slwh_quickstartlg26"},{"time":4.2,"name":"slwh_quickstartlg27"},{"time":4.2667,"name":"slwh_quickstartlg28"},{"time":4.3333,"name":"slwh_quickstartlg29"},{"time":4.4,"name":"slwh_quickstartlg30"},{"time":4.4667,"name":"slwh_quickstartlg31"},{"time":4.5333,"name":"slwh_quickstartlg32"},{"time":4.6,"name":"slwh_quickstartlg33"},{"time":4.6667,"name":"slwh_quickstartlg34"},{"time":4.7333,"name":"slwh_quickstartlg35"},{"time":4.8,"name":"slwh_quickstartlg0"}]},"slwh_quickstarttextfg":{"color":[{"time":0,"color":"ffffff00","curve":[0.311,0.8,0.582,1]},{"time":1.2,"color":"ffffff32","curve":[0.375,0.5,0.75,1]},{"time":2.4,"color":"ffffff00","curve":[0.311,0.8,0.582,1]},{"time":3.6,"color":"ffffff32","curve":[0.375,0.5,0.75,1]},{"time":4.8,"color":"ffffff00"}],"attachment":[{"time":0,"name":"slwh_quickstarttextfg"},{"time":2.4,"name":"slwh_quickstarttextfg"},{"time":4.8,"name":"slwh_quickstarttextfg"}]}}}}}