{"skeleton":{"hash":"Lu2tmSm80mCG0ict6zn9Ofj2VZY","spine":"2.1.27","width":0,"height":0,"images":"./images/"},"bones":[{"name":"root"},{"name":"yuboombowen","parent":"root","scaleX":2,"scaleY":2},{"name":"yuboombowen2","parent":"root","scaleX":2,"scaleY":2},{"name":"yuboomgc","parent":"root","scaleX":2,"scaleY":2},{"name":"yuboomgc2","parent":"root","scaleX":2,"scaleY":2,"rotation":-62},{"name":"yuboomgc3","parent":"root","scaleX":2,"scaleY":2,"rotation":-313},{"name":"yuboomgc4","parent":"root","scaleX":2,"scaleY":2,"rotation":-110},{"name":"yuboomgc5","parent":"root","scaleX":2,"scaleY":2,"rotation":-188},{"name":"yuboomgc6","parent":"root","scaleX":2,"scaleY":2,"rotation":-267},{"name":"yuboomgc7","parent":"root","scaleX":2,"scaleY":21,"rotation":-143},{"name":"yuboomgc8","parent":"root","scaleX":2,"scaleY":2,"rotation":-238},{"name":"yuboomgq","parent":"root","scaleX":2,"scaleY":2},{"name":"yuboomjinbi","parent":"root","scaleX":2,"scaleY":2},{"name":"yuboomlizi","parent":"root","scaleX":3,"scaleY":3},{"name":"yuboomlizi2","parent":"root","scaleX":2.3,"scaleY":2.3,"rotation":60},{"name":"yuboomlizi3","parent":"root","scaleX":2,"scaleY":2,"rotation":120}],"slots":[{"name":"yuboomlizi3","bone":"yuboomlizi3","blend":"additive"},{"name":"yuboomlizi2","bone":"yuboomlizi2","blend":"additive"},{"name":"yuboomlizi","bone":"yuboomlizi","blend":"additive"},{"name":"yuboomgc","bone":"yuboomgc","blend":"additive"},{"name":"yuboomgc2","bone":"yuboomgc2","blend":"additive"},{"name":"yuboomgc3","bone":"yuboomgc3","blend":"additive"},{"name":"yuboomgc4","bone":"yuboomgc4","blend":"additive"},{"name":"yuboomgc5","bone":"yuboomgc5","blend":"additive"},{"name":"yuboomgc6","bone":"yuboomgc6","blend":"additive"},{"name":"yuboomgc7","bone":"yuboomgc7","blend":"additive"},{"name":"yuboomgc8","bone":"yuboomgc8","blend":"additive"},{"name":"yuboombowen","bone":"yuboombowen","blend":"additive"},{"name":"yuboombowen2","bone":"yuboombowen2","blend":"additive"},{"name":"yuboomgq","bone":"yuboomgq","blend":"additive"},{"name":"yuboomjinbi","bone":"yuboomjinbi"}],"skins":{"default":{"yuboombowen":{"yuboombowen1":{"width":254,"height":262},"yuboombowen2":{"width":254,"height":262},"yuboombowen3":{"width":254,"height":262},"yuboombowen4":{"width":254,"height":262},"yuboombowen5":{"width":254,"height":262},"yuboombowen6":{"width":254,"height":262},"yuboombowen7":{"width":254,"height":262},"yuboombowen8":{"width":254,"height":262},"yuboombowen9":{"width":254,"height":262},"yuboombowen10":{"width":254,"height":262},"yuboombowen11":{"width":254,"height":262},"yuboombowen12":{"width":254,"height":262},"yuboombowen13":{"width":254,"height":262},"yuboombowen14":{"width":254,"height":262},"yuboombowen15":{"width":254,"height":262},"yuboombowen16":{"width":254,"height":262},"yuboombowen17":{"width":254,"height":262},"yuboombowen18":{"width":254,"height":262}},"yuboombowen2":{"yuboombowen1":{"width":254,"height":262},"yuboombowen2":{"width":254,"height":262},"yuboombowen3":{"width":254,"height":262},"yuboombowen4":{"width":254,"height":262},"yuboombowen5":{"width":254,"height":262},"yuboombowen6":{"width":254,"height":262},"yuboombowen7":{"width":254,"height":262},"yuboombowen8":{"width":254,"height":262},"yuboombowen9":{"width":254,"height":262},"yuboombowen10":{"width":254,"height":262},"yuboombowen11":{"width":254,"height":262},"yuboombowen12":{"width":254,"height":262},"yuboombowen13":{"width":254,"height":262},"yuboombowen14":{"width":254,"height":262},"yuboombowen15":{"width":254,"height":262},"yuboombowen16":{"width":254,"height":262},"yuboombowen17":{"width":254,"height":262},"yuboombowen18":{"width":254,"height":262}},"yuboomgc":{"yuboomgc0":{"y":64.47,"width":17,"height":155},"yuboomgc1":{"y":64.47,"width":17,"height":155},"yuboomgc2":{"y":64.47,"width":17,"height":155},"yuboomgc3":{"y":64.47,"width":17,"height":155},"yuboomgc4":{"y":64.47,"width":17,"height":155},"yuboomgc5":{"y":64.47,"width":17,"height":155},"yuboomgc6":{"y":64.47,"width":17,"height":155},"yuboomgc7":{"y":64.47,"width":17,"height":155},"yuboomgc8":{"y":64.47,"width":17,"height":155},"yuboomgc9":{"y":64.47,"width":17,"height":155},"yuboomgc10":{"y":64.47,"width":17,"height":155},"yuboomgc11":{"y":64.47,"width":17,"height":155},"yuboomgc12":{"y":64.47,"width":17,"height":155},"yuboomgc13":{"y":64.47,"width":17,"height":155}},"yuboomgc2":{"yuboomgc0":{"y":64.47,"width":17,"height":155},"yuboomgc1":{"y":64.47,"width":17,"height":155},"yuboomgc2":{"y":64.47,"width":17,"height":155},"yuboomgc3":{"y":64.47,"width":17,"height":155},"yuboomgc4":{"y":64.47,"width":17,"height":155},"yuboomgc5":{"y":64.47,"width":17,"height":155},"yuboomgc6":{"y":64.47,"width":17,"height":155},"yuboomgc7":{"y":64.47,"width":17,"height":155},"yuboomgc8":{"y":64.47,"width":17,"height":155},"yuboomgc9":{"y":64.47,"width":17,"height":155},"yuboomgc10":{"y":64.47,"width":17,"height":155},"yuboomgc11":{"y":64.47,"width":17,"height":155},"yuboomgc12":{"y":64.47,"width":17,"height":155},"yuboomgc13":{"y":64.47,"width":17,"height":155}},"yuboomgc3":{"yuboomgc0":{"y":64.47,"width":17,"height":155},"yuboomgc1":{"y":64.47,"width":17,"height":155},"yuboomgc2":{"y":64.47,"width":17,"height":155},"yuboomgc3":{"y":64.47,"width":17,"height":155},"yuboomgc4":{"y":64.47,"width":17,"height":155},"yuboomgc5":{"y":64.47,"width":17,"height":155},"yuboomgc6":{"y":64.47,"width":17,"height":155},"yuboomgc7":{"y":64.47,"width":17,"height":155},"yuboomgc8":{"y":64.47,"width":17,"height":155},"yuboomgc9":{"y":64.47,"width":17,"height":155},"yuboomgc10":{"y":64.47,"width":17,"height":155},"yuboomgc11":{"y":64.47,"width":17,"height":155},"yuboomgc12":{"y":64.47,"width":17,"height":155},"yuboomgc13":{"y":64.47,"width":17,"height":155}},"yuboomgc4":{"yuboomgc0":{"y":64.47,"width":17,"height":155},"yuboomgc1":{"y":64.47,"width":17,"height":155},"yuboomgc2":{"y":64.47,"width":17,"height":155},"yuboomgc3":{"y":64.47,"width":17,"height":155},"yuboomgc4":{"y":64.47,"width":17,"height":155},"yuboomgc5":{"y":64.47,"width":17,"height":155},"yuboomgc6":{"y":64.47,"width":17,"height":155},"yuboomgc7":{"y":64.47,"width":17,"height":155},"yuboomgc8":{"y":64.47,"width":17,"height":155},"yuboomgc9":{"y":64.47,"width":17,"height":155},"yuboomgc10":{"y":64.47,"width":17,"height":155},"yuboomgc11":{"y":64.47,"width":17,"height":155},"yuboomgc12":{"y":64.47,"width":17,"height":155},"yuboomgc13":{"y":64.47,"width":17,"height":155}},"yuboomgc5":{"yuboomgc0":{"y":64.47,"width":17,"height":155},"yuboomgc1":{"y":64.47,"width":17,"height":155},"yuboomgc2":{"y":64.47,"width":17,"height":155},"yuboomgc3":{"y":64.47,"width":17,"height":155},"yuboomgc4":{"y":64.47,"width":17,"height":155},"yuboomgc5":{"y":64.47,"width":17,"height":155},"yuboomgc6":{"y":64.47,"width":17,"height":155},"yuboomgc7":{"y":64.47,"width":17,"height":155},"yuboomgc8":{"y":64.47,"width":17,"height":155},"yuboomgc9":{"y":64.47,"width":17,"height":155},"yuboomgc10":{"y":64.47,"width":17,"height":155},"yuboomgc11":{"y":64.47,"width":17,"height":155},"yuboomgc12":{"y":64.47,"width":17,"height":155},"yuboomgc13":{"y":64.47,"width":17,"height":155}},"yuboomgc6":{"yuboomgc0":{"y":64.47,"width":17,"height":155},"yuboomgc1":{"y":64.47,"width":17,"height":155},"yuboomgc2":{"y":64.47,"width":17,"height":155},"yuboomgc3":{"y":64.47,"width":17,"height":155},"yuboomgc4":{"y":64.47,"width":17,"height":155},"yuboomgc5":{"y":64.47,"width":17,"height":155},"yuboomgc6":{"y":64.47,"width":17,"height":155},"yuboomgc7":{"y":64.47,"width":17,"height":155},"yuboomgc8":{"y":64.47,"width":17,"height":155},"yuboomgc9":{"y":64.47,"width":17,"height":155},"yuboomgc10":{"y":64.47,"width":17,"height":155},"yuboomgc11":{"y":64.47,"width":17,"height":155},"yuboomgc12":{"y":64.47,"width":17,"height":155},"yuboomgc13":{"y":64.47,"width":17,"height":155}},"yuboomgc7":{"yuboomgc0":{"y":121.02,"width":17,"height":155},"yuboomgc1":{"y":121.02,"width":17,"height":155},"yuboomgc2":{"y":121.02,"width":17,"height":155},"yuboomgc3":{"y":121.02,"width":17,"height":155},"yuboomgc4":{"y":121.02,"width":17,"height":155},"yuboomgc5":{"y":121.02,"width":17,"height":155},"yuboomgc6":{"y":121.02,"width":17,"height":155},"yuboomgc7":{"y":121.02,"width":17,"height":155},"yuboomgc8":{"y":121.02,"width":17,"height":155},"yuboomgc9":{"y":121.02,"width":17,"height":155},"yuboomgc10":{"y":121.02,"width":17,"height":155},"yuboomgc11":{"y":121.02,"width":17,"height":155},"yuboomgc12":{"y":121.02,"width":17,"height":155},"yuboomgc13":{"y":121.02,"width":17,"height":155}},"yuboomgc8":{"yuboomgc0":{"y":64.47,"width":17,"height":155},"yuboomgc1":{"y":64.47,"width":17,"height":155},"yuboomgc2":{"y":64.47,"width":17,"height":155},"yuboomgc3":{"y":64.47,"width":17,"height":155},"yuboomgc4":{"y":64.47,"width":17,"height":155},"yuboomgc5":{"y":64.47,"width":17,"height":155},"yuboomgc6":{"y":64.47,"width":17,"height":155},"yuboomgc7":{"y":64.47,"width":17,"height":155},"yuboomgc8":{"y":64.47,"width":17,"height":155},"yuboomgc9":{"y":64.47,"width":17,"height":155},"yuboomgc10":{"y":64.47,"width":17,"height":155},"yuboomgc11":{"y":64.47,"width":17,"height":155},"yuboomgc12":{"y":64.47,"width":17,"height":155},"yuboomgc13":{"y":64.47,"width":17,"height":155}},"yuboomgq":{"yuboomgq":{"width":125,"height":125}},"yuboomjinbi":{"yuboomjinbi1":{"width":457,"height":398},"yuboomjinbi2":{"width":457,"height":398},"yuboomjinbi3":{"width":457,"height":398},"yuboomjinbi4":{"width":457,"height":398},"yuboomjinbi5":{"width":457,"height":398},"yuboomjinbi6":{"width":457,"height":398},"yuboomjinbi7":{"width":457,"height":398},"yuboomjinbi8":{"width":457,"height":398},"yuboomjinbi9":{"width":457,"height":398},"yuboomjinbi10":{"width":457,"height":398},"yuboomjinbi11":{"width":457,"height":398},"yuboomjinbi12":{"width":457,"height":398},"yuboomjinbi13":{"width":457,"height":398},"yuboomjinbi14":{"width":457,"height":398},"yuboomjinbi15":{"width":457,"height":398}},"yuboomlizi":{"yuboomlizi1":{"width":332,"height":313},"yuboomlizi2":{"width":332,"height":313},"yuboomlizi3":{"width":332,"height":313},"yuboomlizi4":{"width":332,"height":313},"yuboomlizi5":{"width":332,"height":313},"yuboomlizi6":{"width":332,"height":313},"yuboomlizi7":{"width":332,"height":313},"yuboomlizi8":{"width":332,"height":313},"yuboomlizi9":{"width":332,"height":313},"yuboomlizi10":{"width":332,"height":313},"yuboomlizi11":{"width":332,"height":313},"yuboomlizi12":{"width":332,"height":313},"yuboomlizi13":{"width":332,"height":313},"yuboomlizi14":{"width":332,"height":313},"yuboomlizi15":{"width":332,"height":313}},"yuboomlizi2":{"yuboomlizi1":{"width":332,"height":313},"yuboomlizi2":{"width":332,"height":313},"yuboomlizi3":{"width":332,"height":313},"yuboomlizi4":{"width":332,"height":313},"yuboomlizi5":{"width":332,"height":313},"yuboomlizi6":{"width":332,"height":313},"yuboomlizi7":{"width":332,"height":313},"yuboomlizi8":{"width":332,"height":313},"yuboomlizi9":{"width":332,"height":313},"yuboomlizi10":{"width":332,"height":313},"yuboomlizi11":{"width":332,"height":313},"yuboomlizi12":{"width":332,"height":313},"yuboomlizi13":{"width":332,"height":313},"yuboomlizi14":{"width":332,"height":313},"yuboomlizi15":{"width":332,"height":313}},"yuboomlizi3":{"yuboomlizi1":{"width":332,"height":313},"yuboomlizi2":{"width":332,"height":313},"yuboomlizi3":{"width":332,"height":313},"yuboomlizi4":{"width":332,"height":313},"yuboomlizi5":{"width":332,"height":313},"yuboomlizi6":{"width":332,"height":313},"yuboomlizi7":{"width":332,"height":313},"yuboomlizi8":{"width":332,"height":313},"yuboomlizi9":{"width":332,"height":313},"yuboomlizi10":{"width":332,"height":313},"yuboomlizi11":{"width":332,"height":313},"yuboomlizi12":{"width":332,"height":313},"yuboomlizi13":{"width":332,"height":313},"yuboomlizi14":{"width":332,"height":313},"yuboomlizi15":{"width":332,"height":313}}}},"animations":{"animation":{"slots":{"yuboombowen":{"attachment":[{"time":0,"name":"yuboombowen1"},{"time":0.0333,"name":"yuboombowen2"},{"time":0.0666,"name":"yuboombowen3"},{"time":0.1,"name":"yuboombowen4"},{"time":0.1333,"name":"yuboombowen5"},{"time":0.1666,"name":"yuboombowen6"},{"time":0.2,"name":"yuboombowen7"},{"time":0.2333,"name":"yuboombowen8"},{"time":0.2666,"name":"yuboombowen9"},{"time":0.3,"name":"yuboombowen10"},{"time":0.3333,"name":"yuboombowen11"},{"time":0.3666,"name":"yuboombowen12"},{"time":0.4,"name":"yuboombowen13"},{"time":0.4333,"name":"yuboombowen14"},{"time":0.4666,"name":"yuboombowen15"},{"time":0.5,"name":"yuboombowen16"},{"time":0.5333,"name":"yuboombowen17"},{"time":0.5666,"name":"yuboombowen18"},{"time":0.6,"name":null}],"color":[{"time":0,"color":"ffffffff","curve":"stepped"},{"time":0.0666,"color":"ffffffff"},{"time":0.6,"color":"ffffff00"}]},"yuboombowen2":{"attachment":[{"time":0,"name":"yuboombowen1"},{"time":0.0333,"name":"yuboombowen2"},{"time":0.0666,"name":"yuboombowen3"},{"time":0.1,"name":"yuboombowen4"},{"time":0.1333,"name":"yuboombowen5"},{"time":0.1666,"name":"yuboombowen6"},{"time":0.2,"name":"yuboombowen7"},{"time":0.2333,"name":"yuboombowen8"},{"time":0.2666,"name":"yuboombowen9"},{"time":0.3,"name":"yuboombowen10"},{"time":0.3333,"name":"yuboombowen11"},{"time":0.3666,"name":"yuboombowen12"},{"time":0.4,"name":"yuboombowen13"},{"time":0.4333,"name":"yuboombowen14"},{"time":0.4666,"name":"yuboombowen15"},{"time":0.5,"name":"yuboombowen16"},{"time":0.5333,"name":"yuboombowen17"},{"time":0.5666,"name":"yuboombowen18"},{"time":0.6,"name":null}],"color":[{"time":0,"color":"ffffff41","curve":"stepped"},{"time":0.0666,"color":"ffffff41"},{"time":0.6,"color":"ffffff00"}]},"yuboomgc":{"attachment":[{"time":0.0666,"name":"yuboomgc0"},{"time":0.1,"name":"yuboomgc1"},{"time":0.1333,"name":"yuboomgc2"},{"time":0.1666,"name":"yuboomgc3"},{"time":0.2,"name":"yuboomgc4"},{"time":0.2333,"name":"yuboomgc5"},{"time":0.2666,"name":"yuboomgc6"},{"time":0.3,"name":"yuboomgc7"},{"time":0.3333,"name":"yuboomgc8"},{"time":0.3666,"name":"yuboomgc9"},{"time":0.4,"name":"yuboomgc10"},{"time":0.4333,"name":"yuboomgc11"},{"time":0.4666,"name":"yuboomgc12"},{"time":0.5,"name":"yuboomgc13"},{"time":0.5333,"name":null}]},"yuboomgc2":{"attachment":[{"time":0.1,"name":"yuboomgc0"},{"time":0.1333,"name":"yuboomgc1"},{"time":0.1666,"name":"yuboomgc2"},{"time":0.2,"name":"yuboomgc3"},{"time":0.2333,"name":"yuboomgc4"},{"time":0.2666,"name":"yuboomgc5"},{"time":0.3,"name":"yuboomgc6"},{"time":0.3333,"name":"yuboomgc7"},{"time":0.3666,"name":"yuboomgc8"},{"time":0.4,"name":"yuboomgc9"},{"time":0.4333,"name":"yuboomgc10"},{"time":0.4666,"name":"yuboomgc11"},{"time":0.5,"name":"yuboomgc12"},{"time":0.5333,"name":"yuboomgc13"},{"time":0.5666,"name":null}]},"yuboomgc3":{"attachment":[{"time":0.0333,"name":"yuboomgc0"},{"time":0.0666,"name":"yuboomgc1"},{"time":0.1,"name":"yuboomgc2"},{"time":0.1333,"name":"yuboomgc3"},{"time":0.1666,"name":"yuboomgc4"},{"time":0.2,"name":"yuboomgc5"},{"time":0.2333,"name":"yuboomgc6"},{"time":0.2666,"name":"yuboomgc7"},{"time":0.3,"name":"yuboomgc8"},{"time":0.3333,"name":"yuboomgc9"},{"time":0.3666,"name":"yuboomgc10"},{"time":0.4,"name":"yuboomgc11"},{"time":0.4333,"name":"yuboomgc12"},{"time":0.4666,"name":"yuboomgc13"},{"time":0.5,"name":null}]},"yuboomgc4":{"attachment":[{"time":0.0333,"name":"yuboomgc0"},{"time":0.0666,"name":"yuboomgc1"},{"time":0.1,"name":"yuboomgc2"},{"time":0.1333,"name":"yuboomgc3"},{"time":0.1666,"name":"yuboomgc4"},{"time":0.2,"name":"yuboomgc5"},{"time":0.2333,"name":"yuboomgc6"},{"time":0.2666,"name":"yuboomgc7"},{"time":0.3,"name":"yuboomgc8"},{"time":0.3333,"name":"yuboomgc9"},{"time":0.3666,"name":"yuboomgc10"},{"time":0.4,"name":"yuboomgc11"},{"time":0.4333,"name":"yuboomgc12"},{"time":0.4666,"name":"yuboomgc13"},{"time":0.5,"name":null}]},"yuboomgc5":{"attachment":[{"time":0.0666,"name":"yuboomgc0"},{"time":0.1,"name":"yuboomgc1"},{"time":0.1333,"name":"yuboomgc2"},{"time":0.1666,"name":"yuboomgc3"},{"time":0.2,"name":"yuboomgc4"},{"time":0.2333,"name":"yuboomgc5"},{"time":0.2666,"name":"yuboomgc6"},{"time":0.3,"name":"yuboomgc7"},{"time":0.3333,"name":"yuboomgc8"},{"time":0.3666,"name":"yuboomgc9"},{"time":0.4,"name":"yuboomgc10"},{"time":0.4333,"name":"yuboomgc11"},{"time":0.4666,"name":"yuboomgc12"},{"time":0.5,"name":"yuboomgc13"},{"time":0.5333,"name":null}]},"yuboomgc6":{"attachment":[{"time":0.0333,"name":"yuboomgc0"},{"time":0.0666,"name":"yuboomgc1"},{"time":0.1,"name":"yuboomgc2"},{"time":0.1333,"name":"yuboomgc3"},{"time":0.1666,"name":"yuboomgc4"},{"time":0.2,"name":"yuboomgc5"},{"time":0.2333,"name":"yuboomgc6"},{"time":0.2666,"name":"yuboomgc7"},{"time":0.3,"name":"yuboomgc8"},{"time":0.3333,"name":"yuboomgc9"},{"time":0.3666,"name":"yuboomgc10"},{"time":0.4,"name":"yuboomgc11"},{"time":0.4333,"name":"yuboomgc12"},{"time":0.4666,"name":"yuboomgc13"},{"time":0.5,"name":null}]},"yuboomgc7":{"attachment":[{"time":0.1,"name":"yuboomgc0"},{"time":0.1333,"name":"yuboomgc1"},{"time":0.1666,"name":"yuboomgc2"},{"time":0.2,"name":"yuboomgc3"},{"time":0.2333,"name":"yuboomgc4"},{"time":0.2666,"name":"yuboomgc5"},{"time":0.3,"name":"yuboomgc6"},{"time":0.3333,"name":"yuboomgc7"},{"time":0.3666,"name":"yuboomgc8"},{"time":0.4,"name":"yuboomgc9"},{"time":0.4333,"name":"yuboomgc10"},{"time":0.4666,"name":"yuboomgc11"},{"time":0.5,"name":"yuboomgc12"},{"time":0.5333,"name":"yuboomgc13"},{"time":0.5666,"name":null}]},"yuboomgc8":{"attachment":[{"time":0.0666,"name":"yuboomgc0"},{"time":0.1,"name":"yuboomgc1"},{"time":0.1333,"name":"yuboomgc2"},{"time":0.1666,"name":"yuboomgc3"},{"time":0.2,"name":"yuboomgc4"},{"time":0.2333,"name":"yuboomgc5"},{"time":0.2666,"name":"yuboomgc6"},{"time":0.3,"name":"yuboomgc7"},{"time":0.3333,"name":"yuboomgc8"},{"time":0.3666,"name":"yuboomgc9"},{"time":0.4,"name":"yuboomgc10"},{"time":0.4333,"name":"yuboomgc11"},{"time":0.4666,"name":"yuboomgc12"},{"time":0.5,"name":"yuboomgc13"},{"time":0.5333,"name":null}]},"yuboomgq":{"attachment":[{"time":0,"name":"yuboomgq"}],"color":[{"time":0,"color":"ffffff7c"},{"time":0.0666,"color":"ffffff27"},{"time":0.2666,"color":"ffffff00"}]},"yuboomjinbi":{"attachment":[{"time":0,"name":"yuboomjinbi1"},{"time":0.0333,"name":"yuboomjinbi2"},{"time":0.0666,"name":"yuboomjinbi3"},{"time":0.1,"name":"yuboomjinbi4"},{"time":0.1333,"name":"yuboomjinbi5"},{"time":0.1666,"name":"yuboomjinbi6"},{"time":0.2,"name":"yuboomjinbi7"},{"time":0.2333,"name":"yuboomjinbi8"},{"time":0.2666,"name":"yuboomjinbi9"},{"time":0.3,"name":"yuboomjinbi10"},{"time":0.3333,"name":"yuboomjinbi11"},{"time":0.3666,"name":"yuboomjinbi12"},{"time":0.4,"name":"yuboomjinbi13"},{"time":0.4333,"name":"yuboomjinbi14"},{"time":0.4666,"name":"yuboomjinbi15"},{"time":0.5,"name":null}]},"yuboomlizi":{"attachment":[{"time":0,"name":"yuboomlizi1"},{"time":0.0333,"name":"yuboomlizi3"},{"time":0.0666,"name":"yuboomlizi5"},{"time":0.1,"name":"yuboomlizi7"},{"time":0.1333,"name":"yuboomlizi9"},{"time":0.1666,"name":"yuboomlizi11"},{"time":0.2,"name":"yuboomlizi13"},{"time":0.2333,"name":"yuboomlizi15"},{"time":0.2666,"name":null}]},"yuboomlizi2":{"attachment":[{"time":0,"name":"yuboomlizi1"},{"time":0.0333,"name":"yuboomlizi3"},{"time":0.0666,"name":"yuboomlizi4"},{"time":0.1,"name":"yuboomlizi5"},{"time":0.1333,"name":"yuboomlizi7"},{"time":0.1666,"name":"yuboomlizi8"},{"time":0.2,"name":"yuboomlizi9"},{"time":0.2333,"name":"yuboomlizi11"},{"time":0.2666,"name":"yuboomlizi12"},{"time":0.3,"name":"yuboomlizi13"},{"time":0.3333,"name":"yuboomlizi14"},{"time":0.3666,"name":null}]},"yuboomlizi3":{"attachment":[{"time":0,"name":"yuboomlizi1"},{"time":0.0333,"name":"yuboomlizi2"},{"time":0.0666,"name":"yuboomlizi3"},{"time":0.1,"name":"yuboomlizi4"},{"time":0.1333,"name":"yuboomlizi5"},{"time":0.1666,"name":"yuboomlizi6"},{"time":0.2,"name":"yuboomlizi7"},{"time":0.2333,"name":"yuboomlizi8"},{"time":0.2666,"name":"yuboomlizi9"},{"time":0.3,"name":"yuboomlizi10"},{"time":0.3333,"name":"yuboomlizi11"},{"time":0.3666,"name":"yuboomlizi12"},{"time":0.4,"name":"yuboomlizi13"},{"time":0.4333,"name":"yuboomlizi14"},{"time":0.4666,"name":"yuboomlizi15"},{"time":0.5,"name":null}]}},"bones":{"yuboombowen":{"rotate":[{"time":0,"angle":0}],"translate":[{"time":0,"x":0,"y":0}],"scale":[{"time":0,"x":1,"y":1,"curve":"stepped"},{"time":0.0666,"x":1,"y":1},{"time":0.6,"x":2,"y":2}]},"yuboomgc":{"rotate":[{"time":0,"angle":0}],"translate":[{"time":0,"x":0,"y":0,"curve":"stepped"},{"time":0.0666,"x":0,"y":0},{"time":0.5333,"x":-0.02,"y":55.58}],"scale":[{"time":0,"x":1,"y":1}]},"yuboomgc8":{"rotate":[{"time":0,"angle":0}],"translate":[{"time":0,"x":0,"y":0,"curve":"stepped"},{"time":0.0666,"x":0,"y":0},{"time":0.5333,"x":-47.13,"y":-29.47}],"scale":[{"time":0,"x":1,"y":1}]},"yuboomgc7":{"rotate":[{"time":0,"angle":0}],"translate":[{"time":0,"x":0,"y":0,"curve":"stepped"},{"time":0.1,"x":0,"y":0},{"time":0.5666,"x":33.47,"y":-44.38}],"scale":[{"time":0,"x":1,"y":1}]},"yuboomgc6":{"rotate":[{"time":0,"angle":0}],"translate":[{"time":0,"x":0,"y":0,"curve":"stepped"},{"time":0.0333,"x":0,"y":0},{"time":0.5,"x":-55.51,"y":-2.93}],"scale":[{"time":0,"x":1,"y":1}]},"yuboomgc5":{"rotate":[{"time":0,"angle":0}],"translate":[{"time":0,"x":0,"y":0,"curve":"stepped"},{"time":0.0666,"x":0,"y":0},{"time":0.5333,"x":-7.71,"y":-55.05}],"scale":[{"time":0,"x":1,"y":1}]},"yuboomgc4":{"rotate":[{"time":0,"angle":0}],"translate":[{"time":0,"x":0,"y":0,"curve":"stepped"},{"time":0.0333,"x":0,"y":0},{"time":0.5,"x":52.24,"y":-18.98}],"scale":[{"time":0,"x":1,"y":1}]},"yuboomgc3":{"rotate":[{"time":0,"angle":0}],"translate":[{"time":0,"x":0,"y":0,"curve":"stepped"},{"time":0.0333,"x":0,"y":0},{"time":0.5,"x":-40.67,"y":37.89}],"scale":[{"time":0,"x":1,"y":1}]},"yuboomgc2":{"rotate":[{"time":0,"angle":0}],"translate":[{"time":0,"x":0,"y":0,"curve":"stepped"},{"time":0.1,"x":0,"y":0},{"time":0.5666,"x":49.07,"y":26.11}],"scale":[{"time":0,"x":1,"y":1}]},"yuboomgq":{"rotate":[{"time":0,"angle":0,"curve":"stepped"},{"time":0.0666,"angle":0}],"translate":[{"time":0,"x":0,"y":0,"curve":"stepped"},{"time":0.0666,"x":0,"y":0}],"scale":[{"time":0,"x":0.5,"y":0.5},{"time":0.0666,"x":3.12,"y":3.12},{"time":0.2666,"x":4.8,"y":4.8}]},"yuboombowen2":{"rotate":[{"time":0,"angle":0,"curve":"stepped"},{"time":0.0666,"angle":0}],"translate":[{"time":0,"x":0,"y":0,"curve":"stepped"},{"time":0.0666,"x":0,"y":0}],"scale":[{"time":0,"x":1,"y":1,"curve":"stepped"},{"time":0.0666,"x":1,"y":1},{"time":0.6,"x":2,"y":2}]}}}}}