{
    "bindingConfig": [
        {
            "boneName": "eye2_r",
            "bindings": []
        },
        {
            "boneName": "eye_r",
            "bindings": []
        },
        {
            "boneName": "eye2_l",
            "bindings": []
        },
        {
            "boneName": "eye_l",
            "bindings": []
        },
        {
            "boneName": "meimao_l",
            "bindings": []
        },
        {
            "boneName": "meimao_r",
            "bindings": []
        },
        {
            "boneName": "head",
            "bindings": []
        },
        {
            "boneName": "Bone004",
            "bindings": []
        },
        {
            "boneName": "Bone003",
            "bindings": []
        },
        {
            "boneName": "q2",
            "bindings": []
        },
        {
            "boneName": "q1",
            "bindings": []
        },
        {
            "boneName": "Bone002",
            "bindings": []
        },
        {
            "boneName": "Bip01",
            "bindings": [
                {
                    "type": 1,
                    "rct": {
                        "center": [
                            0.0,
                            0.0,
                            0.0
                        ],
                        "extension": [
                            80.0,
                            190.0,
                            97.0
                        ],
                        "rotation": [
                            0.0,
                            0.0,
                            0.0
                        ],
                        "scale": [
                            1.0,
                            1.0,
                            1.0
                        ],
                        "translation": [
                            31.0,
                            0.0,
                            0.0
                        ]
                    },
                    "hex": {
                        "p1": [
                            0.0,
                            0.0,
                            0.0
                        ],
                        "p2": [
                            0.0,
                            0.0,
                            0.0
                        ],
                        "p3": [
                            0.0,
                            0.0,
                            0.0
                        ],
                        "p4": [
                            0.0,
                            0.0,
                            0.0
                        ],
                        "p5": [
                            0.0,
                            0.0,
                            0.0
                        ],
                        "p6": [
                            0.0,
                            0.0,
                            0.0
                        ],
                        "p7": [
                            0.0,
                            0.0,
                            0.0
                        ],
                        "p8": [
                            0.0,
                            0.0,
                            0.0
                        ],
                        "rotation": [
                            0.0,
                            0.0,
                            0.0
                        ],
                        "scale": [
                            1.0,
                            1.0,
                            1.0
                        ],
                        "translation": [
                            0.0,
                            0.0,
                            0.0
                        ]
                    }
                }
            ]
        }
    ]
}