{"skeleton":{"hash":"zuDM8tpAaSn/MqNQxn1P+BuPJ2w","spine":"3.6.37","width":404,"height":564,"images":"./slwh_tyxc_images/"},"bones":[{"name":"root"},{"name":"hip","parent":"root"},{"name":"slwh_tyxclg","parent":"hip","y":2.08,"scaleX":4,"scaleY":4}],"slots":[{"name":"slwh_tyxclg","bone":"slwh_tyxclg","attachment":"slwh_tyxclg15","blend":"additive"}],"skins":{"default":{"slwh_tyxclg":{"slwh_tyxclg0":{"width":101,"height":141},"slwh_tyxclg1":{"width":101,"height":141},"slwh_tyxclg2":{"width":101,"height":141},"slwh_tyxclg3":{"width":101,"height":141},"slwh_tyxclg4":{"width":101,"height":141},"slwh_tyxclg5":{"width":101,"height":141},"slwh_tyxclg6":{"width":101,"height":141},"slwh_tyxclg7":{"width":101,"height":141},"slwh_tyxclg8":{"width":101,"height":141},"slwh_tyxclg9":{"width":101,"height":141},"slwh_tyxclg10":{"width":101,"height":141},"slwh_tyxclg11":{"width":101,"height":141},"slwh_tyxclg12":{"width":101,"height":141},"slwh_tyxclg13":{"width":101,"height":141},"slwh_tyxclg14":{"width":101,"height":141},"slwh_tyxclg15":{"width":101,"height":141},"slwh_tyxclg16":{"width":101,"height":141},"slwh_tyxclg17":{"width":101,"height":141},"slwh_tyxclg18":{"width":101,"height":141},"slwh_tyxclg19":{"width":101,"height":141},"slwh_tyxclg20":{"width":101,"height":141},"slwh_tyxclg21":{"width":101,"height":141},"slwh_tyxclg22":{"width":101,"height":141},"slwh_tyxclg23":{"width":101,"height":141},"slwh_tyxclg24":{"width":101,"height":141},"slwh_tyxclg25":{"width":101,"height":141},"slwh_tyxclg26":{"width":101,"height":141},"slwh_tyxclg27":{"width":101,"height":141},"slwh_tyxclg28":{"width":101,"height":141},"slwh_tyxclg29":{"width":101,"height":141},"slwh_tyxclg30":{"width":101,"height":141},"slwh_tyxclg31":{"width":101,"height":141},"slwh_tyxclg32":{"width":101,"height":141},"slwh_tyxclg33":{"width":101,"height":141},"slwh_tyxclg34":{"width":101,"height":141},"slwh_tyxclg35":{"width":101,"height":141}}}},"animations":{"animation":{"slots":{"slwh_tyxclg":{"attachment":[{"time":0,"name":"slwh_tyxclg0"},{"time":0.0667,"name":"slwh_tyxclg1"},{"time":0.1333,"name":"slwh_tyxclg2"},{"time":0.2,"name":"slwh_tyxclg3"},{"time":0.2667,"name":"slwh_tyxclg4"},{"time":0.3333,"name":"slwh_tyxclg5"},{"time":0.4,"name":"slwh_tyxclg6"},{"time":0.4667,"name":"slwh_tyxclg7"},{"time":0.5333,"name":"slwh_tyxclg8"},{"time":0.6,"name":"slwh_tyxclg9"},{"time":0.6667,"name":"slwh_tyxclg10"},{"time":0.7333,"name":"slwh_tyxclg11"},{"time":0.8,"name":"slwh_tyxclg12"},{"time":0.8667,"name":"slwh_tyxclg13"},{"time":0.9333,"name":"slwh_tyxclg14"},{"time":1,"name":"slwh_tyxclg15"},{"time":1.0667,"name":"slwh_tyxclg16"},{"time":1.1333,"name":"slwh_tyxclg17"},{"time":1.2,"name":"slwh_tyxclg18"},{"time":1.2667,"name":"slwh_tyxclg19"},{"time":1.3333,"name":"slwh_tyxclg20"},{"time":1.4,"name":"slwh_tyxclg21"},{"time":1.4667,"name":"slwh_tyxclg22"},{"time":1.5333,"name":"slwh_tyxclg23"},{"time":1.6,"name":"slwh_tyxclg24"},{"time":1.6667,"name":"slwh_tyxclg25"},{"time":1.7333,"name":"slwh_tyxclg26"},{"time":1.8,"name":"slwh_tyxclg27"},{"time":1.8667,"name":"slwh_tyxclg28"},{"time":1.9333,"name":"slwh_tyxclg29"},{"time":2,"name":"slwh_tyxclg30"},{"time":2.0667,"name":"slwh_tyxclg31"},{"time":2.1333,"name":"slwh_tyxclg32"},{"time":2.2,"name":"slwh_tyxclg33"},{"time":2.2667,"name":"slwh_tyxclg34"},{"time":2.3333,"name":"slwh_tyxclg35"},{"time":2.4,"name":"slwh_tyxclg0"},{"time":2.4667,"name":"slwh_tyxclg1"},{"time":2.5333,"name":"slwh_tyxclg2"},{"time":2.6,"name":"slwh_tyxclg3"},{"time":2.6667,"name":"slwh_tyxclg4"},{"time":2.7333,"name":"slwh_tyxclg5"},{"time":2.8,"name":"slwh_tyxclg6"},{"time":2.8667,"name":"slwh_tyxclg7"},{"time":2.9333,"name":"slwh_tyxclg8"},{"time":3,"name":"slwh_tyxclg9"},{"time":3.0667,"name":"slwh_tyxclg10"},{"time":3.1333,"name":"slwh_tyxclg11"},{"time":3.2,"name":"slwh_tyxclg12"},{"time":3.2667,"name":"slwh_tyxclg13"},{"time":3.3333,"name":"slwh_tyxclg14"},{"time":3.4,"name":"slwh_tyxclg15"},{"time":3.4667,"name":"slwh_tyxclg16"},{"time":3.5333,"name":"slwh_tyxclg17"},{"time":3.6,"name":"slwh_tyxclg18"},{"time":3.6667,"name":"slwh_tyxclg19"},{"time":3.7333,"name":"slwh_tyxclg20"},{"time":3.8,"name":"slwh_tyxclg21"},{"time":3.8667,"name":"slwh_tyxclg22"},{"time":3.9333,"name":"slwh_tyxclg23"},{"time":4,"name":"slwh_tyxclg24"},{"time":4.0667,"name":"slwh_tyxclg25"},{"time":4.1333,"name":"slwh_tyxclg26"},{"time":4.2,"name":"slwh_tyxclg27"},{"time":4.2667,"name":"slwh_tyxclg28"},{"time":4.3333,"name":"slwh_tyxclg29"},{"time":4.4,"name":"slwh_tyxclg30"},{"time":4.4667,"name":"slwh_tyxclg31"},{"time":4.5333,"name":"slwh_tyxclg32"},{"time":4.6,"name":"slwh_tyxclg33"},{"time":4.6667,"name":"slwh_tyxclg34"},{"time":4.7333,"name":"slwh_tyxclg35"},{"time":4.8,"name":"slwh_tyxclg0"}]}},"bones":{"root":{"rotate":[{"time":0,"angle":0,"curve":"stepped"},{"time":2.4,"angle":0,"curve":"stepped"},{"time":4.8,"angle":0}],"translate":[{"time":0,"x":0,"y":0,"curve":"stepped"},{"time":2.4,"x":0,"y":0,"curve":"stepped"},{"time":4.8,"x":0,"y":0}],"scale":[{"time":0,"x":1,"y":1,"curve":"stepped"},{"time":2.4,"x":1,"y":1,"curve":"stepped"},{"time":4.8,"x":1,"y":1}]}}}}}