{"skeleton":{"hash":"lvjFkj+nUviQ4xuMwauujrCcjbU","spine":"3.6.37","width":362,"height":500,"images":"./slwh_tyxc_images/"},"bones":[{"name":"root"},{"name":"hip","parent":"root"},{"name":"slwh_tyxcBG","parent":"hip"},{"name":"slwh_tyxcteng1","parent":"slwh_tyxcBG","length":50.23,"rotation":-174.24,"x":-71.24,"y":-96.28},{"name":"bone25","parent":"slwh_tyxcteng1","length":34.31,"rotation":-45.29,"x":50.23},{"name":"bone26","parent":"bone25","length":40.91,"rotation":-67.78,"x":34.31},{"name":"bone27","parent":"bone26","length":39.22,"rotation":-29.42,"x":41.44,"y":-0.28},{"name":"bone28","parent":"bone27","length":38.88,"rotation":73.02,"x":39.2,"y":0.59},{"name":"bone29","parent":"bone28","length":37.55,"rotation":10.07,"x":37.38,"y":-0.2},{"name":"bone30","parent":"bone29","length":31.9,"rotation":-15.54,"x":37.55},{"name":"bone31","parent":"bone30","length":35.65,"rotation":-55.26,"x":31.9},{"name":"bone32","parent":"slwh_tyxcBG","rotation":38.69,"x":113.58,"y":188.64},{"name":"bone33","parent":"slwh_tyxcBG","rotation":7.03,"x":109.35,"y":166.34},{"name":"bone34","parent":"slwh_tyxcBG","rotation":18.82,"x":92.73,"y":182.74},{"name":"slwh_tyxcteng2","parent":"slwh_tyxcBG","length":29.76,"rotation":127.53,"x":135.28,"y":-107.26},{"name":"bone35","parent":"slwh_tyxcteng2","length":32.29,"rotation":-65.99,"x":29.76},{"name":"bone36","parent":"bone35","length":37.1,"rotation":-12.42,"x":32.31,"y":-0.76},{"name":"bone37","parent":"bone36","length":23.74,"rotation":52.52,"x":37.1},{"name":"bone38","parent":"bone37","length":34.83,"rotation":32.57,"x":23.74},{"name":"bone39","parent":"bone26","length":10.96,"rotation":50.66,"x":41.66,"y":1.22},{"name":"bone40","parent":"bone39","length":18.52,"rotation":38.46,"x":10.96},{"name":"bone41","parent":"bone40","length":18.12,"rotation":32.05,"x":18.52},{"name":"bone42","parent":"bone31","length":8.31,"rotation":78.8,"x":13.6,"y":1.98},{"name":"bone43","parent":"bone42","length":11.54,"rotation":19.37,"x":8.38,"y":-0.12},{"name":"bone44","parent":"bone43","length":11.4,"rotation":24.96,"x":11.54},{"name":"bone45","parent":"bone38","length":11.5,"rotation":-15.39,"x":7.63,"y":-3.22},{"name":"bone46","parent":"bone45","length":8.01,"rotation":-73.81,"x":11.18,"y":-0.13},{"name":"bone47","parent":"bone46","length":11.51,"rotation":-109.49,"x":8.01},{"name":"slwh_tyxcteng3","parent":"slwh_tyxcBG","length":37.26,"rotation":-154.72,"x":112.16,"y":-140.49},{"name":"bone48","parent":"slwh_tyxcteng3","length":32.8,"rotation":14.32,"x":37.26},{"name":"bone50","parent":"bone48","length":29.21,"rotation":30.42,"x":32.8},{"name":"bone51","parent":"bone50","length":29.33,"rotation":80.69,"x":29.21},{"name":"bone52","parent":"bone51","length":32.12,"rotation":40.49,"x":29.33},{"name":"bone53","parent":"bone52","length":22.34,"rotation":66.7,"x":32.12},{"name":"bone54","parent":"bone53","length":21.82,"rotation":85.47,"x":22.34},{"name":"bone55","parent":"bone54","length":13.47,"rotation":93.23,"x":21.82},{"name":"bone56","parent":"bone55","length":13.11,"rotation":65.16,"x":13.47},{"name":"bone60","parent":"bone29","length":12.34,"rotation":-80.23,"x":27.89,"y":-13.23},{"name":"bone61","parent":"bone60","length":14.36,"rotation":-29.99,"x":12.34},{"name":"db","parent":"slwh_tyxcBG","scaleX":2,"scaleY":2},{"name":"slwh_tyxcteng4","parent":"slwh_tyxcBG","x":77.68,"y":212.49}],"slots":[{"name":"slwh_tyxcdb","bone":"db","attachment":"slwh_tyxcdb"},{"name":"slwh_tyxcteng4","bone":"slwh_tyxcteng4","attachment":"slwh_tyxcteng4"},{"name":"slwh_tyxcteng3","bone":"slwh_tyxcteng3","attachment":"slwh_tyxcteng3"},{"name":"slwh_tyxcteng2","bone":"slwh_tyxcteng2","attachment":"slwh_tyxcteng2"},{"name":"slwh_tyxcteng1","bone":"slwh_tyxcteng1","attachment":"slwh_tyxcteng1"}],"skins":{"default":{"slwh_tyxcdb":{"slwh_tyxcdb":{"width":179,"height":250}},"slwh_tyxcteng1":{"slwh_tyxcteng1":{"type":"mesh","uvs":[0.99853,0.81351,0.52908,0.83001,0.47436,0.8207,0.43167,0.79535,0.49594,0.75786,0.56318,0.71865,0.68457,0.63328,0.84379,0.52129,0.70445,0.41868,0.58915,0.33377,0.52491,0.30887,0.55653,0.28785,0.60708,0.25772,0.66861,0.18469,0.48825,0.16599,0.41132,0.18657,0.3822,0.24755,0.32901,0.14924,0.34021,0.09802,0.33832,1.0E-5,0.29028,0,0.24652,0.0401,0.18775,0,0.08873,1.0E-5,1.0E-5,0.02324,1.0E-5,0.05116,0.07182,0.0789,0.12577,0.09498,0.19644,0.08946,0.1599,0.12548,0.07493,0.188,0.10182,0.29178,0.19604,0.37915,0.28086,0.4578,0.38448,0.49625,0.47413,0.52952,0.40918,0.57332,0.35214,0.53195,0.28264,0.52147,0.15467,0.51502,0.01373,0.55351,0.02041,0.6303,0.1085,0.64985,0.2136,0.65621,0.28502,0.65605,0.22475,0.70223,0.19984,0.81924,0.26033,0.95064,0.46658,1,1,0.99999,0.33669,0.61199,0.43696,0.28589,0.22427,0.06202],"triangles":[20,19,18,17,52,18,12,11,14,12,14,13,10,51,11,16,15,51,14,11,15,11,51,15,26,23,27,23,26,24,26,25,24,28,52,17,27,22,28,27,23,22,28,22,52,52,22,21,52,21,18,29,28,17,21,20,18,31,17,16,31,29,17,31,30,29,33,10,9,33,51,10,33,32,51,32,16,51,32,31,16,35,8,7,35,34,8,34,9,8,34,33,9,42,39,43,39,42,40,42,41,40,43,38,44,43,39,38,44,38,50,50,37,36,50,38,37,50,36,5,5,36,6,36,35,6,6,35,7,46,45,3,3,45,4,45,44,4,44,50,4,4,50,5,48,2,1,48,47,2,47,3,2,47,46,3,48,1,49,1,0,49],"vertices":[1,3,-14.54,-14.09,1,3,3,44.24,-16.09,0.4807,4,7.22,-15.58,0.50972,5,4.18,-30.97,0.00957,4,3,50.82,-18.97,0.12729,4,13.9,-12.93,0.78172,5,4.25,-23.79,0.08884,6,-20.85,-38.75,0.00215,4,3,55.53,-25.48,0.00846,4,21.84,-14.16,0.52184,5,8.39,-16.9,0.44797,6,-20.62,-30.71,0.02172,3,4,21.29,-26.13,0.10074,5,19.27,-21.93,0.72384,6,-8.68,-29.75,0.17542,3,4,20.73,-38.64,0.01503,5,30.64,-27.18,0.51953,6,3.81,-28.74,0.46544,3,5,54.47,-35.65,0.06999,6,28.73,-24.41,0.90614,7,-26.97,2.72,0.02387,3,6,61.41,-18.72,0.32093,7,-11.99,-26.88,0.66706,8,-53.28,-17.64,0.01201,3,7,17.53,-22.03,0.72232,8,-23.37,-18.03,0.27752,37,-3.96,-51.32,1.6E-4,4,7,41.95,-18.02,0.0186,8,1.39,-18.35,0.88281,37,0.55,-26.99,0.09176,38,3.28,-29.26,0.00684,3,8,10.9,-15.39,0.60286,37,-0.76,-17.11,0.3274,38,-2.79,-21.36,0.06974,3,8,12.57,-21.52,0.22955,37,5.57,-16.5,0.48252,38,2.39,-17.67,0.28792,3,8,14.57,-30.84,0.03407,37,15.1,-16.11,0.22085,38,10.44,-12.57,0.74507,1,38,22.64,1.92,1,2,37,20.47,9.67,0.31366,38,2.22,12.44,0.68634,2,37,10.29,13.22,0.79874,38,-8.38,10.43,0.20126,3,8,33.18,-9.63,0.25107,9,-1.63,-10.45,0.16572,37,-2.65,5.82,0.58321,3,9,22.51,-12.52,0.61007,10,4.94,-14.85,0.38891,37,9.54,26.77,0.00102,1,2,-140.47,88.77,1,1,2,-140.71,112,1,2,10,31.37,9.14,0.94517,23,-3.3,-15.71,0.05483,2,10,20.44,8.28,0.36451,23,-2.6,-4.77,0.63549,2,23,8.19,-10.04,0.92556,24,-7.27,-7.69,0.07444,2,23,19.29,-4.56,0.02729,24,5.1,-7.4,0.97271,1,24,16.06,-1.64,1,2,23,23.87,11.22,0.01806,24,15.91,4.97,0.98194,2,23,12.91,13.14,0.39208,24,6.79,11.34,0.60792,3,10,1.17,13.37,0.05303,23,5.18,13.57,0.71721,24,-0.04,14.99,0.22976,3,10,7.25,6.82,0.50645,23,-2.17,8.49,0.48727,24,-8.85,13.48,0.00628,3,9,35.29,5.24,0.58529,10,-2.37,5.76,0.38175,23,-1.85,18.17,0.03296,2,8,67.31,12.93,0.00629,9,25.21,20.43,0.99371,2,8,45.51,24.81,0.41318,9,1.03,26.03,0.58682,3,7,54.07,30.8,0.09335,8,21.86,27.6,0.8534,9,-22.51,22.38,0.05326,3,6,20.48,40.46,0.01211,7,32.67,29.55,0.58833,8,0.56,30.11,0.39957,3,6,23.67,24.95,0.11454,7,18.76,21.97,0.82611,8,-14.46,25.08,0.05935,3,6,26.42,11.53,0.61421,20,-12.58,-21.7,0.00995,7,6.73,15.41,0.37584,3,6,13.4,9.53,0.60261,20,-8.11,-9.3,0.39136,7,1.01,27.29,0.00603,2,6,14.92,21.56,0.06085,20,1.73,-16.39,0.93915,3,6,10.3,29.32,9.3E-4,20,10.76,-16.04,0.95458,21,-15.09,-9.48,0.04449,3,5,61.51,35.93,0,20,26.43,-12.49,0.30504,21,0.08,-14.79,0.69496,2,5,47.56,50.03,0,21,19.36,-10.15,1,3,5,30.43,43.82,0.00167,20,33.84,18.7,0.00911,21,22.91,7.72,0.98921,3,5,29.29,31.93,0.03082,20,21.93,19.66,0.15263,21,13.33,14.86,0.81655,3,5,31.76,18.94,0.20225,20,8.98,16.99,0.48718,21,0.93,19.46,0.31057,3,5,34.45,10.43,0.62714,20,0.51,14.17,0.32566,21,-7.74,21.56,0.0472,3,5,21.76,14.36,0.97343,20,4.25,26.92,0.02576,21,2.19,30.39,8.1E-4,2,4,40.58,8.65,0.52031,5,-5.64,9.08,0.47969,2,3,80.53,8.99,0.01404,4,14.93,27.86,0.98596,2,3,56.05,23.21,0.62131,4,-12.4,20.47,0.37869,1,3,-10.29,29.9,1,4,5,46.34,7.37,0.09878,6,0.52,9.07,0.14251,20,-2.36,2.23,0.75659,21,-16.51,12.97,0.00212,3,8,21.8,-9.76,0.41885,37,-4.45,-5.41,0.56952,38,-11.84,-13.08,0.01163,2,10,14.58,7.63,0.18625,23,-2.41,1.12,0.81375],"hull":50,"edges":[48,50,98,0,96,98,2,96,0,2,90,92,6,92,2,4,4,6,92,94,94,96,4,94,70,14,10,100,6,8,8,10,8,90,80,82,82,84,78,80,84,78,70,72,72,100,74,72,90,88,88,100,84,86,86,88,74,76,76,78,86,76,10,12,12,14,12,72,18,20,18,66,66,68,68,70,14,16,16,18,68,16,32,34,32,62,20,102,102,32,62,64,64,66,102,64,30,32,20,22,30,22,22,24,24,26,26,28,24,28,28,30,34,58,42,44,44,54,44,46,46,48,50,52,52,54,46,52,60,62,58,60,38,40,40,42,56,58,54,56,34,36,36,38,42,104,104,56,36,104],"width":125,"height":237}},"slwh_tyxcteng2":{"slwh_tyxcteng2":{"type":"mesh","uvs":[0.73954,1,0.41707,0.80957,0.53537,0.70857,0.62724,0.63013,0.73282,0.52429,0.8273,0.42958,0.99199,0.45018,0.99999,0.36862,0.86781,0.36345,0.85612,0.26065,0.84422,0.15593,0.8064,0.06488,0.7581,0.01484,0.68429,0,0.57803,0.00582,0.5509,0.05762,0.50592,0.0278,0.50296,0.18544,0.57119,0.21957,0.53853,0.28057,0.55293,0.34418,0.32978,0.39292,0.04904,0.45424,0.02432,0.60864,1.0E-5,0.7605,0.24168,0.99999,0.77644,0.17593,0.65208,0.06606,0.67355,0.04947,0.72329,0.11379,0.78264,0.12136],"triangles":[17,16,15,18,17,15,27,29,26,27,28,29,26,29,30,30,11,10,30,29,11,29,28,12,29,12,11,12,28,13,15,27,26,15,14,27,27,14,28,28,14,13,26,18,15,26,30,10,20,9,8,9,18,26,9,19,18,26,10,9,6,8,7,3,21,4,21,20,4,4,20,5,20,19,9,5,8,6,5,20,8,25,1,0,25,24,1,2,1,23,1,24,23,23,22,2,2,22,3,22,21,3],"vertices":[1,15,-8.22,-46.4,1,2,15,3.61,-14.68,0.99023,16,-25.04,-19.76,0.00977,2,15,19.4,-15.4,0.49362,16,-9.47,-17.08,0.50638,2,15,31.66,-15.97,0.10797,16,2.63,-14.99,0.89203,2,15,47.6,-15.61,0.08423,16,18.12,-11.21,0.91577,1,16,31.98,-7.83,1,1,2,171.45,-39.32,1,1,17,-3.73,-14.03,1,2,16,40.51,-4.15,0.06588,17,-1.21,-5.23,0.93412,3,16,50.4,5.48,0.304,17,12.44,-7.22,0.38419,18,-13.41,0,0.31181,2,17,26.35,-9.25,0.512,18,-2.78,-9.2,0.488,1,27,9.65,4.86,1,1,27,2.17,4.74,1,2,26,9.56,1.38,0.59532,27,-1.82,1,0.40468,1,26,3.83,6.02,1,3,17,43.34,7.92,0,18,20.78,-3.87,0.4878,26,-2.41,2.43,0.51219,1,2,137.91,17.28,1,1,2,137.7,-3.85,1,3,16,41.69,23.95,0.05808,17,21.8,10.93,0.48111,18,4.24,10.25,0.46081,4,15,69.92,11.74,0.0182,16,34.03,20.3,0.29376,17,14.25,14.78,0.41474,18,-0.05,17.57,0.2733,4,15,62.9,6.8,0.04268,16,28.24,13.97,0.61068,17,5.7,15.53,0.3255,18,-6.85,22.8,0.02114,4,15,49.82,17.23,0.4624,16,13.22,21.34,0.34447,17,2.41,31.93,0.18135,18,-0.79,38.39,0.01178,2,15,33.36,30.34,0.99044,16,-5.67,30.6,0.00956,2,15,14.36,21.98,0.99526,16,-22.42,18.35,0.00474,1,15,-4.33,13.75,1,1,15,-24.59,-16.2,1,2,17,24.67,-4.12,0.512,18,-1.44,-3.98,0.488,3,18,15.1,-8.09,0.0842,26,1.73,-3.3,0.59805,27,5.21,-4.82,0.31774,3,18,15.66,-10.7,0.00994,26,4.35,-2.78,0.44629,27,3.84,-2.52,0.54378,3,18,7.09,-7.15,0.32815,26,0.68,-11.3,0.02895,27,13.1,-3.14,0.6429,3,17,31.75,-6.02,0.05573,18,3.51,-9.38,0.19597,27,15.78,0.12,0.7483],"hull":26,"edges":[0,2,10,12,12,14,14,16,0,50,2,48,44,6,48,50,40,16,20,52,52,36,52,54,54,56,56,58,58,60,20,22,22,24,60,22,32,30,30,28,30,52,24,26,26,28,56,26,54,30,6,8,8,10,40,42,42,44,8,42,44,46,46,48,2,4,4,6,46,4,16,18,18,20,36,38,38,40,18,38,32,34,34,36],"width":69,"height":134}},"slwh_tyxcteng3":{"slwh_tyxcteng3":{"type":"mesh","uvs":[0.60058,0,0.39591,0.12665,0.25251,0.21538,0.10965,0.42002,0.08846,0.45038,0,0.44237,0,0.58925,0.07572,0.5993,0.00822,0.81498,0.12638,1,0.34104,1,0.51554,1,0.69591,0.94375,0.76577,0.75913,0.7403,0.60618,0.66931,0.50885,0.56487,0.43453,0.77402,0.40294,0.99999,0.2255,1,0,0.39344,0.56899,0.37656,0.83172,0.49996,0.83626,0.6034,0.79194,0.61882,0.73888,0.60467,0.6778,0.57118,0.65706,0.60562,0.72979,0.58698,0.78774,0.50444,0.81899,0.39477,0.73547,0.39388,0.615,0.60916,0.48767,0.27378,0.73352,0.29321,0.803,0.58722,0.65819,0.48104,0.51593,0.57465,0.67385,0.57274,0.66458,0.4667,0.49793,0.31765,0.64706],"triangles":[22,28,23,22,29,28,22,21,29,21,30,29,28,29,37,23,28,24,29,30,37,28,27,24,28,37,27,37,25,27,24,27,25,33,40,30,40,31,30,30,31,38,31,26,38,31,36,26,40,20,31,40,3,20,31,20,36,20,39,36,30,38,37,37,35,25,25,35,14,37,38,35,38,26,35,14,35,15,15,35,32,35,26,32,26,36,32,36,16,32,36,39,16,1,16,39,15,32,16,12,23,13,13,23,24,24,14,13,14,24,25,11,21,22,12,22,23,12,11,22,11,10,21,9,34,10,10,34,21,9,8,34,21,34,30,8,33,34,34,33,30,8,7,33,33,7,40,7,4,40,4,3,40,7,6,4,6,5,4,39,20,2,2,20,3,39,2,1,17,16,0,16,1,0,17,0,18,18,0,19],"vertices":[1,28,13.91,-11.53,1,2,28,38.28,-10.72,0.52813,29,-1.66,-10.63,0.47187,1,29,15.03,-14.31,1,2,29,38.17,-10.08,0.62025,30,-0.47,-11.42,0.37975,2,29,41.61,-9.45,0.52174,30,2.81,-12.61,0.47826,1,36,-53.46,-12.88,1,1,30,17.5,-17.25,1,1,30,15.59,-9.41,1,2,30,35.87,-9.64,0.49584,31,-8.44,-8.13,0.50416,1,31,10.45,-16.2,1,2,31,30.29,-5.07,0.62716,32,-2.56,-4.48,0.37284,1,32,15.58,-8.07,1,2,32,35.3,-6.93,0.73948,33,-5.11,-5.66,0.26052,1,33,12.33,-9.49,1,3,33,24.93,-4.03,0.65131,34,-3.82,-2.9,0.34869,35,-1.45,25.76,0,4,28,26.44,32.07,0.00889,29,-2.56,33.75,2.5E-4,34,5.84,-8.95,0.99087,35,-8.04,16.45,0,4,28,33.66,21.43,0.29577,29,1.81,21.66,0.09997,34,18.32,-12.06,0.59099,35,-11.84,4.17,0.01327,3,28,12.42,28.38,0.89543,29,-17.05,33.65,1.0E-5,34,-2.13,-21.06,0.10456,2,28,-15.9,24.49,0.99259,34,-20.61,-42.87,0.00741,1,28,-24.38,6.55,1,5,29,23.35,19.19,0.18463,30,1.57,21.33,0.12628,31,16.58,30.73,0.02225,34,32.35,4.48,0.00292,35,3.88,-10.77,0.66391,6,29,39.47,35.87,3.0E-5,30,23.91,27.55,0.03216,31,26.33,9.69,0.34708,32,4.01,9.32,0.34925,35,26.79,-7.16,0.1311,36,-0.9,-15.09,0.14037,4,31,37.94,15.74,0.00623,32,16.76,6.39,0.49195,35,24.15,5.66,0.00102,36,9.62,-7.31,0.50079,5,32,28.28,8.08,0.05233,33,5.9,6.73,0.304,34,5.41,16.92,0.01327,35,17.81,15.42,2.0E-4,36,15.82,2.54,0.63021,4,33,10.81,6.11,0.48263,34,5.18,11.97,0.1,35,12.89,15.93,0.01015,36,14.22,7.22,0.40723,4,33,15.75,8.7,0.25548,34,8.16,7.25,0.41611,35,8.01,13.23,0.05379,36,9.71,10.51,0.27462,4,33,16.79,12.56,0.08632,34,12.08,6.52,0.48837,35,7.06,9.35,0.16179,36,5.79,9.75,0.26352,4,33,11.3,7.65,0.35627,34,6.75,11.61,0.13868,35,12.44,14.39,0.02041,36,12.62,6.98,0.48463,5,32,26.64,8.78,0.00616,33,5.9,8.51,0.14708,34,7.19,17.06,0.01237,35,17.86,13.65,9.2E-4,36,14.23,1.75,0.83348,3,31,37.61,17.3,0.00568,32,17.52,7.78,0.35652,36,9.05,-5.82,0.6378,6,29,32.58,30.57,0.00824,30,15.29,26.47,0.08006,31,23.87,18.02,0.1608,32,7.55,17.25,0.09676,35,18.1,-7.24,0.47522,36,-4.63,-7.24,0.17891,5,29,25.9,22.34,0.09781,30,5.36,22.76,0.1343,31,18.6,27.22,0.04217,32,9.51,27.67,0.00112,35,7.81,-9.79,0.72461,3,28,31.41,27.66,0.05512,29,1.17,28.25,0.01597,34,12.49,-8.92,0.92891,6,29,42.35,22.27,0.00898,30,19.51,14.36,0.34198,31,12.6,11.9,0.43052,32,-5,19.91,0.01354,35,20.9,-19.76,0.19107,36,-14.8,-15.04,0.01391,6,29,44.66,28.29,8.8E-4,30,24.56,18.39,0.1133,31,17.39,7.57,0.69332,32,-4.17,13.51,0.04198,35,26.37,-16.34,0.12159,36,-9.4,-18.57,0.02894,4,33,17.05,10.87,0.12569,34,10.42,6.13,0.53343,35,6.76,11.03,0.09876,36,7.19,10.72,0.24212,6,28,44.75,24.11,0.02397,29,13.22,21.51,0.11454,30,-5.99,28.46,0.00838,31,22.4,39.34,5.0E-5,34,24.79,-2.65,0.39713,35,-2.81,-2.82,0.45593,4,33,15.42,11.89,0.12018,34,11.3,7.83,0.39144,35,8.41,10.05,0.13688,36,7,8.82,0.35151,4,33,16.18,12.26,0.10094,34,11.73,7.11,0.44429,35,7.66,9.67,0.15233,36,6.33,9.33,0.30244,6,28,45.45,22.03,0.03297,29,13.38,19.32,0.19556,30,-6.96,26.49,0.01408,31,20.29,39.98,2.5E-4,34,26.7,-3.73,0.31363,35,-4,-4.66,0.4435,6,29,33.92,19.37,0.07674,30,10.77,16.13,0.36392,31,12.94,20.81,0.13841,32,1.04,26.47,0.00552,35,12.42,-16.99,0.40942,36,-15.86,-6.19,0.00599],"hull":20,"edges":[8,10,10,12,12,14,14,16,16,18,24,26,30,32,34,36,36,38,0,38,32,34,42,44,44,46,46,48,48,50,54,56,56,58,58,60,60,62,64,30,0,2,2,4,32,2,4,6,6,8,40,6,16,66,66,68,68,42,68,18,18,20,42,20,20,22,22,24,44,22,46,24,26,28,28,30,50,28,48,26,50,70,70,52,72,64,52,72,64,70,74,54,60,74,52,76,76,74,76,62,72,62,32,78,78,40,4,78,40,80,80,66,14,80],"width":106,"height":88}},"slwh_tyxcteng4":{"slwh_tyxcteng4":{"type":"mesh","uvs":[0,0.14517,0.1022,0.27901,0.21822,0.43093,0.27687,0.82734,0.74055,0.99905,1,0.76713,1,0.52545,1,0.33237,0.80156,0.22943,0.64101,0.33831,0.68691,0.44331,0.77335,0.53651,0.71924,0.57897,0.62681,0.50756,0.58461,0.27082,0.55735,0.09681,0.38153,0,0,0],"triangles":[6,11,7,11,10,7,10,8,7,10,9,8,4,3,12,3,13,12,5,12,11,5,4,12,11,6,5,3,2,13,2,14,13,2,15,14,2,1,15,1,16,15,1,0,16,0,17,16],"vertices":[2,40,-19.68,-4.82,0.96637,13,-24.83,34.8,0.03363,2,40,-12.52,-15.26,0.75884,13,-21.42,22.61,0.24116,3,40,-4.4,-27.1,0.28345,13,-17.56,8.78,0.70793,12,-33.48,23.31,0.00862,2,13,-23.65,-21.81,0.54115,12,-33.19,-7.88,0.45885,2,13,2.75,-44.96,0.01732,12,-2.61,-25.14,0.98268,2,12,17.63,-9.41,0.92074,11,-7.17,-32.03,0.07926,2,12,19.93,9.3,0.43868,11,4.61,-17.31,0.56132,2,12,21.78,24.25,0.05569,11,14.03,-5.56,0.94431,1,11,8.2,9.39,1,1,11,-5.88,9.79,1,2,12,-1.03,18.34,0.04619,11,-8.49,1.39,0.95381,3,13,16.57,-11.55,0.0102,12,4.08,10.39,0.50006,11,-8.31,-8.07,0.48974,3,13,11.91,-13.47,0.1352,12,-0.08,7.56,0.75683,11,-13.34,-8.29,0.10797,4,40,24.2,-33.08,3.7E-4,13,7.58,-6.11,0.701,12,-5.82,13.88,0.29719,11,-14.91,0.11,0.00145,2,40,21.25,-14.62,0.34235,13,10.75,12.33,0.65765,2,40,19.34,-1.04,0.70111,13,13.32,25.79,0.29889,2,40,7.03,6.51,0.95742,13,4.1,36.91,0.04258,1,40,-19.68,6.51,1],"hull":18,"edges":[0,34,32,34,30,32,30,28,28,26,26,24,24,22,14,16,18,16,4,6,28,4,26,6,24,8,10,12,12,14,22,12,18,20,20,22,20,14,8,10,6,8,0,2,2,4,2,30],"width":70,"height":78}}}},"animations":{"animation":{"bones":{"root":{"rotate":[{"time":0,"angle":0,"curve":"stepped"},{"time":2,"angle":0,"curve":"stepped"},{"time":4,"angle":0}],"translate":[{"time":0,"x":0,"y":0,"curve":"stepped"},{"time":2,"x":0,"y":0,"curve":"stepped"},{"time":4,"x":0,"y":0}],"scale":[{"time":0,"x":1,"y":1,"curve":"stepped"},{"time":2,"x":1,"y":1,"curve":"stepped"},{"time":4,"x":1,"y":1}]},"bone28":{"rotate":[{"time":0,"angle":0,"curve":"stepped"},{"time":4,"angle":0}],"translate":[{"time":0,"x":0.13,"y":0.42,"curve":[0,0,0.75,1]},{"time":1,"x":0,"y":0,"curve":[0.25,0,0.75,1]},{"time":3,"x":0.25,"y":0.83,"curve":[0.25,0,1,1]},{"time":4,"x":0.13,"y":0.42}],"scale":[{"time":0,"x":1,"y":1,"curve":"stepped"},{"time":4,"x":1,"y":1}]},"slwh_tyxcBG":{"rotate":[{"time":0,"angle":0,"curve":"stepped"},{"time":2,"angle":0,"curve":"stepped"},{"time":4,"angle":0}],"translate":[{"time":0,"x":0,"y":0,"curve":"stepped"},{"time":2,"x":0,"y":0,"curve":"stepped"},{"time":4,"x":0,"y":0}],"scale":[{"time":0,"x":1,"y":1,"curve":"stepped"},{"time":2,"x":1,"y":1,"curve":"stepped"},{"time":4,"x":1,"y":1}]},"slwh_tyxcteng1":{"rotate":[{"time":0,"angle":0,"curve":"stepped"},{"time":4,"angle":0}],"translate":[{"time":0,"x":0,"y":0,"curve":"stepped"},{"time":4,"x":0,"y":0}],"scale":[{"time":0,"x":1,"y":1,"curve":"stepped"},{"time":4,"x":1,"y":1}]},"bone25":{"rotate":[{"time":0,"angle":0,"curve":"stepped"},{"time":4,"angle":0}],"translate":[{"time":0,"x":0,"y":0,"curve":[0,0,0.75,1]},{"time":2,"x":0.88,"y":-0.89,"curve":[0.25,0,0.75,1]},{"time":4,"x":0,"y":0}],"scale":[{"time":0,"x":1,"y":1,"curve":"stepped"},{"time":4,"x":1,"y":1}]},"bone26":{"rotate":[{"time":0,"angle":-0.06,"curve":[0,0,0.75,1]},{"time":0.3333,"angle":0,"curve":[0.25,0,0.75,1]},{"time":2.3333,"angle":-0.95,"curve":[0.25,0,1,1]},{"time":4,"angle":-0.06}],"translate":[{"time":0,"x":0.1,"y":-0.24,"curve":[0,0,0.75,1]},{"time":0.3333,"x":0,"y":0,"curve":[0.25,0,0.75,1]},{"time":2.3333,"x":0.55,"y":-1.34,"curve":[0.25,0,1,1]},{"time":4,"x":0.1,"y":-0.24}],"scale":[{"time":0,"x":1,"y":1,"curve":"stepped"},{"time":4,"x":1,"y":1}]},"bone27":{"rotate":[{"time":0,"angle":0.2,"curve":[0,0,0.75,1]},{"time":0.6667,"angle":0,"curve":[0.25,0,0.75,1]},{"time":2.6667,"angle":1.07,"curve":[0.25,0,1,1]},{"time":4,"angle":0.2}],"translate":[{"time":0,"x":0.39,"y":-0.21,"curve":[0,0,0.75,1]},{"time":0.6667,"x":0,"y":0,"curve":[0.25,0,0.75,1]},{"time":2.6667,"x":1.38,"y":-0.75,"curve":[0.25,0,1,1]},{"time":4,"x":0.39,"y":-0.21}],"scale":[{"time":0,"x":1,"y":1,"curve":"stepped"},{"time":4,"x":1,"y":1}]},"bone29":{"rotate":[{"time":0,"angle":0,"curve":"stepped"},{"time":4,"angle":0}],"translate":[{"time":0,"x":0.55,"y":0.1,"curve":[0,0,0.75,1]},{"time":1.3333,"x":0,"y":0,"curve":[0.25,0,0.75,1]},{"time":3.3333,"x":0.77,"y":0.14,"curve":[0.25,0,1,1]},{"time":4,"x":0.55,"y":0.1}],"scale":[{"time":0,"x":1,"y":1,"curve":"stepped"},{"time":4,"x":1,"y":1}]},"bone30":{"rotate":[{"time":0,"angle":-1.11,"curve":[0,0,0.75,1]},{"time":1.6667,"angle":0,"curve":[0.25,0,0.75,1]},{"time":3.6667,"angle":-1.43,"curve":[0.25,0,1,1]},{"time":4,"angle":-1.11}],"translate":[{"time":0,"x":1.13,"y":-0.34,"curve":[0,0,0.75,1]},{"time":1.6667,"x":0,"y":0,"curve":[0.25,0,0.75,1]},{"time":3.6667,"x":1.25,"y":-0.37,"curve":[0.25,0,1,1]},{"time":4,"x":1.13,"y":-0.34}],"scale":[{"time":0,"x":1,"y":1,"curve":"stepped"},{"time":4,"x":1,"y":1}]},"bone31":{"rotate":[{"time":0,"angle":0,"curve":"stepped"},{"time":4,"angle":0}],"translate":[{"time":0,"x":0.62,"y":-0.89,"curve":[0,0,0.75,1]},{"time":2,"x":0,"y":0,"curve":[0.25,0,0.75,1]},{"time":4,"x":0.62,"y":-0.89}],"scale":[{"time":0,"x":1,"y":1,"curve":"stepped"},{"time":4,"x":1,"y":1}]},"slwh_tyxcteng4":{"rotate":[{"time":0,"angle":0,"curve":"stepped"},{"time":2,"angle":0,"curve":"stepped"},{"time":4,"angle":0}],"translate":[{"time":0,"x":0,"y":0,"curve":"stepped"},{"time":2,"x":0,"y":0,"curve":"stepped"},{"time":4,"x":0,"y":0}],"scale":[{"time":0,"x":1,"y":1,"curve":"stepped"},{"time":2,"x":1,"y":1,"curve":"stepped"},{"time":4,"x":1,"y":1}]},"bone32":{"rotate":[{"time":0,"angle":0,"curve":"stepped"},{"time":2,"angle":0,"curve":"stepped"},{"time":4,"angle":0}],"translate":[{"time":0,"x":0,"y":0,"curve":"stepped"},{"time":2,"x":0,"y":0,"curve":"stepped"},{"time":4,"x":0,"y":0}],"scale":[{"time":0,"x":1,"y":1,"curve":"stepped"},{"time":2,"x":1,"y":1,"curve":"stepped"},{"time":4,"x":1,"y":1}]},"bone33":{"rotate":[{"time":0,"angle":0,"curve":"stepped"},{"time":4,"angle":0}],"translate":[{"time":0,"x":0,"y":0,"curve":[0.25,0,0.75,1]},{"time":2,"x":2.5,"y":-0.13,"curve":[0.25,0,0.75,1]},{"time":4,"x":0,"y":0}],"scale":[{"time":0,"x":1,"y":1,"curve":"stepped"},{"time":4,"x":1,"y":1}]},"bone34":{"rotate":[{"time":0,"angle":0,"curve":"stepped"},{"time":4,"angle":0}],"translate":[{"time":0,"x":0,"y":0,"curve":[0.25,0,0.75,1]},{"time":1.5,"x":1.7,"y":0.46,"curve":[0.25,0,0.75,1]},{"time":4,"x":0,"y":0}],"scale":[{"time":0,"x":1,"y":1,"curve":"stepped"},{"time":4,"x":1,"y":1}]},"slwh_tyxcteng2":{"rotate":[{"time":0,"angle":0,"curve":"stepped"},{"time":3,"angle":0,"curve":"stepped"},{"time":4,"angle":0}],"translate":[{"time":0,"x":0,"y":0,"curve":"stepped"},{"time":3,"x":0,"y":0,"curve":"stepped"},{"time":4,"x":0,"y":0}],"scale":[{"time":0,"x":1,"y":1,"curve":"stepped"},{"time":3,"x":1,"y":1,"curve":"stepped"},{"time":4,"x":1,"y":1}]},"bone35":{"rotate":[{"time":0,"angle":0.42,"curve":[0,0,0.75,1]},{"time":0.6667,"angle":0.83,"curve":[0.25,0,0.75,1]},{"time":2.6667,"angle":0,"curve":[0.25,0,1,1]},{"time":4,"angle":0.42}],"translate":[{"time":0,"x":0.15,"y":-0.33,"curve":[0,0,0.75,1]},{"time":0.6667,"x":0.31,"y":-0.67,"curve":[0.25,0,0.75,1]},{"time":2.6667,"x":0,"y":0,"curve":[0.25,0,1,1]},{"time":4,"x":0.15,"y":-0.33}],"scale":[{"time":0,"x":1,"y":1,"curve":"stepped"},{"time":4,"x":1,"y":1}]},"bone36":{"rotate":[{"time":0,"angle":0.42,"curve":[0,0,0.75,1]},{"time":1,"angle":0.83,"curve":[0.25,0,0.75,1]},{"time":3,"angle":0,"curve":[0.25,0,1,1]},{"time":4,"angle":0.42}],"translate":[{"time":0,"x":0.47,"y":-0.1,"curve":[0,0,0.75,1]},{"time":1,"x":0.93,"y":-0.2,"curve":[0.25,0,0.75,1]},{"time":3,"x":0,"y":0,"curve":[0.25,0,1,1]},{"time":4,"x":0.47,"y":-0.1}],"scale":[{"time":0,"x":1,"y":1,"curve":"stepped"},{"time":3,"x":1,"y":1,"curve":"stepped"},{"time":4,"x":1,"y":1}]},"bone37":{"rotate":[{"time":0,"angle":0.42,"curve":[0,0,0.75,1]},{"time":1.3333,"angle":0.83,"curve":[0.25,0,0.75,1]},{"time":3.3333,"angle":0,"curve":[0.25,0,1,1]},{"time":4,"angle":0.42}],"translate":[{"time":0,"x":0.26,"y":0.35,"curve":[0,0,0.75,1]},{"time":1.3333,"x":0.52,"y":0.7,"curve":[0.25,0,0.75,1]},{"time":3.3333,"x":0,"y":0,"curve":[0.25,0,1,1]},{"time":4,"x":0.26,"y":0.35}],"scale":[{"time":0,"x":1,"y":1,"curve":"stepped"},{"time":4,"x":1,"y":1}]},"bone38":{"rotate":[{"time":0,"angle":0.42,"curve":[0,0,0.75,1]},{"time":1.6667,"angle":0.83,"curve":[0.25,0,0.75,1]},{"time":3.6667,"angle":0,"curve":[0.25,0,1,1]},{"time":4,"angle":0.42}],"translate":[{"time":0,"x":0.35,"y":0.23,"curve":[0,0,0.75,1]},{"time":1.6667,"x":0.7,"y":0.46,"curve":[0.25,0,0.75,1]},{"time":3.6667,"x":0,"y":0,"curve":[0.25,0,1,1]},{"time":4,"x":0.35,"y":0.23}],"scale":[{"time":0,"x":1,"y":1,"curve":"stepped"},{"time":4,"x":1,"y":1}]},"bone39":{"rotate":[{"time":0,"angle":-0.37,"curve":[0,0,0.75,1]},{"time":0.5,"angle":0,"curve":[0.25,0,0.75,1]},{"time":2.5,"angle":-1.18,"curve":[0.25,0,1,1]},{"time":4,"angle":-0.37}],"translate":[{"time":0,"x":0,"y":0,"curve":"stepped"},{"time":4,"x":0,"y":0}],"scale":[{"time":0,"x":1,"y":1,"curve":"stepped"},{"time":4,"x":1,"y":1}]},"bone40":{"rotate":[{"time":0,"angle":-0.78,"curve":[0,0,0.75,1]},{"time":0.8333,"angle":0,"curve":[0.25,0,0.75,1]},{"time":2.8333,"angle":-2.01,"curve":[0.25,0,1,1]},{"time":4,"angle":-0.78}],"translate":[{"time":0,"x":-0.11,"y":-0.08,"curve":[0,0,0.75,1]},{"time":0.8333,"x":0,"y":0,"curve":[0.25,0,0.75,1]},{"time":2.8333,"x":-0.28,"y":-0.21,"curve":[0.25,0,1,1]},{"time":4,"x":-0.11,"y":-0.08}],"scale":[{"time":0,"x":1,"y":1,"curve":"stepped"},{"time":4,"x":1,"y":1}]},"bone41":{"rotate":[{"time":0,"angle":-1.22,"curve":[0,0,0.75,1]},{"time":1.1667,"angle":0,"curve":[0.25,0,0.75,1]},{"time":3.1667,"angle":-2.01,"curve":[0.25,0,1,1]},{"time":4,"angle":-1.22}],"translate":[{"time":0,"x":-0.68,"y":-0.39,"curve":[0,0,0.75,1]},{"time":1.1667,"x":0,"y":0,"curve":[0.25,0,0.75,1]},{"time":3.1667,"x":-1.12,"y":-0.65,"curve":[0.25,0,1,1]},{"time":4,"x":-0.68,"y":-0.39}],"scale":[{"time":0,"x":1,"y":1,"curve":"stepped"},{"time":4,"x":1,"y":1}]},"bone42":{"rotate":[{"time":0,"angle":0,"curve":[0.25,0,0.75,1]},{"time":2,"angle":3.23,"curve":[0.25,0,0.75,1]},{"time":4,"angle":0}],"translate":[{"time":0,"x":0,"y":0,"curve":"stepped"},{"time":4,"x":0,"y":0}],"scale":[{"time":0,"x":1,"y":1,"curve":"stepped"},{"time":4,"x":1,"y":1}]},"bone43":{"rotate":[{"time":0,"angle":0.31,"curve":[0,0,0.75,1]},{"time":0.3333,"angle":0,"curve":[0.25,0,0.75,1]},{"time":2.3333,"angle":3.23,"curve":[0.25,0,1,1]},{"time":4,"angle":0.31}],"translate":[{"time":0,"x":0.04,"y":0.02,"curve":[0,0,0.75,1]},{"time":0.3333,"x":0,"y":0,"curve":[0.25,0,0.75,1]},{"time":2.3333,"x":0.44,"y":0.18,"curve":[0.25,0,1,1]},{"time":4,"x":0.04,"y":0.02}],"scale":[{"time":0,"x":1,"y":1,"curve":"stepped"},{"time":4,"x":1,"y":1}]},"bone44":{"rotate":[{"time":0,"angle":0.92,"curve":[0,0,0.75,1]},{"time":0.6667,"angle":0,"curve":[0.25,0,0.75,1]},{"time":2.6667,"angle":3.23,"curve":[0.25,0,1,1]},{"time":4,"angle":0.92}],"translate":[{"time":0,"x":0.17,"y":0.09,"curve":[0,0,0.75,1]},{"time":0.6667,"x":0,"y":0,"curve":[0.25,0,0.75,1]},{"time":2.6667,"x":0.61,"y":0.33,"curve":[0.25,0,1,1]},{"time":4,"x":0.17,"y":0.09}],"scale":[{"time":0,"x":1,"y":1,"curve":"stepped"},{"time":4,"x":1,"y":1}]},"bone45":{"rotate":[{"time":0,"angle":0.64,"curve":[0,0,0.75,1]},{"time":1,"angle":1.29,"curve":[0.25,0,0.75,1]},{"time":3,"angle":0,"curve":[0.25,0,1,1]},{"time":4,"angle":0.64}],"translate":[{"time":0,"x":0,"y":0,"curve":"stepped"},{"time":3,"x":0,"y":0,"curve":"stepped"},{"time":4,"x":0,"y":0}],"scale":[{"time":0,"x":1,"y":1,"curve":"stepped"},{"time":3,"x":1,"y":1,"curve":"stepped"},{"time":4,"x":1,"y":1}]},"bone46":{"rotate":[{"time":0,"angle":0.64,"curve":[0.25,0,0.75,1]},{"time":2,"angle":3.31,"curve":[0.25,0,0.75,1]},{"time":4,"angle":0.64}],"translate":[{"time":0,"x":0,"y":0,"curve":"stepped"},{"time":4,"x":0,"y":0}],"scale":[{"time":0,"x":1,"y":1,"curve":"stepped"},{"time":4,"x":1,"y":1}]},"bone47":{"rotate":[{"time":0,"angle":2.65,"curve":[0.25,0,0.75,1]},{"time":2,"angle":7.68,"curve":[0.25,0,0.75,1]},{"time":4,"angle":2.65}],"translate":[{"time":0,"x":0,"y":0,"curve":"stepped"},{"time":4,"x":0,"y":0}],"scale":[{"time":0,"x":1,"y":1,"curve":"stepped"},{"time":4,"x":1,"y":1}]},"slwh_tyxcteng3":{"rotate":[{"time":0,"angle":0,"curve":[0.25,0,0.75,1]},{"time":2,"angle":0.72,"curve":[0.25,0,0.75,1]},{"time":4,"angle":0}],"translate":[{"time":0,"x":0,"y":0,"curve":[0.25,0,0.75,1]},{"time":2,"x":-0.46,"y":-0.22,"curve":[0.25,0,0.75,1]},{"time":4,"x":0,"y":0}],"scale":[{"time":0,"x":1,"y":1,"curve":"stepped"},{"time":4,"x":1,"y":1}]},"bone48":{"rotate":[{"time":0,"angle":-0.08,"curve":[0.356,0.65,0.691,1]},{"time":0.1667,"angle":0,"curve":[0.25,0,0.75,1]},{"time":2.1667,"angle":-2.7,"curve":[0.25,0,1,1]},{"time":4,"angle":-0.08}],"translate":[{"time":0,"x":0.01,"y":0,"curve":[0.356,0.65,0.691,1]},{"time":0.1667,"x":0,"y":0,"curve":[0.25,0,0.75,1]},{"time":2.1667,"x":0.4,"y":0.08,"curve":[0.25,0,1,1]},{"time":4,"x":0.01,"y":0}],"scale":[{"time":0,"x":1,"y":1,"curve":"stepped"},{"time":4,"x":1,"y":1}]},"bone50":{"rotate":[{"time":0,"angle":-0.26,"curve":[0.371,0.62,0.71,1]},{"time":0.3333,"angle":0,"curve":[0.25,0,0.75,1]},{"time":2.3333,"angle":-2.7,"curve":[0.25,0,1,1]},{"time":4,"angle":-0.26}],"translate":[{"time":0,"x":0.06,"y":0.03,"curve":[0.371,0.62,0.71,1]},{"time":0.3333,"x":0,"y":0,"curve":[0.25,0,0.75,1]},{"time":2.3333,"x":0.65,"y":0.34,"curve":[0.25,0,1,1]},{"time":4,"x":0.06,"y":0.03}],"scale":[{"time":0,"x":1,"y":1,"curve":"stepped"},{"time":4,"x":1,"y":1}]},"bone51":{"rotate":[{"time":0,"angle":-0.5,"curve":[0.379,0.6,0.724,1]},{"time":0.5,"angle":0,"curve":[0.25,0,0.75,1]},{"time":2.5,"angle":-2.7,"curve":[0.25,0,1,1]},{"time":4,"angle":-0.5}],"translate":[{"time":0,"x":0.03,"y":0.15,"curve":[0.379,0.6,0.724,1]},{"time":0.5,"x":0,"y":0,"curve":[0.25,0,0.75,1]},{"time":2.5,"x":0.17,"y":0.8,"curve":[0.25,0,1,1]},{"time":4,"x":0.03,"y":0.15}],"scale":[{"time":0,"x":1,"y":1,"curve":"stepped"},{"time":4,"x":1,"y":1}]},"bone52":{"rotate":[{"time":0,"angle":-0.77,"curve":[0.382,0.57,0.735,1]},{"time":0.6667,"angle":0,"curve":[0.25,0,0.75,1]},{"time":2.6667,"angle":-2.7,"curve":[0.25,0,1,1]},{"time":4,"angle":-0.77}],"translate":[{"time":0,"x":0.21,"y":0.16,"curve":[0.382,0.57,0.735,1]},{"time":0.6667,"x":0,"y":0,"curve":[0.25,0,0.75,1]},{"time":2.6667,"x":0.73,"y":0.57,"curve":[0.25,0,1,1]},{"time":4,"x":0.21,"y":0.16}],"scale":[{"time":0,"x":1,"y":1,"curve":"stepped"},{"time":4,"x":1,"y":1}]},"bone53":{"rotate":[{"time":0,"angle":-1.05,"curve":[0.381,0.54,0.744,1]},{"time":0.8333,"angle":0,"curve":[0.25,0,0.75,1]},{"time":2.8333,"angle":-2.7,"curve":[0.25,0,1,1]},{"time":4,"angle":-1.05}],"translate":[{"time":0,"x":0.2,"y":0.12,"curve":[0.381,0.54,0.744,1]},{"time":0.8333,"x":0,"y":0,"curve":[0.25,0,0.75,1]},{"time":2.8333,"x":0.52,"y":0.3,"curve":[0.25,0,1,1]},{"time":4,"x":0.2,"y":0.12}],"scale":[{"time":0,"x":1,"y":1,"curve":"stepped"},{"time":4,"x":1,"y":1}]},"bone54":{"rotate":[{"time":0,"angle":-1.35,"curve":[0.375,0.5,0.75,1]},{"time":1,"angle":0,"curve":[0.25,0,0.75,1]},{"time":3,"angle":-2.7,"curve":[0.25,0,1,1]},{"time":4,"angle":-1.35}],"translate":[{"time":0,"x":0.04,"y":0.28,"curve":[0.375,0.5,0.75,1]},{"time":1,"x":0,"y":0,"curve":[0.25,0,0.75,1]},{"time":3,"x":0.07,"y":0.57,"curve":[0.25,0,1,1]},{"time":4,"x":0.04,"y":0.28}],"scale":[{"time":0,"x":1,"y":1,"curve":"stepped"},{"time":4,"x":1,"y":1}]},"bone55":{"rotate":[{"time":0,"angle":-1.65,"curve":[0.365,0.45,0.754,1]},{"time":1.1667,"angle":0,"curve":[0.25,0,0.75,1]},{"time":3.1667,"angle":-2.7,"curve":[0.25,0,1,1]},{"time":4,"angle":-1.65}],"translate":[{"time":0,"x":0,"y":0.19,"curve":[0.365,0.45,0.754,1]},{"time":1.1667,"x":0,"y":0,"curve":[0.25,0,0.75,1]},{"time":3.1667,"x":0,"y":0.32,"curve":[0.25,0,1,1]},{"time":4,"x":0,"y":0.19}],"scale":[{"time":0,"x":1,"y":1,"curve":"stepped"},{"time":4,"x":1,"y":1}]},"bone56":{"rotate":[{"time":0,"angle":-1.93,"curve":[0.351,0.4,0.757,1]},{"time":1.3333,"angle":0,"curve":[0.25,0,0.75,1]},{"time":3.3333,"angle":-2.7,"curve":[0.25,0,1,1]},{"time":4,"angle":-1.93}],"translate":[{"time":0,"x":0.29,"y":0.55,"curve":[0.351,0.4,0.757,1]},{"time":1.3333,"x":0,"y":0,"curve":[0.25,0,0.75,1]},{"time":3.3333,"x":0.4,"y":0.76,"curve":[0.25,0,1,1]},{"time":4,"x":0.29,"y":0.55}],"scale":[{"time":0,"x":1,"y":1,"curve":"stepped"},{"time":4,"x":1,"y":1}]},"bone60":{"rotate":[{"time":0,"angle":0,"curve":"stepped"},{"time":2,"angle":0,"curve":"stepped"},{"time":4,"angle":0}],"translate":[{"time":0,"x":0,"y":0,"curve":"stepped"},{"time":2,"x":0,"y":0,"curve":"stepped"},{"time":4,"x":0,"y":0}],"scale":[{"time":0,"x":1,"y":1,"curve":"stepped"},{"time":2,"x":1,"y":1,"curve":"stepped"},{"time":4,"x":1,"y":1}]},"bone61":{"rotate":[{"time":0,"angle":0,"curve":"stepped"},{"time":2,"angle":0,"curve":"stepped"},{"time":4,"angle":0}],"translate":[{"time":0,"x":0,"y":0,"curve":"stepped"},{"time":2,"x":0,"y":0,"curve":"stepped"},{"time":4,"x":0,"y":0}],"scale":[{"time":0,"x":1,"y":1,"curve":"stepped"},{"time":2,"x":1,"y":1,"curve":"stepped"},{"time":4,"x":1,"y":1}]}},"deform":{"default":{"slwh_tyxcteng1":{"slwh_tyxcteng1":[{"time":0,"offset":103,"vertices":[6.03199,5.0E-5,6.03199],"curve":[0.25,0,0.75,1]},{"time":2,"curve":[0.25,0,0.75,1]},{"time":4,"offset":103,"vertices":[6.03199,5.0E-5,6.03199]}]},"slwh_tyxcteng2":{"slwh_tyxcteng2":[{"time":0,"curve":[0,0,0.75,1]},{"time":1,"offset":46,"vertices":[1.10505,-5.0E-4,0.5539,-1.7885,-0.52217,-1.7989,1.76381,-0.62778,0.98453,0.97453,0.98453,0.97453],"curve":[0.25,0,0.75,1]},{"time":3,"curve":"stepped"},{"time":4}]}}}}}}