{"skeleton":{"hash":"cBzlhiln7KUh3aEs2Nt/fVNc+84","spine":"3.6.37","width":342,"height":446.61,"images":"./slwh_tyxc_images/"},"bones":[{"name":"root"},{"name":"hip","parent":"root"},{"name":"slwh_tyxc","parent":"hip","color":"ff0000ff"},{"name":"slwh_xctuzibody","parent":"slwh_tyxc","x":-11.48,"y":-53.5,"color":"50ff00ff"},{"name":"bone","parent":"slwh_xctuzibody","length":38.15,"rotation":86.25,"x":0.31,"y":1.56,"color":"00ff3fff"},{"name":"bone2","parent":"bone","length":54.14,"rotation":-9.49,"x":36.99,"y":0.61,"color":"00ff3fff"},{"name":"slwh_xctuzihead","parent":"bone2","length":118.02,"rotation":7.81,"x":53.84,"y":-0.07,"color":"00ff3fff"},{"name":"slwh_xctuzilear","parent":"slwh_xctuzihead","length":40.78,"rotation":-22.02,"x":106.19,"y":-25.87,"color":"00ff3fff"},{"name":"bone3","parent":"slwh_xctuzilear","length":36.02,"rotation":-12.79,"x":40.89,"y":-0.21,"color":"00ff3fff"},{"name":"bone4","parent":"bone3","length":41.12,"rotation":-8.24,"x":36.02,"color":"00ff3fff"},{"name":"slwh_xctuzirear","parent":"slwh_xctuzihead","length":35.51,"rotation":-7.97,"x":103.36,"y":26.26,"color":"00ff3fff"},{"name":"bone5","parent":"slwh_xctuzirear","length":33.46,"rotation":23.91,"x":35.51,"color":"00ff3fff"},{"name":"bone6","parent":"bone5","length":30.15,"rotation":20.44,"x":33.46,"color":"00ff3fff"},{"name":"slwh_xctuzilhand","parent":"bone2","length":35.54,"rotation":173.41,"x":41.07,"y":-38.11,"color":"00ff3fff"},{"name":"bone7","parent":"slwh_xctuzilhand","length":22.53,"rotation":-51.73,"x":35.54,"color":"00ff3fff"},{"name":"bone8","parent":"bone7","length":49.63,"rotation":-16.22,"x":22.53,"color":"00ff3fff"},{"name":"slwh_xctuzilaba","parent":"bone8","length":56.94,"rotation":-90.72,"x":33.95,"y":0.26,"color":"00ff3fff"},{"name":"bone9","parent":"slwh_xctuzilaba","length":85.17,"rotation":80.46,"x":56.36,"y":0.91,"color":"00ff3fff"},{"name":"bone10","parent":"slwh_xctuzibody","length":41.21,"rotation":-154.21,"x":62.76,"y":-13.42,"color":"50ff00ff"},{"name":"slwh_xctuzilfoot","parent":"bone10","length":36.48,"rotation":-101.56,"x":40.66,"y":-0.56,"color":"50ff00ff"},{"name":"bone11","parent":"slwh_xctuzilfoot","length":30.08,"rotation":-7.57,"x":36.48,"color":"50ff00ff"},{"name":"bone12","parent":"slwh_xctuzibody","length":38.35,"rotation":-161.45,"x":-13.43,"y":-9.18,"color":"50ff00ff"},{"name":"bone13","parent":"bone12","length":31.71,"rotation":-5.39,"x":37.8,"y":-0.08,"color":"50ff00ff"},{"name":"bone14","parent":"bone13","length":31.95,"rotation":-90.1,"x":30.88,"y":-1.34,"color":"50ff00ff"},{"name":"bone15","parent":"bone14","length":37.11,"rotation":-14.22,"x":31.95,"color":"50ff00ff"},{"name":"bone16","parent":"bone12","rotation":23.38,"x":30.5,"y":-23.37,"color":"50ff00ff"},{"name":"slwh_xctuzirhand","parent":"bone2","length":46.14,"rotation":72.9,"x":29.78,"y":15.53,"color":"00ff3fff"},{"name":"bone17","parent":"slwh_xctuzirhand","length":38.98,"rotation":-20.19,"x":46.14,"color":"00ff3fff"},{"name":"bone18","parent":"bone17","length":28.63,"rotation":-11.85,"x":38.98,"color":"00ff3fff"},{"name":"bone19","parent":"bone18","length":15.7,"rotation":0.39,"x":28.11,"y":0.27,"color":"00ff3fff"},{"name":"bone20","parent":"bone18","length":17.28,"rotation":-55.06,"x":16.85,"y":-23.8,"color":"00ff3fff"},{"name":"bone21","parent":"bone19","length":16.55,"rotation":-16.7,"x":15.7,"color":"00ff3fff"},{"name":"bone22","parent":"slwh_xctuzihead","x":8.67,"y":16.82,"color":"00ff3fff"},{"name":"bone23","parent":"slwh_xctuzihead","x":28.24,"y":-47.98,"color":"00ff3fff"},{"name":"bone24","parent":"slwh_xctuzihead","x":24.2,"y":68.55,"color":"00ff3fff"},{"name":"bone58","parent":"slwh_xctuzihead","rotation":2.09,"x":61.38,"y":-10.49,"color":"009b26ff"},{"name":"bone59","parent":"slwh_xctuzihead","rotation":-6.18,"x":52.02,"y":57.29,"color":"009b26ff"},{"name":"slwh_xctuzileye1","parent":"slwh_xctuzihead","x":55.73,"y":-11.78,"color":"00ff3fff"},{"name":"slwh_xctuzireye1","parent":"slwh_xctuzihead","x":49.36,"y":47.81,"color":"00ff3fff"},{"name":"slwh_xctuziupcun","parent":"slwh_xctuzihead","rotation":9.97,"x":30.53,"y":32.33,"color":"00ff3fff"},{"name":"slwh_xctuziupya","parent":"slwh_xctuziupcun","length":11.3,"rotation":179.03,"x":-6.67,"y":-6.78,"color":"00ff3fff"},{"name":"slwh_xctuziweiba","parent":"slwh_xctuzibody","length":33.52,"rotation":23.01,"x":61.3,"y":-9.56,"color":"50ff00ff"}],"slots":[{"name":"slwh_xctuziyy","bone":"slwh_xctuzibody","attachment":"slwh_xctuziyy"},{"name":"slwh_xctuzirhand","bone":"slwh_xctuzirhand","attachment":"slwh_xctuzirhand"},{"name":"slwh_xctuziweiba","bone":"slwh_xctuziweiba","attachment":"slwh_xctuziweiba"},{"name":"slwh_xctuzibody","bone":"slwh_xctuzibody","attachment":"slwh_xctuzibody"},{"name":"slwh_xctuzirear","bone":"slwh_xctuzirear","attachment":"slwh_xctuzirear"},{"name":"slwh_xctuzilear","bone":"slwh_xctuzilear","attachment":"slwh_xctuzilear"},{"name":"slwh_xctuzileye2","bone":"slwh_xctuzihead","attachment":"slwh_xctuzileye2"},{"name":"slwh_xctuzileye1","bone":"slwh_xctuzileye1","attachment":"slwh_xctuzileye1"},{"name":"slwh_xctuzireye2","bone":"slwh_xctuzihead","attachment":"slwh_xctuzireye2"},{"name":"slwh_xctuzireye1","bone":"slwh_xctuzireye1","attachment":"slwh_xctuzireye1"},{"name":"slwh_xctuzihead","bone":"slwh_xctuzihead","attachment":"slwh_xctuzihead"},{"name":"slwh_xctuziupya","bone":"slwh_xctuziupya","attachment":"slwh_xctuziupya"},{"name":"slwh_xctuziupcun","bone":"slwh_xctuziupcun","attachment":"slwh_xctuziupcun"},{"name":"slwh_xctuzirfoot","bone":"slwh_tyxc","attachment":"slwh_xctuzirfoot"},{"name":"slwh_xctuzilaba","bone":"slwh_xctuzilaba","attachment":"slwh_xctuzilaba"},{"name":"slwh_xctuzilhand","bone":"slwh_xctuzilhand","attachment":"slwh_xctuzilhand"},{"name":"slwh_xctuzilfoot","bone":"slwh_xctuzilfoot","attachment":"slwh_xctuzilfoot"},{"name":"slwh_tyxctextdb","bone":"hip","attachment":"slwh_tyxctextdb"},{"name":"slwh_tyxctext","bone":"hip","attachment":"slwh_tyxctext"}],"skins":{"default":{"slwh_tyxctext":{"slwh_tyxctext":{"x":-1,"y":-101.5,"width":198,"height":89}},"slwh_tyxctextdb":{"slwh_tyxctextdb":{"x":-0.5,"y":-128,"width":329,"height":160}},"slwh_xctuzibody":{"slwh_xctuzibody":{"type":"mesh","uvs":[0.7234,0,0.58669,0,0.37806,0,0.32045,0.15161,0.25608,0.32103,0.21899,0.41863,0.17868,0.52471,0,0.5804,0,0.76953,1.0E-5,1,0.42791,0.88565,0.48191,0.88977,0.55668,1,0.99876,0.99999,1,0.66084,0.97328,0.548,0.95152,0.45613,0.91599,0.30609,0.87291,0.16544,0.8163,0,0.46091,0.63902,0.74835,0.62109,0.48382,0.38878,0.72779,0.39655,0.38219,0.60714,0.46329,0.52132,0.73966,0.52536,0.51914,0.22478,0.70995,0.22143,0.13792,0.62944,0.19675,0.68593],"triangles":[29,7,6,8,7,29,8,29,30,30,24,10,9,8,30,9,30,10,30,29,6,10,20,11,13,21,14,12,11,21,13,12,21,28,1,0,0,19,18,28,0,18,27,2,1,27,1,28,3,2,27,28,18,17,27,4,3,22,4,27,23,28,17,27,28,23,22,27,23,23,17,16,22,5,4,25,5,22,26,23,16,22,23,26,25,22,26,24,6,5,26,16,15,25,24,5,21,26,15,20,24,25,20,25,26,20,26,21,21,15,14,24,30,6,10,24,20,11,20,21],"vertices":[1,5,63.46,-20.82,1,1,5,58.97,-1.79,1,1,5,52.14,27.25,1,1,5,29,30.27,1,2,4,45.63,33.27,0.464,5,3.15,33.64,0.536,2,4,31.26,37.64,0.512,5,-11.75,35.59,0.488,2,3,-40.97,19.94,0.488,4,15.64,42.4,0.512,1,25,6.66,-17.63,1,1,21,52.28,-11.08,1,2,21,62.84,20.38,1,25,47.04,27.32,0,1,21,-0.41,24.24,1,1,18,62.71,-8.97,1,1,18,59.99,9.97,1,1,18,3.07,37.48,1,1,18,-18.34,-6.42,1,2,3,72.66,16.59,0.528,4,19.73,-71.21,0.472,2,4,32.73,-67.24,0.512,5,6.99,-67.62,0.488,2,4,53.96,-60.75,0.464,5,26.85,-57.72,0.536,1,5,45.16,-47.09,1,1,5,66.49,-33.75,1,2,3,-0.61,3.48,0.528,4,1.86,1.05,0.472,2,3,40.49,6.07,0.528,4,7.13,-39.8,0.472,2,4,38.03,0.13,0.464,5,1.11,-0.29,0.536,2,4,39.2,-34.75,0.464,5,8.01,-34.51,0.536,2,3,-11.87,8.07,0.528,4,5.7,12.58,0.472,2,4,18.79,1.82,0.512,5,-18.14,-1.81,0.488,2,4,20.8,-37.66,0.512,5,-9.66,-40.41,0.488,1,5,25.25,0.2,1,1,5,31.97,-26.25,1,1,25,-3.29,0.81,1,1,21,21.78,-13.54,1],"hull":20,"edges":[12,14,18,20,20,22,22,24,24,26,40,42,28,30,42,30,8,44,44,46,46,34,14,16,12,48,48,40,16,18,26,28,8,10,10,12,10,50,50,52,30,32,32,34,52,32,40,50,50,44,4,6,6,8,6,54,54,56,34,36,36,38,56,36,4,2,2,54,54,44,56,46,46,52,52,42,2,0,0,38,56,0,14,58,16,60,60,48,58,60],"width":143,"height":144}},"slwh_xctuzihead":{"slwh_xctuzihead":{"type":"mesh","uvs":[0.25974,0,0.41708,0,0.58871,0.00463,0.78805,0.01,0.90705,0.26619,1,0.47941,0.99173,0.77365,0.74864,0.94825,0.54166,0.9599,0.44771,0.99999,0.21391,0.99999,1.0E-5,0.83633,0,0.62442,0,0.47941,0.04712,0.21854,0.0866,0,0.34429,0.19258,0.31634,0.53552,0.42157,0.54239,0.56253,0.54239,0.71647,0.52381,0.85558,0.51104,0.24537,0.5389,0.13779,0.54471,0.08679,0.53426,0.04969,0.5122,0.32873,0.60962,0.52427,0.61525,0.51878,0.7686,0.437,0.8627,0.3538,0.86506,0.28202,0.78523,0.23476,0.61181,0.73134,0.70814,0.08633,0.64163,0.45098,0.37004,0.54077,0.31155,0.65987,0.36315,0.25125,0.37806,0.18895,0.31269,0.11657,0.36889,0.54834,0.20631,0.75605,0.23231,0.19523,0.20331],"triangles":[30,31,29,29,31,28,10,30,9,30,29,9,9,29,8,10,31,30,10,11,31,29,28,8,8,28,7,28,33,7,7,33,6,11,34,31,11,12,34,34,32,31,31,26,28,31,32,26,33,21,6,6,21,5,28,27,33,28,26,27,27,19,33,19,20,33,33,20,21,34,23,32,34,24,23,34,12,24,12,25,24,12,13,25,26,18,27,27,18,19,26,22,17,26,32,22,32,23,22,26,17,18,38,22,23,18,35,19,35,36,19,19,37,20,19,36,37,18,17,35,17,22,38,40,38,23,35,17,16,40,23,24,40,39,38,24,25,40,20,37,21,25,13,40,21,37,4,21,4,5,4,37,42,13,14,40,38,39,16,17,38,16,16,39,43,35,16,36,40,14,39,42,37,41,39,14,43,37,36,41,36,16,41,42,3,4,41,2,42,42,2,3,14,15,43,16,1,41,41,1,2,43,0,16,43,15,0,16,0,1],"vertices":[1,6,117.83,45.9,1,1,6,120.49,17.86,1,1,6,122.74,-12.78,1,1,6,125.35,-48.38,1,1,6,90.89,-73.05,1,1,6,62.11,-92.5,1,2,6,20.08,-95,0.776,33,-8.16,-47.02,0.224,2,6,-8.89,-54.04,0.496,33,-37.13,-6.06,0.504,1,6,-14.05,-17.32,1,1,6,-21.35,-1.12,1,1,6,-25.3,40.54,1,2,6,-5.63,80.87,0.728,34,-29.83,12.33,0.272,2,6,24.54,83.74,0.728,34,0.34,15.19,0.272,1,6,45.18,85.7,1,1,6,83.12,80.83,1,1,6,114.9,76.75,1,1,6,91.84,28.23,1,1,6,42.55,28.57,1,2,6,43.35,9.73,0.896,35,-17.28,20.86,0.104,2,6,45.74,-15.39,0.896,35,-15.81,-4.33,0.104,2,6,50.99,-42.57,0.904,35,-11.56,-31.68,0.096,1,6,55.16,-67.19,1,2,6,40.87,41.17,0.856,36,-9.35,-17.23,0.144,2,6,38.22,60.26,0.856,36,-14.04,1.47,0.144,2,6,38.84,69.5,0.856,36,-14.41,10.71,0.144,1,6,41.36,76.4,1,1,6,32.21,25.36,1,2,6,34.72,-9.56,0.896,33,6.48,38.42,0.104,3,6,12.8,-10.65,0.42291,33,-15.45,37.33,0.04909,32,4.12,-27.47,0.528,2,6,-1.98,2.65,0.472,32,-10.66,-14.17,0.528,2,6,-3.73,17.44,0.472,32,-12.4,0.62,0.528,3,6,6.42,31.31,0.44557,34,-17.78,-37.24,0.02643,32,-2.25,14.49,0.528,1,6,30.31,42.08,1,2,6,25,-47.71,0.544,33,-3.24,0.27,0.456,2,6,23.55,68.12,0.528,34,-0.65,-0.42,0.472,2,6,68.39,6.82,0.536,35,7.63,17.04,0.464,2,6,78.23,-8.39,0.536,35,16.91,1.48,0.464,2,6,72.9,-30.31,0.536,35,10.79,-20.23,0.464,2,6,63.86,42.3,0.568,36,13.39,-13.63,0.432,2,6,72.12,54.29,0.568,36,20.31,-0.82,0.432,2,6,62.89,66.43,0.568,36,9.83,10.25,0.432,1,6,93.34,-8.32,1,1,6,93.16,-45.68,1,1,6,87.79,54.65,1],"hull":16,"edges":[10,12,12,14,20,22,2,32,32,34,18,20,34,36,36,38,38,40,40,42,42,10,34,44,44,46,46,48,48,50,50,26,52,34,52,54,54,56,56,58,60,62,62,64,64,52,56,66,66,12,62,68,22,24,24,26,68,24,36,70,70,72,72,74,74,40,44,76,76,78,78,80,80,48,32,82,82,84,8,10,84,8,32,86,26,28,28,30,86,28,6,8,60,58,14,16,16,18,72,82,2,4,4,6,82,4,78,86,2,0,0,30,86,0],"width":179,"height":143}},"slwh_xctuzilaba":{"slwh_xctuzilaba":{"type":"mesh","uvs":[1,1,0.63741,0.99999,0.62474,0.57534,0.37831,0.73988,0,0.97086,0.00285,1.0E-5,0.35857,0,0.40789,0,0.64769,0.30511,0.99592,0.25015,0.7626,0.4053,0.76773,0.50034,0.69013,0.55547,0.67401,0.34259,0.45139,0.12265,0.49775,0.33571,0.46501,0.55987],"triangles":[4,5,3,3,5,16,3,16,2,15,16,6,6,16,5,16,15,2,2,13,12,2,15,13,15,8,13,15,6,14,12,10,11,12,13,10,10,13,9,13,8,9,15,14,8,6,7,14,7,8,14,1,12,0,12,11,0,11,9,0,1,2,12,11,10,9],"vertices":[1,16,-32.89,-28.23,1,1,16,-31.42,27.95,1,2,16,34.86,28.18,0.28102,17,23.33,25.73,0.71898,1,17,57.56,56.49,1,1,17,110.58,100.38,1,1,17,131.33,-49.65,1,1,17,76.74,-57.36,1,1,17,69.17,-58.43,1,2,16,76.91,23.52,0.04367,17,25.71,-16.51,0.95633,1,16,84.06,-30.66,1,2,16,60.82,6.13,0.19852,17,5.88,-3.52,0.80148,2,16,45.97,5.72,0.56191,17,3.02,11.05,0.43809,2,16,37.69,17.97,0.44323,17,13.73,21.24,0.55677,2,16,70.95,19.6,0.07429,17,20.85,-11.29,0.92571,1,17,59.82,-40.43,1,1,17,48.05,-8.53,1,2,16,37.92,52.87,0.00459,17,48.18,26.81,0.99541],"hull":10,"edges":[0,2,2,4,14,16,16,18,20,22,22,24,24,4,16,26,26,20,18,0,8,10,10,12,12,14,12,28,28,30,30,32,4,6,6,8,32,6],"width":155,"height":156}},"slwh_xctuzilear":{"slwh_xctuzilear":{"type":"mesh","uvs":[0,0.57263,0.15572,0.34164,0.2926,0.18309,0.44734,0.06657,0.61478,0,1,0,0.99999,0.40818,0.89072,0.52677,0.78163,0.62238,0.70451,0.71201,0.62062,0.87801,0.55897,1,0.25323,1,0,1,0.45139,0.54118,0.65641,0.28494,0.36425,0.74295,0.5531,0.41406,0.82212,0.14752],"triangles":[18,4,5,15,4,18,3,4,15,6,18,5,15,18,6,7,15,6,17,3,15,2,3,17,14,1,2,17,15,7,17,14,2,8,17,7,9,14,17,8,9,17,0,1,14,16,0,14,16,14,9,10,16,9,13,0,16,12,13,16,11,12,16,10,11,16],"vertices":[2,7,13.97,42.89,0.90706,8,-35.79,36.08,0.09294,3,7,45.04,39.21,0.41951,8,-4.67,39.36,0.57993,9,-45.91,33.12,5.6E-4,3,7,67.93,33.66,0.05723,8,18.87,39.02,0.86551,9,-22.56,36.16,0.07725,3,7,87.57,24.16,1.0E-5,8,40.13,34.1,0.58346,9,-0.81,34.34,0.41653,2,8,58.04,24.47,0.15115,9,18.29,27.38,0.84885,1,9,50.88,-1.48,1,3,7,82.41,-48.89,0.00688,8,51.26,-38.29,0.40777,9,20.58,-35.71,0.58535,3,7,64.93,-44.06,0.06215,8,33.15,-37.44,0.66887,9,2.53,-37.47,0.26898,3,7,49.74,-38.05,0.24471,8,17.01,-34.95,0.70849,9,-13.8,-37.31,0.0468,3,7,36.82,-34.95,0.54362,8,3.72,-34.78,0.45485,9,-26.98,-39.05,0.00154,2,7,15.95,-35.11,0.90995,8,-16.6,-39.55,0.09005,2,7,0.61,-35.22,0.98387,8,-31.53,-43.06,0.01613,1,7,-15.31,-4.56,1,1,7,-28.5,20.83,1,2,7,40.61,-0.75,0.59272,8,-0.15,-0.59,0.40728,2,8,36.72,0.27,0.25278,9,0.66,0.36,0.74722,2,7,16.02,-2.43,0.9985,8,-23.76,-7.67,0.0015,2,7,58.55,-4.38,4.7E-4,8,18.14,-0.16,0.99953,2,8,60.57,-4.09,0.00171,9,24.88,-0.53,0.99829],"hull":14,"edges":[6,8,8,10,10,12,12,14,2,28,28,18,22,24,24,26,6,30,30,14,0,2,24,32,32,28,0,32,18,20,20,22,32,20,2,4,4,6,28,34,34,30,4,34,14,16,16,18,34,16,10,36,36,30,8,36,36,12,26,0],"width":113,"height":112}},"slwh_xctuzileye1":{"slwh_xctuzileye1":{"x":-0.36,"y":1.01,"rotation":-84.57,"width":30,"height":29}},"slwh_xctuzileye2":{"slwh_xctuzileye2":{"x":59.59,"y":-12.88,"scaleX":1.1,"scaleY":1.1,"rotation":-84.57,"width":49,"height":37}},"slwh_xctuzilfoot":{"slwh_xctuzilfoot":{"type":"mesh","uvs":[0,0,0,0.44068,0.09646,0.69965,0.27386,1,1,0.99999,0.96341,0.64105,0.89935,0.34739,0.81725,0],"triangles":[1,0,7,1,7,6,2,1,6,2,6,5,3,2,5,3,5,4],"vertices":[1,20,38.75,15.08,1,3,18,52.33,-41.75,0.00149,19,38,19.7,0.36915,20,-1.08,19.73,0.62936,3,18,57.98,-18.3,0.27082,19,13.9,20.53,0.70912,20,-25.08,17.38,0.02006,1,18,61.41,10.4,1,1,18,26.76,27.14,1,3,18,14.29,-3.11,0.93805,19,7.78,-25.32,0.0389,20,-25.11,-28.88,0.02304,3,18,5.72,-28.65,0.18263,19,34.52,-28.59,0.15868,20,1.83,-28.6,0.65869,2,18,-4.11,-59.01,0.00552,20,33.73,-27.94,0.99448],"hull":8,"edges":[2,4,4,6,6,8,0,14,12,14,2,12,4,10,10,12,8,10,0,2],"width":53,"height":91}},"slwh_xctuzilhand":{"slwh_xctuzilhand":{"type":"mesh","uvs":[1,0,1,0.34029,0.88025,0.73524,0.60232,0.99999,0.00137,0.99999,1.0E-5,0.4215,0.40465,0.26344,0.52691,0.43967,0.63945,0.38907,0.74765,0],"triangles":[7,4,5,7,5,6,2,3,7,4,7,3,2,7,8,9,0,1,1,8,9,2,8,1],"vertices":[1,13,-13.37,5.65,1,1,13,11.28,14.54,1,3,13,43.91,13.71,0.23875,14,-5.58,15.06,0.75123,15,-31.19,6.61,0.01002,2,14,26.97,25.7,0.28001,15,-2.91,25.92,0.71999,1,15,56.54,23.62,1,1,15,54.95,-20.9,1,2,14,27.6,-34.29,0.00306,15,14.45,-31.51,0.99694,3,13,34.37,-26.92,0.04838,14,20.41,-17.59,0.24838,15,2.88,-17.48,0.70324,3,13,26.92,-17.76,0.44053,14,8.61,-17.76,0.43204,15,-8.4,-20.95,0.12743,2,13,-4.9,-17.85,0.99655,14,-11.03,-42.8,0.00345],"hull":10,"edges":[0,2,2,4,4,6,6,8,10,12,16,18,0,18,16,4,12,14,14,16,6,14,8,10],"width":99,"height":77}},"slwh_xctuzirear":{"slwh_xctuzirear":{"type":"mesh","uvs":[0.77282,0.06897,0.85642,0.17563,0.9553,0.37014,0.98707,0.61146,1,0.83285,1,1,0.32702,1,0,1,0.04457,0.83625,0.15043,0.68174,0.07243,0.51671,0,0.3584,0,0.21996,0,0.08162,0.17359,0,0.68033,1.0E-5,0.62115,0.58757,0.52515,0.23824,0.4924,0.79581,0.59597,0.38431,0.36103,0.08976],"triangles":[20,14,15,20,15,0,12,13,14,12,14,20,17,20,0,17,0,1,11,12,20,11,20,17,19,17,1,19,1,2,10,11,17,10,17,19,16,19,2,9,10,19,16,2,3,16,9,19,18,9,16,16,3,4,18,16,4,8,9,18,6,8,18,7,8,6,18,4,5,6,18,5],"vertices":[2,11,49.25,-29.67,0.25124,12,4.43,-33.32,0.74876,3,10,82.71,-15.53,0.00553,11,36.86,-33.33,0.54513,12,-8.46,-32.41,0.44933,3,10,63.88,-27.12,0.1463,11,14.94,-36.29,0.79385,12,-30.04,-27.54,0.05986,2,10,39.04,-35.32,0.68244,11,-11.09,-33.72,0.31756,2,10,15.99,-41.74,0.97534,11,-34.77,-30.25,0.02466,1,10,-1.57,-45.92,1,1,10,-12.48,-0.1,1,2,10,-17.79,22.17,0.99891,11,-39.73,41.87,0.00109,2,10,0.14,23.23,0.94432,11,-22.92,35.58,0.05568,3,10,18.09,19.89,0.59261,11,-7.86,25.24,0.40369,12,-29.9,38.09,0.0037,3,10,34.16,29.33,0.22047,11,10.66,27.36,0.70679,12,-11.81,33.6,0.07274,3,10,49.62,38.22,0.03206,11,28.39,29.22,0.61426,12,5.46,29.15,0.35368,3,10,64.17,41.69,1.3E-4,11,43.09,26.49,0.19622,12,18.28,21.46,0.80365,2,11,57.78,23.76,0.0124,12,31.09,13.77,0.9876,1,12,32.4,-1.18,1,2,11,57.75,-24.67,0.12039,12,14.14,-31.6,0.87961,2,10,35.62,-9.81,0.99191,11,-3.88,-9.01,0.00809,2,11,34.44,-9.29,0.48571,12,-2.33,-9.05,0.51429,1,10,11.65,-6.25,1,3,10,56.56,-3.01,1.3E-4,11,18.03,-11.28,0.99965,12,-18.41,-5.18,2.1E-4,1,12,17.33,-7.45,1],"hull":16,"edges":[14,16,26,28,28,30,0,30,10,12,12,14,16,18,18,32,4,6,32,6,12,36,36,32,16,36,8,10,36,8,6,8,22,34,0,2,2,4,34,2,32,38,38,34,4,38,18,20,20,22,38,20,22,24,24,26,28,40,40,34,24,40,40,0],"width":70,"height":108}},"slwh_xctuzireye1":{"slwh_xctuzireye1":{"x":-0.21,"y":1.61,"rotation":-84.57,"width":23,"height":26}},"slwh_xctuzireye2":{"slwh_xctuzireye2":{"x":53.25,"y":53.82,"scaleX":1.1,"scaleY":1.1,"rotation":-84.57,"width":31,"height":37}},"slwh_xctuzirfoot":{"slwh_xctuzirfoot":{"type":"mesh","uvs":[0.74575,0.00156,0.75954,0.42015,0.75258,0.57974,1,0.55497,1,1,0.15718,1,0.06886,0.73542,0,0.47254,0,0.00625],"triangles":[1,7,8,1,8,0,2,7,1,6,7,2,5,6,2,2,3,4,5,2,4],"vertices":[2,23,64.61,-35.89,0.02453,24,40.47,-26.78,0.97547,3,22,2.38,-30.24,0.14901,23,28.95,-28.46,0.41602,24,4.08,-28.32,0.43497,3,22,5.94,-16.81,0.60381,23,15.51,-24.92,0.32228,24,-9.82,-28.19,0.07391,3,22,-8.77,-15.59,0.93752,23,14.31,-39.63,0.06002,24,-7.37,-42.74,0.00246,1,22,0.05,22.11,1,1,22,48.47,10.79,1,3,22,48.3,-12.81,0.31814,23,11.44,17.44,0.68129,24,-24.17,11.87,5.8E-4,3,22,47.05,-36,0.00182,23,34.63,16.23,0.40969,24,-1.38,16.39,0.5885,1,24,39.17,17.2,1],"hull":9,"edges":[4,6,6,8,8,10,10,12,0,16,12,14,2,4,14,2,4,12,14,16,0,2],"width":59,"height":87}},"slwh_xctuzirhand":{"slwh_xctuzirhand":{"type":"mesh","uvs":[1,0.79535,0.6949,0.63971,0.56219,0.48362,0.69649,0.1997,0.56089,0.09108,0.44,0.26157,0.44288,0.13257,0.44583,0,0.12573,1.1E-4,3.0E-5,0.12094,2.0E-5,0.27848,0.04659,0.4387,0.26092,0.58512,0.47429,0.85087,0.75089,0.99999,1,0.99999,0.24497,0.30346,0.15951,0.20844],"triangles":[2,5,3,3,5,4,10,9,17,9,8,17,17,8,6,6,8,7,11,17,16,11,10,17,11,16,12,12,16,5,5,16,6,6,16,17,13,2,1,13,12,2,12,5,2,15,14,0,13,1,14,14,1,0],"vertices":[1,26,2.77,-17.9,1,3,26,41.87,-18.28,0.5691,27,2.3,-18.63,0.42428,30,-26.4,-41.23,0.00663,4,26,64.64,-28.28,0.00765,27,27.12,-20.16,0.63782,28,-7.46,-22.17,0.01628,30,-15.26,-18.99,0.33825,1,30,24.05,-15.22,1,1,30,29.61,4.47,1,4,28,24.15,-23.54,0.19659,29,-4.12,-23.78,0.00274,31,-12.16,-28.48,0.04655,30,3.97,6.14,0.75412,4,28,38.75,-31.53,0.30528,29,10.42,-31.88,0.01224,31,4.1,-32.05,0.44336,30,18.88,13.52,0.23912,3,28,53.75,-39.75,0.22214,31,20.8,-35.72,0.63393,30,34.21,21.12,0.14394,3,28,70.06,-8.54,0.00963,31,27.7,-1.19,0.98512,30,17.97,52.36,0.00524,2,29,34.62,10.43,0.08619,31,15.12,15.42,0.91381,2,29,16.68,19.97,0.78425,31,-4.8,19.41,0.21575,2,28,23.97,25.4,0.07307,29,-3.97,25.16,0.92693,3,27,38.08,13.75,0.60944,28,-3.7,13.27,0.33433,29,-31.72,13.21,0.05623,2,26,49.06,17.49,0.58595,27,-3.3,17.42,0.41405,1,26,13.08,18.72,1,1,26,-10.57,4.88,1,3,28,29.31,-2.02,0.9799,31,-13.25,-6.38,0.00128,30,-10.71,22.69,0.01882,2,29,16.42,0.24,0.31629,31,0.61,0.43,0.68371],"hull":16,"edges":[0,2,2,4,4,6,6,8,8,10,14,16,16,18,22,24,24,26,26,28,28,30,0,30,22,32,32,10,24,4,2,26,18,20,20,34,10,12,12,14,34,12,16,34,34,32,20,22],"width":110,"height":129}},"slwh_xctuziupcun":{"slwh_xctuziupcun":{"type":"mesh","uvs":[0.33202,0,0.72224,0.12337,1,0.49416,1,0.84616,0.71734,1,0.37512,1,0.0887,0.98911,0.01305,0.78794,0,0.41416,0.10507,0,0.30591,0.64041],"triangles":[7,8,10,4,10,2,6,7,10,4,5,10,6,10,5,0,8,9,10,0,1,10,1,2,10,8,0,2,3,4],"vertices":[1,6,50.61,34.06,1,1,6,48.89,10.38,1,2,6,38.66,-7.33,1,39,1.14,-40.47,0,2,6,27.45,-8.4,0.81596,39,-10.09,-39.58,0.18404,2,6,20.94,8.02,0.472,39,-13.65,-22.28,0.528,2,6,19,28.46,0.472,39,-12.02,-1.81,0.528,2,6,17.72,45.6,0.472,39,-10.32,15.29,0.528,2,6,23.7,50.73,0.488,39,-3.54,19.31,0.512,1,6,35.53,52.64,1,1,6,49.32,47.62,1,1,39,-0.22,1.42,1],"hull":10,"edges":[4,6,6,8,14,16,16,18,2,4,2,20,20,16,8,10,20,10,10,12,12,14,0,18,20,0,0,2],"width":60,"height":32}},"slwh_xctuziupya":{"slwh_xctuziupya":{"x":3.85,"y":1.73,"rotation":86.42,"width":28,"height":16}},"slwh_xctuziweiba":{"slwh_xctuziweiba":{"x":14.57,"y":-0.69,"rotation":-23.01,"width":45,"height":46}},"slwh_xctuziyy":{"slwh_xctuziyy":{"type":"mesh","uvs":[1,0.1165,1,1,0.61375,1,0,1,0,0.54241,0,0,0.35835,0,0.52985,0,0.84795,0,1,0,0.74007,0.0586,0.65801,0.14698,0.62758,0.05784,0.43027,0.15079,0.46254,0.23765,0.33438,0.34279,0.27076,0.27574,0.11125,0.36717,0.03656,0.74812,0.1721,0.7626,0.2182,0.96145,0.49481,0.94012,0.87008,0.89517,0.86178,0.78469,0.75575,0.77479,0.71333,0.61098,0.82859,0.59574,0.92632,0.47003,0.79632,0.31612,0.88944,0.20488,0.2667,0.69923,0.35938,0.66712,0.41619,0.70335,0.39426,0.79394,0.31852,0.81535],"triangles":[1,23,27,22,24,23,21,32,24,1,22,23,24,26,23,2,22,1,0,1,27,22,2,24,33,31,32,32,31,15,23,26,27,32,25,24,24,25,26,25,32,15,15,14,25,25,14,28,25,28,26,3,18,19,19,30,34,34,30,31,30,19,4,19,18,4,4,17,30,30,15,31,15,30,17,33,34,31,3,20,2,20,21,2,3,19,20,21,20,34,20,19,34,2,21,24,21,34,33,33,32,21,3,4,18,15,17,16,4,5,17,17,5,16,15,16,14,16,13,14,16,6,13,16,5,6,12,13,7,13,6,7,8,10,7,10,12,7,11,13,12,11,12,10,13,11,14,29,8,0,8,9,0,11,10,29,10,8,29,28,14,11,26,28,27,28,29,27,27,29,0,28,11,29],"vertices":[4,7,83.72,-44.58,0.13196,8,51.59,-33.79,0.22665,9,20.25,-31.21,0.63454,13,-194.67,14.68,0.00685,2,18,-35.64,77.29,0.67717,41,39.18,-79.59,0.32283,5,3,14.54,-67.5,0.07513,21,-7.96,64.18,0.2163,22,-51.59,59.68,0.00449,18,66.95,27.71,0.38624,19,-32.97,20.09,0.31783,3,22,124.71,18.45,0.58684,23,-19.95,93.79,0.29352,24,-73.35,78.17,0.11964,6,28,19.06,98.09,0.01411,29,-8.39,97.87,0.0863,31,-51.2,86.82,0.05297,17,145.66,8.57,0.68288,23,139.18,56.87,0.01542,24,89.98,81.46,0.14832,3,10,52.54,181.79,0.00433,12,107.91,129.76,0.23837,31,138.68,48.84,0.75729,4,10,77.03,78.95,0.09039,11,69.96,55.34,0.00477,12,53.53,39.11,0.56693,31,117.95,-54.82,0.33791,2,8,-6.25,98.95,0.00236,12,27.5,-4.27,0.99764,5,6,204.25,-50.01,1.9E-4,8,54.37,27.31,0.25681,9,14.25,29.66,0.6335,11,43.58,-86.66,0.08448,12,-20.78,-84.74,0.02501,1,9,47.83,-0.07,1,6,6,180.41,-20.31,0.02062,7,66.72,32.99,0.03506,8,17.84,38.09,0.48777,9,-23.45,35.1,0.05558,11,28.83,-51.55,0.3153,12,-22.35,-46.69,0.08567,5,6,146.71,0.81,0.19618,7,27.56,39.93,0.13019,8,-21.88,36.19,0.08599,10,46.46,-19.2,0.01644,11,2.23,-21.99,0.57121,6,6,177.55,12.75,0.01404,7,51.66,62.57,0.01372,8,-3.39,63.6,0.13107,9,-48.11,57.3,0.00321,11,35.15,-18.98,0.58247,12,-5.04,-18.37,0.2555,8,10,29.58,45.84,0.3817,11,13.16,44.31,0.14216,12,-3.55,48.61,0.2327,27,105.01,-94.78,1.1E-4,28,84.09,-79.2,0.00314,29,55.44,-79.85,0.00575,31,61,-65.06,0.23437,16,208.5,15.43,7.0E-5,9,10,1.62,29.4,0.67972,11,-19.07,40.61,0.03804,12,-35.04,56.4,0.04297,26,88.11,-103.24,1.9E-4,27,75.02,-82.41,0.01109,28,52.2,-73.26,0.03005,29,23.59,-73.69,0.0288,31,28.73,-68.32,0.16402,16,177.26,6.72,0.00512,10,6,68.1,89.24,0.01663,10,-43.66,57.48,0.13291,11,-49.07,84.64,6.4E-4,12,-47.77,108.14,0.00366,26,101.78,-51.75,0.0021,27,70.08,-29.37,0.04004,28,36.47,-22.35,0.207,29,8.2,-22.68,0.31855,31,-0.67,-23.88,0.26404,16,140.72,45.5,0.01445,8,10,-24.72,81.29,0.08361,11,-22.11,98.72,0.00367,12,-17.59,111.91,0.03295,27,100.49,-30.1,6.4E-4,28,66.38,-16.82,0.00594,29,38.15,-17.35,0.00553,31,26.49,-10.17,0.86696,16,165.14,63.63,6.9E-4,5,12,-21.37,169.06,0.00391,28,59.27,40,0.04187,29,31.43,39.52,0.2231,31,3.71,42.37,0.4955,17,121.92,-57.97,0.23563,5,29,-78.29,122.84,5.6E-4,17,124.7,79.78,0.18947,22,93.73,-66.66,0.0484,23,65.2,62.96,0.23518,24,16.77,69.2,0.52639,4,17,84.39,79.3,0.06294,22,55.98,-52.52,0.01522,23,51.13,25.18,0.24463,24,12.41,29.12,0.67721,4,22,58.9,19.71,0.92384,23,-21.1,27.98,0.06358,24,-58.29,14.09,0.01209,19,9.04,129.82,4.9E-4,5,3,-20.55,-46.12,0.09078,21,18.5,32.75,0.57022,22,-22.29,30.87,0.07913,18,89.24,-6.8,0.04892,19,-3.63,48.85,0.21095,2,18,-17.41,26.91,0.6189,41,18.54,-30.16,0.3811,4,7,-146.76,-118.36,0.00127,13,43.55,57.25,0.0678,14,-39.98,41.75,0.00208,41,31.7,7.1,0.92885,5,13,50.84,26.63,0.21718,14,-11.43,28.51,0.1209,19,34.67,-40.27,0.03836,20,3.51,-40.16,0.03042,41,4.29,22.58,0.59313,4,5,41.57,-33.15,0.0771,6,-16.65,-31.1,0.04066,13,0.07,-4.98,0.8786,20,63.05,-34.5,0.00364,4,6,-8.02,-64.43,0.07208,7,-91.41,-78.58,0.08207,13,-16.58,25.15,0.69452,41,49.06,73.02,0.15133,5,6,39.39,-88.89,0.13115,7,-38.29,-83.47,0.36944,8,-58.79,-98.72,9.4E-4,13,-68.58,37.05,0.41995,41,93.15,103.05,0.07853,5,6,90.46,-45.52,0.10641,7,-7.22,-24.11,0.80904,8,-41.62,-33.96,0.00533,13,-107.25,-17.67,0.07588,41,79.33,168.62,0.00334,5,7,40.69,-30.18,0.59292,8,6.44,-29.28,0.32067,9,-25.08,-33.21,0.05782,13,-153.93,-5.3,0.02808,41,120.14,194.43,5.1E-4,3,17,59.92,53,0.00209,23,66.86,-7.11,0.00177,24,35.59,1.68,0.99614,4,17,34.45,37.82,0.30682,16,24.79,41.16,0.11166,24,47.6,-25.43,0.36323,15,74.79,-25.04,0.21829,5,17,16.05,48.28,0.1067,16,11.42,24.74,0.17715,23,55.46,-49.74,3.0E-5,24,35,-42.45,0.14586,15,58.54,-11.47,0.57026,6,16,-20.74,32.05,0.09551,21,30.02,-26.16,0.33021,22,-5.29,-26.7,0.06287,23,25.42,-36.13,0.09934,24,2.54,-36.63,0.13126,15,66.26,20.6,0.28081,6,16,-27.8,54.59,0.00366,21,53.63,-26.02,0.06885,22,18.2,-24.34,0.12453,23,23.02,-12.64,0.66612,24,-5.55,-14.44,0.0753,15,88.88,27.37,0.06154],"hull":10,"edges":[16,18,16,20,20,22,22,24,14,16,24,14,10,12,12,14,12,26,26,28,28,30,30,32,32,34,6,8,8,10,34,8,8,36,36,38,38,40,40,42,2,4,4,6,42,4,4,44,44,46,46,48,48,50,50,52,52,54,54,56,56,58,2,0,0,18,58,0,60,62,62,64,64,66,66,68,68,60],"width":74,"height":89}}}},"animations":{"animation":{"bones":{"root":{"rotate":[{"time":0,"angle":0,"curve":"stepped"},{"time":2.4,"angle":0,"curve":"stepped"},{"time":4.8,"angle":0}],"translate":[{"time":0,"x":0,"y":0,"curve":"stepped"},{"time":2.4,"x":0,"y":0,"curve":"stepped"},{"time":4.8,"x":0,"y":0}],"scale":[{"time":0,"x":1,"y":1,"curve":"stepped"},{"time":2.4,"x":1,"y":1,"curve":"stepped"},{"time":4.8,"x":1,"y":1}]},"slwh_tyxc":{"rotate":[{"time":0,"angle":0,"curve":"stepped"},{"time":2.4,"angle":0,"curve":"stepped"},{"time":4.8,"angle":0}],"translate":[{"time":0,"x":0,"y":0,"curve":"stepped"},{"time":2.4,"x":0,"y":0,"curve":"stepped"},{"time":4.8,"x":0,"y":0}],"scale":[{"time":0,"x":1,"y":1,"curve":"stepped"},{"time":2.4,"x":1,"y":1,"curve":"stepped"},{"time":4.8,"x":1,"y":1}]},"slwh_xctuzibody":{"rotate":[{"time":0,"angle":0,"curve":"stepped"},{"time":2.4,"angle":0,"curve":"stepped"},{"time":4.8,"angle":0}],"translate":[{"time":0,"x":0,"y":0,"curve":"stepped"},{"time":2.4,"x":0,"y":0,"curve":"stepped"},{"time":4.8,"x":0,"y":0}],"scale":[{"time":0,"x":1,"y":1,"curve":"stepped"},{"time":2.4,"x":1,"y":1,"curve":"stepped"},{"time":4.8,"x":1,"y":1}]},"bone":{"rotate":[{"time":0,"angle":0,"curve":[0.25,0,0.75,1]},{"time":1.4,"angle":-0.53,"curve":[0.25,0,0.75,1]},{"time":2.4,"angle":0,"curve":[0.25,0,0.75,1]},{"time":3.8,"angle":-0.53,"curve":[0.25,0,0.75,1]},{"time":4.8,"angle":0}],"translate":[{"time":0,"x":0,"y":0,"curve":[0.25,0,0.75,1]},{"time":1.4,"x":0.06,"y":0.87,"curve":[0.25,0,0.75,1]},{"time":2.4,"x":0,"y":0,"curve":[0.25,0,0.75,1]},{"time":3.8,"x":0.06,"y":0.87,"curve":[0.25,0,0.75,1]},{"time":4.8,"x":0,"y":0}],"scale":[{"time":0,"x":1,"y":1,"curve":"stepped"},{"time":2.4,"x":1,"y":1,"curve":"stepped"},{"time":4.8,"x":1,"y":1}]},"bone2":{"rotate":[{"time":0,"angle":-0.89,"curve":[0.571,0.55,1,1]},{"time":0.4,"angle":0,"curve":[0.25,0,0.75,1]},{"time":1.8,"angle":-1.8,"curve":[0.25,0,1,1]},{"time":2.4,"angle":-0.89,"curve":[0,0,0.75,1]},{"time":2.8,"angle":0,"curve":[0.25,0,0.75,1]},{"time":4.2,"angle":-1.8,"curve":[0.25,0,1,1]},{"time":4.8,"angle":-0.89}],"translate":[{"time":0,"x":0.37,"y":-0.06,"curve":[0,0,0.75,1]},{"time":0.4,"x":0,"y":0,"curve":[0.25,0,0.75,1]},{"time":1.8,"x":1.01,"y":-0.17,"curve":[0.25,0,1,1]},{"time":2.4,"x":0.37,"y":-0.06,"curve":[0,0,0.75,1]},{"time":2.8,"x":0,"y":0,"curve":[0.25,0,0.75,1]},{"time":4.2,"x":1.01,"y":-0.17,"curve":[0.25,0,1,1]},{"time":4.8,"x":0.37,"y":-0.06}],"scale":[{"time":0,"x":1,"y":1,"curve":"stepped"},{"time":2.4,"x":1,"y":1,"curve":"stepped"},{"time":4.8,"x":1,"y":1}]},"slwh_xctuzihead":{"rotate":[{"time":0,"angle":-2.33,"curve":[0,0,0.75,1]},{"time":0.8,"angle":0,"curve":[0.25,0,0.75,1]},{"time":2.2,"angle":-2.6,"curve":[0.25,0,1,1]},{"time":2.4,"angle":-2.33,"curve":[0,0,0.75,1]},{"time":3.2,"angle":0,"curve":[0.25,0,0.75,1]},{"time":4.6,"angle":-2.6,"curve":[0.25,0,1,1]},{"time":4.8,"angle":-2.33}],"translate":[{"time":0,"x":2.42,"y":0.31,"curve":[0,0,0.75,1]},{"time":0.8,"x":0,"y":0,"curve":[0.25,0,0.75,1]},{"time":2.2,"x":2.7,"y":0.34,"curve":[0.25,0,1,1]},{"time":2.4,"x":2.42,"y":0.31,"curve":[0,0,0.75,1]},{"time":3.2,"x":0,"y":0,"curve":[0.25,0,0.75,1]},{"time":4.6,"x":2.7,"y":0.34,"curve":[0.25,0,1,1]},{"time":4.8,"x":2.42,"y":0.31}],"scale":[{"time":0,"x":1,"y":1,"curve":"stepped"},{"time":2.4,"x":1,"y":1,"curve":"stepped"},{"time":4.8,"x":1,"y":1}]},"slwh_xctuzileye1":{"rotate":[{"time":0,"angle":0,"curve":"stepped"},{"time":2.4,"angle":0,"curve":"stepped"},{"time":4.8,"angle":0}],"translate":[{"time":0,"x":0.46,"y":0,"curve":[0.25,0,0.75,1]},{"time":1.4,"x":0.94,"y":-3.66,"curve":[0.25,0,0.75,1]},{"time":2.4,"x":0.46,"y":0,"curve":[0.333,0.33,0.666,0.66]},{"time":3.6,"x":0.46,"y":-1.7,"curve":[0.243,0,0.655,0.63]},{"time":4,"x":0.46,"y":-0.41,"curve":[0.382,0.58,0.731,1]},{"time":4.6,"x":0.46,"y":0,"curve":"stepped"},{"time":4.8,"x":0.46,"y":0}],"scale":[{"time":0,"x":1,"y":1,"curve":"stepped"},{"time":2.4,"x":1,"y":1,"curve":"stepped"},{"time":4.8,"x":1,"y":1}]},"slwh_xctuzireye1":{"rotate":[{"time":0,"angle":0,"curve":"stepped"},{"time":2.4,"angle":0,"curve":"stepped"},{"time":4.8,"angle":0}],"translate":[{"time":0,"x":0.46,"y":0,"curve":[0.25,0,0.75,1]},{"time":1.4,"x":0.94,"y":-2.71,"curve":[0.25,0,0.75,1]},{"time":2.4,"x":0.46,"y":0,"curve":[0.332,0.33,0.666,0.66]},{"time":3.6,"x":0.46,"y":-1.19,"curve":[0.243,0,0.655,0.63]},{"time":4,"x":0.46,"y":-0.29,"curve":[0.382,0.58,0.731,1]},{"time":4.6,"x":0.46,"y":0,"curve":"stepped"},{"time":4.8,"x":0.46,"y":0}],"scale":[{"time":0,"x":1,"y":1,"curve":"stepped"},{"time":2.4,"x":1,"y":1,"curve":"stepped"},{"time":4.8,"x":1,"y":1}]},"slwh_xctuziupcun":{"rotate":[{"time":0,"angle":0,"curve":"stepped"},{"time":2.4,"angle":0,"curve":"stepped"},{"time":4.8,"angle":0}],"translate":[{"time":0,"x":0,"y":0,"curve":[0.25,0,0.75,1]},{"time":1.4,"x":2.99,"y":0.53,"curve":[0.25,0,0.75,1]},{"time":2.4,"x":0,"y":0,"curve":[0.25,0,0.75,1]},{"time":3.8,"x":2.99,"y":0.53,"curve":[0.25,0,0.75,1]},{"time":4.8,"x":0,"y":0}],"scale":[{"time":0,"x":1,"y":1,"curve":"stepped"},{"time":2.4,"x":1,"y":1,"curve":"stepped"},{"time":4.8,"x":1,"y":1}]},"slwh_xctuzilear":{"rotate":[{"time":0,"angle":0,"curve":[0.25,0,0.75,1]},{"time":1.2,"angle":1.42,"curve":[0.25,0,0.75,1]},{"time":2.4,"angle":0,"curve":[0.25,0,0.75,1]},{"time":3.2,"angle":1.72,"curve":[0.25,0,0.75,1]},{"time":3.6,"angle":0,"curve":[0.25,0,0.75,1]},{"time":4,"angle":2.85,"curve":[0.25,0,0.75,1]},{"time":4.8,"angle":0}],"translate":[{"time":0,"x":0,"y":0,"curve":[0.25,0,0.75,1]},{"time":1.2,"x":1.33,"y":-0.5,"curve":[0.25,0,0.75,1]},{"time":2.4,"x":0,"y":0,"curve":[0.25,0,0.75,1]},{"time":3.2,"x":1.33,"y":-0.5,"curve":[0.25,0,0.75,1]},{"time":3.6,"x":0,"y":0,"curve":[0.25,0,0.75,1]},{"time":4,"x":1.33,"y":-0.5,"curve":[0.25,0,0.75,1]},{"time":4.8,"x":0,"y":0}],"scale":[{"time":0,"x":1,"y":1,"curve":"stepped"},{"time":2.4,"x":1,"y":1,"curve":"stepped"},{"time":3.6,"x":1,"y":1,"curve":"stepped"},{"time":4.8,"x":1,"y":1}]},"bone3":{"rotate":[{"time":0,"angle":0,"curve":[0.25,0,0.75,1]},{"time":1.2,"angle":2.13,"curve":[0.25,0,0.75,1]},{"time":2.4,"angle":0,"curve":[0.25,0,0.75,1]},{"time":3.2,"angle":2.43,"curve":[0.25,0,0.75,1]},{"time":3.6,"angle":0,"curve":[0.25,0,0.75,1]},{"time":4,"angle":3.57,"curve":[0.25,0,0.75,1]},{"time":4.8,"angle":0}],"translate":[{"time":0,"x":0,"y":0,"curve":[0.25,0,0.75,1]},{"time":1.2,"x":0.76,"y":-0.15,"curve":[0.25,0,0.75,1]},{"time":2.4,"x":0,"y":0,"curve":[0.25,0,0.75,1]},{"time":3.2,"x":0.76,"y":-0.15,"curve":[0.25,0,0.75,1]},{"time":3.6,"x":0,"y":0,"curve":[0.25,0,0.75,1]},{"time":4,"x":0.76,"y":-0.15,"curve":[0.25,0,0.75,1]},{"time":4.8,"x":0,"y":0}],"scale":[{"time":0,"x":1,"y":1,"curve":"stepped"},{"time":2.4,"x":1,"y":1,"curve":"stepped"},{"time":3.6,"x":1,"y":1,"curve":"stepped"},{"time":4.8,"x":1,"y":1}]},"bone4":{"rotate":[{"time":0,"angle":0,"curve":[0.25,0,0.75,1]},{"time":1.2,"angle":2.13,"curve":[0.25,0,0.75,1]},{"time":2.4,"angle":0,"curve":[0.25,0,0.75,1]},{"time":3.2,"angle":2.43,"curve":[0.25,0,0.75,1]},{"time":3.6,"angle":0,"curve":[0.25,0,0.75,1]},{"time":4,"angle":3.57,"curve":[0.25,0,0.75,1]},{"time":4.8,"angle":0}],"translate":[{"time":0,"x":0,"y":0,"curve":[0.25,0,0.75,1]},{"time":1.2,"x":0.61,"y":-0.07,"curve":[0.25,0,0.75,1]},{"time":2.4,"x":0,"y":0,"curve":[0.25,0,0.75,1]},{"time":3.2,"x":0.61,"y":-0.07,"curve":[0.25,0,0.75,1]},{"time":3.6,"x":0,"y":0,"curve":[0.25,0,0.75,1]},{"time":4,"x":0.61,"y":-0.07,"curve":[0.25,0,0.75,1]},{"time":4.8,"x":0,"y":0}],"scale":[{"time":0,"x":1,"y":1,"curve":"stepped"},{"time":2.4,"x":1,"y":1,"curve":"stepped"},{"time":3.6,"x":1,"y":1,"curve":"stepped"},{"time":4.8,"x":1,"y":1}]},"slwh_xctuzirear":{"rotate":[{"time":0,"angle":0,"curve":[0.25,0,0.75,1]},{"time":1.4,"angle":2.61,"curve":[0.25,0,0.75,1]},{"time":2.4,"angle":0,"curve":[0.25,0,0.75,1]},{"time":3.2,"angle":-2.06,"curve":[0.25,0,0.75,1]},{"time":3.6,"angle":0,"curve":[0.25,0,0.75,1]},{"time":4,"angle":-2.06,"curve":[0.25,0,0.75,1]},{"time":4.8,"angle":0}],"translate":[{"time":0,"x":0,"y":0,"curve":"stepped"},{"time":2.4,"x":0,"y":0,"curve":"stepped"},{"time":4.8,"x":0,"y":0}],"scale":[{"time":0,"x":1,"y":1,"curve":"stepped"},{"time":2.4,"x":1,"y":1,"curve":"stepped"},{"time":4.8,"x":1,"y":1}]},"bone5":{"rotate":[{"time":0,"angle":0,"curve":[0.25,0,0.75,1]},{"time":1.4,"angle":3.33,"curve":[0.25,0,0.75,1]},{"time":2.4,"angle":0,"curve":[0.25,0,0.75,1]},{"time":3.2,"angle":-2.06,"curve":[0.25,0,0.75,1]},{"time":3.6,"angle":0,"curve":[0.25,0,0.75,1]},{"time":4,"angle":-2.06,"curve":[0.25,0,0.75,1]},{"time":4.8,"angle":0}],"translate":[{"time":0,"x":0,"y":0,"curve":"stepped"},{"time":2.4,"x":0,"y":0,"curve":"stepped"},{"time":4.8,"x":0,"y":0}],"scale":[{"time":0,"x":1,"y":1,"curve":"stepped"},{"time":2.4,"x":1,"y":1,"curve":"stepped"},{"time":4.8,"x":1,"y":1}]},"bone6":{"rotate":[{"time":0,"angle":0,"curve":[0.25,0,0.75,1]},{"time":1.4,"angle":2.47,"curve":[0.25,0,0.75,1]},{"time":2.4,"angle":0,"curve":[0.25,0,0.75,1]},{"time":3.2,"angle":-2.06,"curve":[0.25,0,0.75,1]},{"time":3.6,"angle":0,"curve":[0.25,0,0.75,1]},{"time":4,"angle":-2.06,"curve":[0.25,0,0.75,1]},{"time":4.8,"angle":0}],"translate":[{"time":0,"x":0,"y":0,"curve":"stepped"},{"time":2.4,"x":0,"y":0,"curve":"stepped"},{"time":4.8,"x":0,"y":0}],"scale":[{"time":0,"x":1,"y":1,"curve":"stepped"},{"time":2.4,"x":1,"y":1,"curve":"stepped"},{"time":4.8,"x":1,"y":1}]},"slwh_xctuzilhand":{"rotate":[{"time":0,"angle":0.97,"curve":[0,0,0.75,1]},{"time":0.5333,"angle":0,"curve":[0.25,0,0.75,1]},{"time":1.9333,"angle":1.84,"curve":[0.25,0,1,1]},{"time":2.4,"angle":0.97,"curve":[0,0,0.75,1]},{"time":2.9,"angle":0,"curve":[0.25,0,0.75,1]},{"time":4.3,"angle":1.84,"curve":[0.25,0,1,1]},{"time":4.8,"angle":0.97}],"translate":[{"time":0,"x":-0.04,"y":-0.47,"curve":[0,0,0.75,1]},{"time":0.5333,"x":0,"y":0,"curve":[0.25,0,0.75,1]},{"time":1.9333,"x":-0.07,"y":-0.9,"curve":[0.25,0,1,1]},{"time":2.4,"x":-0.04,"y":-0.47,"curve":[0,0,0.75,1]},{"time":2.9,"x":0,"y":0,"curve":[0.25,0,0.75,1]},{"time":4.3,"x":-0.07,"y":-0.9,"curve":[0.25,0,1,1]},{"time":4.8,"x":-0.04,"y":-0.47}],"scale":[{"time":0,"x":1,"y":1,"curve":"stepped"},{"time":2.4,"x":1,"y":1,"curve":"stepped"},{"time":4.8,"x":1,"y":1}]},"bone7":{"rotate":[{"time":0,"angle":0.95,"curve":[0,0,0.75,1]},{"time":0.7333,"angle":0,"curve":[0.25,0,0.75,1]},{"time":2.1333,"angle":1.22,"curve":[0.25,0,1,1]},{"time":2.4,"angle":0.95,"curve":[0,0,0.75,1]},{"time":3.1,"angle":0,"curve":[0.25,0,0.75,1]},{"time":4.5,"angle":1.22,"curve":[0.25,0,1,1]},{"time":4.8,"angle":0.95}],"translate":[{"time":0,"x":0,"y":0,"curve":"stepped"},{"time":2.4,"x":0,"y":0,"curve":"stepped"},{"time":4.8,"x":0,"y":0}],"scale":[{"time":0,"x":1,"y":1,"curve":"stepped"},{"time":2.4,"x":1,"y":1,"curve":"stepped"},{"time":4.8,"x":1,"y":1}]},"bone8":{"rotate":[{"time":0,"angle":0.75,"curve":[0,0,0.75,1]},{"time":0.8667,"angle":0,"curve":[0.25,0,0.75,1]},{"time":2.2667,"angle":0.79,"curve":[0.25,0,1,1]},{"time":2.4,"angle":0.75,"curve":[0,0,0.75,1]},{"time":3.2667,"angle":0,"curve":[0.25,0,0.75,1]},{"time":4.6667,"angle":0.79,"curve":[0.25,0,1,1]},{"time":4.8,"angle":0.75}],"translate":[{"time":0,"x":0,"y":0,"curve":"stepped"},{"time":2.4,"x":0,"y":0,"curve":"stepped"},{"time":4.8,"x":0,"y":0}],"scale":[{"time":0,"x":1,"y":1,"curve":"stepped"},{"time":2.4,"x":1,"y":1,"curve":"stepped"},{"time":4.8,"x":1,"y":1}]},"slwh_xctuzilaba":{"rotate":[{"time":0,"angle":0,"curve":"stepped"},{"time":2.4,"angle":0,"curve":"stepped"},{"time":4.8,"angle":0}],"translate":[{"time":0,"x":0,"y":0,"curve":"stepped"},{"time":2.4,"x":0,"y":0,"curve":"stepped"},{"time":4.8,"x":0,"y":0}],"scale":[{"time":0,"x":1,"y":1,"curve":"stepped"},{"time":2.4,"x":1,"y":1,"curve":"stepped"},{"time":4.8,"x":1,"y":1}]},"bone9":{"rotate":[{"time":0,"angle":0,"curve":"stepped"},{"time":2.4,"angle":0,"curve":"stepped"},{"time":4.8,"angle":0}],"translate":[{"time":0,"x":0,"y":0,"curve":"stepped"},{"time":2.4,"x":0,"y":0,"curve":"stepped"},{"time":4.8,"x":0,"y":0}],"scale":[{"time":0,"x":1.01,"y":1.031,"curve":[0,0,0.75,1]},{"time":0.4,"x":1,"y":1,"curve":[0.25,0,0.75,1]},{"time":1.8,"x":1.03,"y":1.04,"curve":[0.25,0,1,1]},{"time":2.4,"x":1.01,"y":1.031,"curve":[0,0,0.75,1]},{"time":2.8,"x":1,"y":1,"curve":[0.25,0,0.75,1]},{"time":4.2,"x":1.03,"y":1.04,"curve":[0.25,0,1,1]},{"time":4.8,"x":1.01,"y":1.031}]},"bone10":{"rotate":[{"time":0,"angle":0,"curve":"stepped"},{"time":2.4,"angle":0,"curve":"stepped"},{"time":4.8,"angle":0}],"translate":[{"time":0,"x":0,"y":0,"curve":"stepped"},{"time":2.4,"x":0,"y":0,"curve":"stepped"},{"time":4.8,"x":0,"y":0}],"scale":[{"time":0,"x":1.003,"y":1,"curve":[0,0,0.75,1]},{"time":0.2,"x":1,"y":1,"curve":[0.25,0,0.75,1]},{"time":1.6,"x":1.027,"y":1,"curve":[0.25,0,1,1]},{"time":2.4,"x":1.003,"y":1,"curve":[0,0,0.75,1]},{"time":2.6,"x":1,"y":1,"curve":[0.25,0,0.75,1]},{"time":4,"x":1.027,"y":1,"curve":[0.25,0,1,1]},{"time":4.8,"x":1.003,"y":1}]},"slwh_xctuzilfoot":{"rotate":[{"time":0,"angle":0.58,"curve":[0,0,0.75,1]},{"time":0.4,"angle":0,"curve":[0.25,0,0.75,1]},{"time":1.6,"angle":2.04,"curve":[0.25,0,1,1]},{"time":2.4,"angle":0.58,"curve":[0,0,0.75,1]},{"time":2.8,"angle":0,"curve":[0.25,0,0.75,1]},{"time":4,"angle":2.04,"curve":[0.25,0,1,1]},{"time":4.8,"angle":0.58}],"translate":[{"time":0,"x":0,"y":0,"curve":"stepped"},{"time":2.4,"x":0,"y":0,"curve":"stepped"},{"time":4.8,"x":0,"y":0}],"scale":[{"time":0,"x":1.005,"y":1.005,"curve":[0,0,0.75,1]},{"time":0.4,"x":1,"y":1,"curve":[0.25,0,0.75,1]},{"time":1,"x":0.993,"y":0.993,"curve":[0.25,0,0.75,1]},{"time":2.2,"x":1.007,"y":1.007,"curve":[0.25,0,1,1]},{"time":2.4,"x":1.005,"y":1.005,"curve":[0,0,0.75,1]},{"time":2.8,"x":1,"y":1,"curve":[0.25,0,0.75,1]},{"time":3.4,"x":0.993,"y":0.993,"curve":[0.25,0,0.75,1]},{"time":4.6,"x":1.007,"y":1.007,"curve":[0.25,0,1,1]},{"time":4.8,"x":1.005,"y":1.005}]},"bone11":{"rotate":[{"time":0,"angle":1.03,"curve":[0,0,0.75,1]},{"time":0.6,"angle":0,"curve":[0.25,0,0.75,1]},{"time":1.8,"angle":2.06,"curve":[0.25,0,1,1]},{"time":2.4,"angle":1.03,"curve":[0,0,0.75,1]},{"time":3,"angle":0,"curve":[0.25,0,0.75,1]},{"time":4.2,"angle":2.06,"curve":[0.25,0,1,1]},{"time":4.8,"angle":1.03}],"translate":[{"time":0,"x":0,"y":0,"curve":"stepped"},{"time":2.4,"x":0,"y":0,"curve":"stepped"},{"time":4.8,"x":0,"y":0}],"scale":[{"time":0,"x":1.007,"y":1.007,"curve":[0,0,0.75,1]},{"time":0.6,"x":1,"y":1,"curve":[0.25,0,0.75,1]},{"time":1.2,"x":0.993,"y":0.993,"curve":[0.25,0,0.75,1]},{"time":2.4,"x":1.007,"y":1.007,"curve":[0,0,0.75,1]},{"time":3,"x":1,"y":1,"curve":[0.25,0,0.75,1]},{"time":3.6,"x":0.993,"y":0.993,"curve":[0.25,0,0.75,1]},{"time":4.8,"x":1.007,"y":1.007}]},"bone12":{"rotate":[{"time":0,"angle":0,"curve":"stepped"},{"time":2.4,"angle":0,"curve":"stepped"},{"time":4.8,"angle":0}],"translate":[{"time":0,"x":0,"y":0,"curve":"stepped"},{"time":2.4,"x":0,"y":0,"curve":"stepped"},{"time":4.8,"x":0,"y":0}],"scale":[{"time":0,"x":1,"y":1,"curve":[0.25,0,0.75,1]},{"time":1.4,"x":1.007,"y":1,"curve":[0.25,0,0.75,1]},{"time":2.4,"x":1,"y":1,"curve":[0.25,0,0.75,1]},{"time":3.8,"x":1.007,"y":1,"curve":[0.25,0,0.75,1]},{"time":4.8,"x":1,"y":1}]},"bone13":{"rotate":[{"time":0,"angle":0,"curve":[0.25,0,0.75,1]},{"time":1.2,"angle":1.06,"curve":[0.25,0,0.75,1]},{"time":2.4,"angle":0,"curve":[0.25,0,0.75,1]},{"time":3.6,"angle":1.06,"curve":[0.25,0,0.75,1]},{"time":4.8,"angle":0}],"translate":[{"time":0,"x":0,"y":0,"curve":"stepped"},{"time":2.4,"x":0,"y":0,"curve":"stepped"},{"time":4.8,"x":0,"y":0}],"scale":[{"time":0,"x":1,"y":1,"curve":"stepped"},{"time":2.4,"x":1,"y":1,"curve":"stepped"},{"time":4.8,"x":1,"y":1}]},"bone14":{"rotate":[{"time":0,"angle":0,"curve":[0.25,0,0.75,1]},{"time":1.2,"angle":0.59,"curve":[0.25,0,0.75,1]},{"time":2.4,"angle":0,"curve":[0.25,0,0.75,1]},{"time":3.6,"angle":0.59,"curve":[0.25,0,0.75,1]},{"time":4.8,"angle":0}],"translate":[{"time":0,"x":0,"y":0,"curve":"stepped"},{"time":2.4,"x":0,"y":0,"curve":"stepped"},{"time":4.8,"x":0,"y":0}],"scale":[{"time":0,"x":1,"y":1,"curve":"stepped"},{"time":2.4,"x":1,"y":1,"curve":"stepped"},{"time":4.8,"x":1,"y":1}]},"bone15":{"rotate":[{"time":0,"angle":0,"curve":[0.25,0,0.75,1]},{"time":1.2,"angle":0.59,"curve":[0.25,0,0.75,1]},{"time":2.4,"angle":0,"curve":[0.25,0,0.75,1]},{"time":3.6,"angle":0.59,"curve":[0.25,0,0.75,1]},{"time":4.8,"angle":0}],"translate":[{"time":0,"x":0,"y":0,"curve":"stepped"},{"time":2.4,"x":0,"y":0,"curve":"stepped"},{"time":4.8,"x":0,"y":0}],"scale":[{"time":0,"x":1,"y":1,"curve":"stepped"},{"time":2.4,"x":1,"y":1,"curve":"stepped"},{"time":4.8,"x":1,"y":1}]},"bone16":{"rotate":[{"time":0,"angle":1.65,"curve":[0.25,0,0.75,1]},{"time":1.4,"angle":0,"curve":[0.25,0,0.75,1]},{"time":2.4,"angle":1.65,"curve":[0.25,0,0.75,1]},{"time":3.8,"angle":0,"curve":[0.25,0,0.75,1]},{"time":4.8,"angle":1.65}],"translate":[{"time":0,"x":-0.49,"y":1.14,"curve":[0.25,0,0.75,1]},{"time":1.4,"x":0,"y":0,"curve":[0.25,0,0.75,1]},{"time":2.4,"x":-0.49,"y":1.14,"curve":[0.25,0,0.75,1]},{"time":3.8,"x":0,"y":0,"curve":[0.25,0,0.75,1]},{"time":4.8,"x":-0.49,"y":1.14}],"scale":[{"time":0,"x":1,"y":1,"curve":"stepped"},{"time":1.4,"x":1,"y":1,"curve":"stepped"},{"time":2.4,"x":1,"y":1,"curve":"stepped"},{"time":3.8,"x":1,"y":1,"curve":"stepped"},{"time":4.8,"x":1,"y":1}]},"bone22":{"rotate":[{"time":0,"angle":0,"curve":"stepped"},{"time":2.4,"angle":0,"curve":"stepped"},{"time":4.8,"angle":0}],"translate":[{"time":0,"x":0,"y":0,"curve":"stepped"},{"time":2.4,"x":0,"y":0,"curve":[0.25,0,0.75,1]},{"time":3.8,"x":-2.56,"y":0,"curve":[0.25,0,0.75,1]},{"time":4.8,"x":0,"y":0}],"scale":[{"time":0,"x":1,"y":1,"curve":[0.246,0,0.635,0.55]},{"time":1.4,"x":1.465,"y":1.146,"curve":[0.25,0,0.75,1]},{"time":2.4,"x":1,"y":1,"curve":[0.25,0,0.75,1]},{"time":3.8,"x":1.146,"y":1.146,"curve":[0.25,0,0.75,1]},{"time":4.8,"x":1,"y":1}]},"bone23":{"rotate":[{"time":0,"angle":0,"curve":"stepped"},{"time":2.4,"angle":0,"curve":"stepped"},{"time":4.8,"angle":0}],"translate":[{"time":0,"x":0.89,"y":-1.76,"curve":[0,0,0.75,1]},{"time":0.2,"x":0,"y":0,"curve":[0.25,0,0.75,1]},{"time":1.6,"x":3.49,"y":-6.91,"curve":[0.25,0,1,1]},{"time":2.4,"x":0.89,"y":-1.76,"curve":[0,0,0.75,1]},{"time":2.6,"x":0,"y":0,"curve":[0.25,0,0.75,1]},{"time":4,"x":3.49,"y":-6.91,"curve":[0.25,0,1,1]},{"time":4.8,"x":0.89,"y":-1.76}],"scale":[{"time":0,"x":1.004,"y":1.004,"curve":[0,0,0.75,1]},{"time":0.2,"x":1,"y":1,"curve":[0.25,0,0.75,1]},{"time":1.6,"x":1.045,"y":1.045,"curve":[0.25,0,1,1]},{"time":2.4,"x":1.004,"y":1.004,"curve":[0,0,0.75,1]},{"time":2.6,"x":1,"y":1,"curve":[0.25,0,0.75,1]},{"time":4,"x":1.045,"y":1.045,"curve":[0.25,0,1,1]},{"time":4.8,"x":1.004,"y":1.004}]},"bone24":{"rotate":[{"time":0,"angle":0,"curve":"stepped"},{"time":2.4,"angle":0,"curve":"stepped"},{"time":4.8,"angle":0}],"translate":[{"time":0,"x":0.24,"y":1.58,"curve":[0,0,0.75,1]},{"time":0.3333,"x":0,"y":0,"curve":[0.25,0,0.75,1]},{"time":1.7333,"x":0.59,"y":3.95,"curve":[0.25,0,1,1]},{"time":2.4,"x":0.24,"y":1.58,"curve":[0,0,0.75,1]},{"time":2.7,"x":0,"y":0,"curve":[0.25,0,0.75,1]},{"time":4.1,"x":0.59,"y":3.95,"curve":[0.25,0,1,1]},{"time":4.8,"x":0.24,"y":1.58}],"scale":[{"time":0,"x":1,"y":1,"curve":"stepped"},{"time":2.4,"x":1,"y":1,"curve":"stepped"},{"time":4.8,"x":1,"y":1}]},"bone58":{"rotate":[{"time":0,"angle":0,"curve":"stepped"},{"time":2.4,"angle":0,"curve":"stepped"},{"time":4.8,"angle":0}],"translate":[{"time":0,"x":-0.43,"y":-0.02,"curve":"stepped"},{"time":2.4,"x":-0.43,"y":-0.02,"curve":[0.363,0.44,0.755,1]},{"time":3,"x":-1.18,"y":-0.04,"curve":[0.25,0,0.75,1]},{"time":4.4,"x":0,"y":0,"curve":[0.25,0,1,1]},{"time":4.8,"x":-0.43,"y":-0.02}],"scale":[{"time":0,"x":0.927,"y":1,"curve":[0.25,0,0.75,1]},{"time":1.4,"x":0.8,"y":1,"curve":[0.25,0,0.75,1]},{"time":2.4,"x":0.927,"y":1,"curve":[0.363,0.44,0.755,1]},{"time":3,"x":0.76,"y":1,"curve":[0.25,0,0.75,1]},{"time":4.4,"x":1,"y":1,"curve":[0.25,0,1,1]},{"time":4.8,"x":0.927,"y":1}]},"bone59":{"rotate":[{"time":0,"angle":0,"curve":"stepped"},{"time":2.4,"angle":0,"curve":"stepped"},{"time":4.8,"angle":0}],"translate":[{"time":0,"x":-0.43,"y":0.05,"curve":"stepped"},{"time":2.4,"x":-0.43,"y":0.05,"curve":[0.363,0.44,0.755,1]},{"time":3,"x":-1.17,"y":0.13,"curve":[0.25,0,0.75,1]},{"time":4.4,"x":0,"y":0,"curve":[0.25,0,1,1]},{"time":4.8,"x":-0.43,"y":0.05}],"scale":[{"time":0,"x":0.927,"y":1,"curve":[0.25,0,0.75,1]},{"time":1.4,"x":0.8,"y":1,"curve":[0.25,0,0.75,1]},{"time":2.4,"x":0.927,"y":1,"curve":[0.363,0.44,0.755,1]},{"time":3,"x":0.803,"y":1,"curve":[0.25,0,0.75,1]},{"time":4.4,"x":1,"y":1,"curve":[0.25,0,1,1]},{"time":4.8,"x":0.927,"y":1}]},"slwh_xctuziweiba":{"rotate":[{"time":0,"angle":-0.35,"curve":[0.375,0.62,0.716,1]},{"time":0.2,"angle":0,"curve":[0.25,0,0.75,1]},{"time":1.6,"angle":-2.71,"curve":[0.25,0,1,1]},{"time":2.4,"angle":-0.35,"curve":[0.375,0.62,0.716,1]},{"time":2.6,"angle":0,"curve":[0.25,0,0.75,1]},{"time":4,"angle":-2.71,"curve":[0.25,0,1,1]},{"time":4.8,"angle":-0.35}],"translate":[{"time":0,"x":0,"y":0,"curve":"stepped"},{"time":2.4,"x":0,"y":0,"curve":"stepped"},{"time":4.8,"x":0,"y":0}],"scale":[{"time":0,"x":1.002,"y":1,"curve":[0.375,0.62,0.716,1]},{"time":0.2,"x":1,"y":1,"curve":[0.25,0,0.75,1]},{"time":1.6,"x":1.018,"y":1,"curve":[0.25,0,1,1]},{"time":2.4,"x":1.002,"y":1,"curve":[0.375,0.62,0.716,1]},{"time":2.6,"x":1,"y":1,"curve":[0.25,0,0.75,1]},{"time":4,"x":1.018,"y":1,"curve":[0.25,0,1,1]},{"time":4.8,"x":1.002,"y":1}]},"slwh_xctuziupya":{"rotate":[{"time":0,"angle":0,"curve":"stepped"},{"time":2.4,"angle":0,"curve":"stepped"},{"time":4.8,"angle":0}],"translate":[{"time":0,"x":0,"y":0,"curve":[0.25,0,0.75,1]},{"time":1.4,"x":-1.13,"y":-4.32,"curve":[0.25,0,0.75,1]},{"time":2.4,"x":0,"y":0,"curve":[0.246,0,0.635,0.55]},{"time":3.8,"x":-1.45,"y":0,"curve":[0.381,0.54,0.744,1]},{"time":4.8,"x":0,"y":0}],"scale":[{"time":0,"x":1,"y":1,"curve":"stepped"},{"time":2.4,"x":1,"y":1,"curve":"stepped"},{"time":4.8,"x":1,"y":1}]},"slwh_xctuzirhand":{"rotate":[{"time":0,"angle":0.52,"curve":[0.363,0.44,0.755,1]},{"time":0.6,"angle":0,"curve":[0.25,0,0.75,1]},{"time":2,"angle":0.83,"curve":[0.25,0,1,1]},{"time":2.4,"angle":0.52,"curve":[0.363,0.44,0.755,1]},{"time":3,"angle":0,"curve":[0.25,0,0.75,1]},{"time":4.4,"angle":0.83,"curve":[0.25,0,1,1]},{"time":4.8,"angle":0.52}],"translate":[{"time":0,"x":0,"y":0,"curve":"stepped"},{"time":2.4,"x":0,"y":0,"curve":"stepped"},{"time":4.8,"x":0,"y":0}],"scale":[{"time":0,"x":1,"y":1,"curve":"stepped"},{"time":2.4,"x":1,"y":1,"curve":"stepped"},{"time":4.8,"x":1,"y":1}]},"bone17":{"rotate":[{"time":0,"angle":0.72,"curve":[0.32,0.29,0.757,1]},{"time":0.8,"angle":0,"curve":[0.25,0,0.75,1]},{"time":2.2,"angle":0.83,"curve":[0.25,0,1,1]},{"time":2.4,"angle":0.72,"curve":[0.32,0.29,0.757,1]},{"time":3.2,"angle":0,"curve":[0.25,0,0.75,1]},{"time":4.6,"angle":0.83,"curve":[0.25,0,1,1]},{"time":4.8,"angle":0.72}],"translate":[{"time":0,"x":0,"y":0,"curve":"stepped"},{"time":2.4,"x":0,"y":0,"curve":"stepped"},{"time":4.8,"x":0,"y":0}],"scale":[{"time":0,"x":1,"y":1,"curve":"stepped"},{"time":2.4,"x":1,"y":1,"curve":"stepped"},{"time":4.8,"x":1,"y":1}]},"bone18":{"rotate":[{"time":0,"angle":0.83,"curve":[0.25,0,0.75,1]},{"time":1,"angle":0,"curve":[0.25,0,0.75,1]},{"time":2.4,"angle":0.83,"curve":[0.25,0,0.75,1]},{"time":3.4,"angle":0,"curve":[0.25,0,0.75,1]},{"time":4.8,"angle":0.83}],"translate":[{"time":0,"x":0,"y":0,"curve":"stepped"},{"time":2.4,"x":0,"y":0,"curve":"stepped"},{"time":4.8,"x":0,"y":0}],"scale":[{"time":0,"x":1,"y":1,"curve":"stepped"},{"time":2.4,"x":1,"y":1,"curve":"stepped"},{"time":4.8,"x":1,"y":1}]},"bone19":{"rotate":[{"time":0,"angle":0.81,"curve":[0.35,0.65,0.684,1]},{"time":1.0667,"angle":0,"curve":[0.25,0,0.75,1]},{"time":2.4,"angle":0.81,"curve":[0.35,0.65,0.684,1]},{"time":3.4667,"angle":0,"curve":[0.25,0,0.75,1]},{"time":4.8,"angle":0.81}],"translate":[{"time":0,"x":0,"y":0,"curve":"stepped"},{"time":2.4,"x":0,"y":0,"curve":"stepped"},{"time":4.8,"x":0,"y":0}],"scale":[{"time":0,"x":1,"y":1,"curve":"stepped"},{"time":2.4,"x":1,"y":1,"curve":"stepped"},{"time":4.8,"x":1,"y":1}]},"bone21":{"rotate":[{"time":0,"angle":0.76,"curve":[0.367,0.63,0.705,1]},{"time":1.2,"angle":0,"curve":[0.25,0,0.75,1]},{"time":2.4,"angle":0.76,"curve":[0.367,0.63,0.705,1]},{"time":3.6,"angle":0,"curve":[0.25,0,0.75,1]},{"time":4.8,"angle":0.76}],"translate":[{"time":0,"x":0,"y":0,"curve":"stepped"},{"time":2.4,"x":0,"y":0,"curve":"stepped"},{"time":4.8,"x":0,"y":0}],"scale":[{"time":0,"x":1,"y":1,"curve":"stepped"},{"time":2.4,"x":1,"y":1,"curve":"stepped"},{"time":4.8,"x":1,"y":1}]},"bone20":{"rotate":[{"time":0,"angle":0.76,"curve":[0.367,0.63,0.705,1]},{"time":1.2,"angle":0,"curve":[0.25,0,0.75,1]},{"time":2.4,"angle":0.76,"curve":[0.367,0.63,0.705,1]},{"time":3.6,"angle":0,"curve":[0.25,0,0.75,1]},{"time":4.8,"angle":0.76}],"translate":[{"time":0,"x":0,"y":0,"curve":"stepped"},{"time":2.4,"x":0,"y":0,"curve":"stepped"},{"time":4.8,"x":0,"y":0}],"scale":[{"time":0,"x":1,"y":1,"curve":"stepped"},{"time":2.4,"x":1,"y":1,"curve":"stepped"},{"time":4.8,"x":1,"y":1}]}},"deform":{"default":{"slwh_xctuzihead":{"slwh_xctuzihead":[{"time":0,"curve":[0.25,0,0.75,1]},{"time":1.4,"vertices":[0.23988,-2.52502,0.31984,-3.36669,0.23988,-2.52502,-0.16172,1.7029,-0.16172,1.7029,-0.16172,1.7029,-0.16172,1.7029,-0.15525,1.63433,0.18658,-1.9639,0.17906,-1.88477,0.23988,-2.52502,0.23988,-2.52502,0.23988,-2.52502,-0.13324,1.40284,-0.13326,1.40284,-0.13324,1.40284,-0.13326,1.40284,-0.13324,1.40284,-0.13324,1.40284,-0.13324,1.40284,0.31984,-3.36669,0.31984,-3.36669,0.23988,-2.52502,0.16035,-2.53209,0.23988,-2.52502,0.16035,-2.53209,0.56137,-3.06977,0.48795,-3.08822,-0.05514,0.58061,0.23988,-2.52502,0.55456,-2.48457,0.18658,-1.9639,0.43132,-1.93244,0,0,0,0,0,0,0.31984,-3.36669,0.23988,-2.52502,0.23021,-2.42327,0.23988,-2.52502,0.23021,-2.42327,0.20932,-2.20346,0.23988,-2.52502,0.20932,-2.20346,0.23988,-2.52502,0.20932,-2.20346,0.23988,-2.52502,0.23991,-2.52502,0.20932,-2.20346,0.23988,-2.52502,0.18658,-1.9639,0.17906,-1.88477,0.18658,-1.9639,0.18661,-1.9639,0.23988,-2.52502,0.16035,-2.53209,0.64423,-3.85798,0.54667,-3.87892,0.56137,-3.06977,0.48795,-3.08822,0.23988,-2.52502,0.55456,-2.48457,0.18658,-1.9639,0.43132,-1.93244,0,0,0,0,-0.00746,-4.1737,-0.05514,0.58061,0.18658,-1.9639],"curve":[0.25,0,0.75,1]},{"time":2.4,"curve":"stepped"},{"time":4.8}]},"slwh_xctuzilear":{"slwh_xctuzilear":[{"time":0,"curve":[0.25,0,0.75,1]},{"time":1.6,"offset":41,"vertices":[0.5789,-0.11302,0.5677,-0.17859,0.55064,-5.0E-5,1.51107,-0.29501,1.48191,-0.46617,1.43736,-5.0E-5,1.51107,-0.29501,1.48191,-5.0E-5,1.51107,-0.29501,1.48191,-2.0E-4,-2.71309,0,0,-2.0E-4,-2.71309,0.52974,-2.66103,0,0,0,0,-2.0E-4,-2.71309,0.52974,-2.66103,-2.0E-4,-2.71309,0.52974,-2.66103],"curve":[0.25,0,0.75,1]},{"time":2.4,"curve":"stepped"},{"time":4.8}]},"slwh_xctuzirear":{"slwh_xctuzirear":[{"time":0,"curve":[0.25,0,0.75,1]},{"time":1.6,"offset":11,"vertices":[0.18953,0.08549,0.16916,0.14391,0.12334,-9.0E-5,0.94764,0.42747,0.84576,-1.2E-4,1.51623,0.68391,1.35323,0,0,-4.1E-4,-3.97408,0,0,0,0,-0.09196,1.51622,0.60196,1.39462,0.24104,1.79748,1.02615,1.49535,1.52197,0.98642,0,0,0,0,0,0,0,0,0,0,0,0,0,0,0,0,0,0,0,0,0,0,0,0,0,0,0,0,-4.1E-4,-3.97408,-1.79262,-3.5469,0,0,0,0,-4.1E-4,-3.97408,-4.1E-4,-3.97408,-1.79262,-3.5469,-3.0173,-2.58623],"curve":[0.25,0,0.75,1]},{"time":2.4,"curve":"stepped"},{"time":4.8}]},"slwh_xctuziupcun":{"slwh_xctuziupcun":[{"time":0,"curve":[0.25,0,0.75,1]},{"time":1.4,"vertices":[0.60266,-4.63293,0.48967,-3.76425,0.48967,-3.76425,-0.16941,-3.79217,0.48967,-3.76425,-0.16941,-3.79217,0.48967,-3.76425,-0.16941,-3.79217,0.60266,-4.63293,-0.20851,-4.66728,0.48967,-3.76425,-0.16941,-3.79217,0.48967,-3.76425,-0.16941,-3.79217,0.48967,-3.76425,0.48967,-3.76425,0.09854,-4.78509],"curve":[0.25,0,0.75,1]},{"time":2.4,"curve":"stepped"},{"time":4.8}]}}}}}}