{"skeleton":{"hash":"NpSeufDPgxulYZ1XgKjDJJZvrzw","spine":"3.6.37","width":784.7,"height":288.61,"images":"./images/"},"bones":[{"name":"root"},{"name":"hip","parent":"root","scaleX":1.33,"scaleY":1.33},{"name":"slwh_ztsg","parent":"hip","x":1.67,"y":17.75}],"slots":[{"name":"slwh_ztsg","bone":"slwh_ztsg","attachment":"slwh_ztsg0","blend":"additive"}],"skins":{"default":{"slwh_ztsg":{"slwh_ztsg0":{"width":590,"height":217},"slwh_ztsg1":{"width":590,"height":217},"slwh_ztsg2":{"width":590,"height":217},"slwh_ztsg3":{"width":590,"height":217},"slwh_ztsg4":{"width":590,"height":217},"slwh_ztsg5":{"width":590,"height":217},"slwh_ztsg6":{"width":590,"height":217},"slwh_ztsg7":{"width":590,"height":217},"slwh_ztsg8":{"width":590,"height":217},"slwh_ztsg9":{"width":590,"height":217},"slwh_ztsg10":{"width":590,"height":217},"slwh_ztsg11":{"width":590,"height":217},"slwh_ztsg12":{"width":590,"height":217},"slwh_ztsg13":{"width":590,"height":217},"slwh_ztsg14":{"width":590,"height":217},"slwh_ztsg15":{"width":590,"height":217},"slwh_ztsg16":{"width":590,"height":217},"slwh_ztsg17":{"width":590,"height":217},"slwh_ztsg18":{"width":590,"height":217},"slwh_ztsg19":{"width":590,"height":217},"slwh_ztsg20":{"width":590,"height":217},"slwh_ztsg21":{"width":590,"height":217},"slwh_ztsg22":{"width":590,"height":217},"slwh_ztsg23":{"width":590,"height":217},"slwh_ztsg24":{"width":590,"height":217},"slwh_ztsg25":{"width":590,"height":217},"slwh_ztsg26":{"width":590,"height":217},"slwh_ztsg27":{"width":590,"height":217},"slwh_ztsg28":{"width":590,"height":217},"slwh_ztsg29":{"width":590,"height":217},"slwh_ztsg30":{"width":590,"height":217},"slwh_ztsg31":{"width":590,"height":217},"slwh_ztsg32":{"width":590,"height":217},"slwh_ztsg33":{"width":590,"height":217},"slwh_ztsg34":{"width":590,"height":217},"slwh_ztsg35":{"width":590,"height":217}}}},"animations":{"idle":{"slots":{"slwh_ztsg":{"color":[{"time":0,"color":"fffffffe","curve":"stepped"},{"time":3,"color":"fffffffe"}],"attachment":[{"time":0,"name":"slwh_ztsg0"},{"time":0.0667,"name":"slwh_ztsg1"},{"time":0.1333,"name":"slwh_ztsg2"},{"time":0.2,"name":"slwh_ztsg3"},{"time":0.2667,"name":"slwh_ztsg4"},{"time":0.3333,"name":"slwh_ztsg5"},{"time":0.4,"name":"slwh_ztsg6"},{"time":0.4667,"name":"slwh_ztsg7"},{"time":0.5333,"name":"slwh_ztsg8"},{"time":0.6,"name":"slwh_ztsg9"},{"time":0.6667,"name":"slwh_ztsg10"},{"time":0.7333,"name":"slwh_ztsg11"},{"time":0.8,"name":"slwh_ztsg12"},{"time":0.8667,"name":"slwh_ztsg13"},{"time":0.9333,"name":"slwh_ztsg14"},{"time":1,"name":"slwh_ztsg15"},{"time":1.0667,"name":"slwh_ztsg16"},{"time":1.1333,"name":"slwh_ztsg17"},{"time":1.2,"name":"slwh_ztsg18"},{"time":1.2667,"name":"slwh_ztsg19"},{"time":1.3333,"name":"slwh_ztsg20"},{"time":1.4,"name":"slwh_ztsg21"},{"time":1.4667,"name":"slwh_ztsg22"},{"time":1.5333,"name":"slwh_ztsg23"},{"time":1.6,"name":"slwh_ztsg24"},{"time":1.6667,"name":"slwh_ztsg25"},{"time":1.7333,"name":"slwh_ztsg26"},{"time":1.8,"name":"slwh_ztsg27"},{"time":1.8667,"name":"slwh_ztsg28"},{"time":1.9333,"name":"slwh_ztsg29"},{"time":2,"name":"slwh_ztsg30"},{"time":2.0667,"name":"slwh_ztsg31"},{"time":2.1333,"name":"slwh_ztsg32"},{"time":2.2,"name":"slwh_ztsg33"},{"time":2.2667,"name":"slwh_ztsg34"},{"time":2.3333,"name":"slwh_ztsg35"},{"time":2.4,"name":null}]}},"bones":{"slwh_ztsg":{"rotate":[{"time":0,"angle":0,"curve":"stepped"},{"time":3,"angle":0}],"translate":[{"time":0,"x":0,"y":0,"curve":"stepped"},{"time":3,"x":0,"y":0}],"scale":[{"time":0,"x":1,"y":1,"curve":"stepped"},{"time":3,"x":1,"y":1}]}}},"start":{"slots":{"slwh_ztsg":{"color":[{"time":0,"color":"fffffffe","curve":"stepped"},{"time":3,"color":"fffffffe"}],"attachment":[{"time":0,"name":null},{"time":1,"name":"slwh_ztsg0"},{"time":1.0333,"name":"slwh_ztsg1"},{"time":1.0667,"name":"slwh_ztsg2"},{"time":1.1,"name":"slwh_ztsg3"},{"time":1.1333,"name":"slwh_ztsg4"},{"time":1.1667,"name":"slwh_ztsg5"},{"time":1.2,"name":"slwh_ztsg6"},{"time":1.2333,"name":"slwh_ztsg7"},{"time":1.2667,"name":"slwh_ztsg8"},{"time":1.3,"name":"slwh_ztsg9"},{"time":1.3333,"name":"slwh_ztsg10"},{"time":1.3667,"name":"slwh_ztsg11"},{"time":1.4,"name":"slwh_ztsg12"},{"time":1.4333,"name":"slwh_ztsg13"},{"time":1.4667,"name":"slwh_ztsg14"},{"time":1.5,"name":"slwh_ztsg15"},{"time":1.5333,"name":"slwh_ztsg16"},{"time":1.5667,"name":"slwh_ztsg17"},{"time":1.6,"name":"slwh_ztsg18"},{"time":1.6333,"name":"slwh_ztsg19"},{"time":1.6667,"name":"slwh_ztsg20"},{"time":1.7,"name":"slwh_ztsg21"},{"time":1.7333,"name":"slwh_ztsg22"},{"time":1.7667,"name":"slwh_ztsg23"},{"time":1.8,"name":"slwh_ztsg24"},{"time":1.8333,"name":"slwh_ztsg25"},{"time":1.8667,"name":"slwh_ztsg26"},{"time":1.9,"name":"slwh_ztsg27"},{"time":1.9333,"name":"slwh_ztsg28"},{"time":1.9667,"name":"slwh_ztsg29"},{"time":2,"name":"slwh_ztsg30"},{"time":2.0333,"name":"slwh_ztsg31"},{"time":2.0667,"name":"slwh_ztsg32"},{"time":2.1,"name":"slwh_ztsg33"},{"time":2.1333,"name":"slwh_ztsg34"},{"time":2.1667,"name":"slwh_ztsg35"},{"time":2.2,"name":null},{"time":3,"name":null}]}},"bones":{"slwh_ztsg":{"rotate":[{"time":0,"angle":0,"curve":"stepped"},{"time":3,"angle":0}],"translate":[{"time":0,"x":0,"y":0,"curve":"stepped"},{"time":3,"x":0,"y":0}],"scale":[{"time":0,"x":1,"y":1,"curve":"stepped"},{"time":3,"x":1,"y":1}]}}}}}