[
  {
    "Id": "1097478",
    "ThreadId": "458671",
    "Html": "I just implemented a 2D image convolution filter based on both AMP FFT and the FFT method in Math.Net Numerics, and on my system (Core i7 / GeForce GT 640) Math.Net Numerics wins.\r<br />\n<br />\nBasically this means that I would rather rely on Math.Net Numerics since it does not require a DX11 GPU.\r<br />\n<br />\nDoes anyone have similar experiences? Any chance that AMP FFT will be optimized further?<br />\n",
    "PostedDate": "2013-09-21T14:23:41.07-07:00",
    "UserRole": null,
    "MarkedAsAnswerDate": null
  }
]