[
  {
    "Id": "0",
    "Name": "C++ AMP FFT Library 1.0",
    "DevelopmentStatus": "Stable",
    "Description": "This release contains headers, libs, binaries, and PDBs for the C++ AMP FFTlibrary, and is compiled against the Visual Studio 2012 RTM. See the ReadMe.txt in the package for a full description of its contents.",
    "ReleasedDatge": "0001-01-01T00:00:00",
    "ModifiedDate": "2013-01-02T14:27:54.32-08:00",
    "Files": [
      {
        "Id": "25926fd5-a3a0-4d61-9b8c-e755a50a54d9",
        "FileName": "ampfft-1.0.zip",
        "Url": "./0/25926fd5-a3a0-4d61-9b8c-e755a50a54d9",
        "Type": "Application",
        "UploadDate": "2013-01-02T14:27:53.867-08:00"
      }
    ]
  }
]