{"skeleton":{"hash":"BG3EKi2ASsJCMMXnwI7yq+qrfmM","spine":"3.6.37","width":1624,"height":752,"images":"./images/"},"bones":[{"name":"root"},{"name":"hip","parent":"root"},{"name":"slwh_xcbg","parent":"hip"},{"name":"1","parent":"slwh_xcbg","color":"ff0000ff"},{"name":"1L","parent":"1","x":-691.54,"y":-355.84,"color":"fe9797ff"},{"name":"slwh_xb_lhd3","parent":"1L","x":74.33,"y":107.42,"color":"004cffff"},{"name":"bone149","parent":"slwh_xb_lhd3","length":8.42,"rotation":30.53,"x":0.37,"y":0.56,"color":"004cffff"},{"name":"bone150","parent":"slwh_xb_lhd3","length":10.65,"rotation":-160.62,"x":-1.67,"y":-0.19,"color":"004cffff"},{"name":"slwh_xb_lhd2","parent":"1L","x":105.17,"y":140.34,"color":"004cffff"},{"name":"bone151","parent":"slwh_xb_lhd2","length":16.59,"rotation":152.87,"x":-1.29,"y":0.33,"color":"004cffff"},{"name":"bone152","parent":"slwh_xb_lhd2","length":13.06,"rotation":81.95,"x":1.27,"y":1.91,"color":"004cffff"},{"name":"slwh_xb_lhd","parent":"1L","x":17.32,"y":190.47,"color":"004cffff"},{"name":"bone153","parent":"slwh_xb_lhd","length":13.54,"rotation":40.33,"x":0.63,"y":-0.13,"color":"004cffff"},{"name":"bone154","parent":"slwh_xb_lhd","length":11.25,"rotation":133.49,"x":-0.57,"y":-0.01,"color":"004cffff"},{"name":"slwh_xb_hd2","parent":"1","x":727.72,"y":238.94,"color":"004cffff"},{"name":"bone155","parent":"slwh_xb_hd2","length":14.81,"rotation":34.22,"x":2.7,"y":0.49,"color":"004cffff"},{"name":"bone156","parent":"slwh_xb_hd2","length":13.24,"rotation":92.12,"x":-2.7,"y":2.21,"color":"004cffff"},{"name":"slwh_xb_hd1","parent":"1","x":682.55,"y":349.41,"color":"004cffff"},{"name":"bone157","parent":"slwh_xb_hd1","length":9.63,"rotation":138.37,"x":-1,"y":0.87,"color":"004cffff"},{"name":"bone158","parent":"slwh_xb_hd1","length":9.25,"rotation":38.85,"x":1.4,"y":-0.13,"color":"004cffff"},{"name":"slwh_xb_hd","parent":"1","x":442.65,"y":349.88,"color":"004cffff"},{"name":"bone159","parent":"slwh_xb_hd","length":10.77,"rotation":-21.8,"color":"004cffff"},{"name":"bone160","parent":"slwh_xb_hd","length":8.51,"rotation":156.45,"x":-0.8,"y":0.4,"color":"004cffff"},{"name":"gx","parent":"slwh_xcbg","color":"004cffff"},{"name":"slwh_xb_gx10_1","parent":"gx","x":194.66,"y":39.81,"color":"004cffff"},{"name":"slwh_xb_gx10_2","parent":"gx","x":194.66,"y":39.81,"color":"004cffff"},{"name":"slwh_xb_gx10_3","parent":"gx","x":194.66,"y":39.81,"color":"004cffff"},{"name":"slwh_xb_gxd","parent":"gx","x":214.98,"y":71.62,"color":"004cffff"},{"name":"slwh_xb_gxsu","parent":"gx","length":841.93,"rotation":-136.87,"x":557.64,"y":391.49,"color":"004cffff"},{"name":"slwh_xb_gxsu1","parent":"gx","length":769.17,"rotation":-138.43,"x":480.53,"y":410.89,"color":"004cffff"},{"name":"slwh_xb_gxsu2","parent":"gx","length":721.88,"rotation":-138.74,"x":499.81,"y":395.13,"color":"004cffff"},{"name":"slwh_xb_gxsu3","parent":"gx","length":625.25,"rotation":-126.44,"x":614.19,"y":399.93,"color":"004cffff"},{"name":"slwh_xb_gxsu4","parent":"gx","length":615.04,"rotation":-124.72,"x":612.5,"y":382.21,"color":"004cffff"},{"name":"slwh_xb_lhd4","parent":"1L","x":-26.1,"y":71.25,"color":"fe9797ff"}],"slots":[{"name":"bg","bone":"root"},{"name":"slwh_xb_gxsu4","bone":"slwh_xb_gxsu4","color":"85cb4baa","attachment":"slwh_xb_gxsu4","blend":"screen"},{"name":"slwh_xb_gxsu3","bone":"slwh_xb_gxsu3","color":"68a92d9f","attachment":"slwh_xb_gxsu3","blend":"additive"},{"name":"slwh_xb_gxsu","bone":"slwh_xb_gxsu","attachment":"slwh_xb_gxsu","blend":"additive"},{"name":"slwh_xb_lhd3","bone":"slwh_xb_lhd3"},{"name":"slwh_xb_lhd2","bone":"slwh_xb_lhd4","attachment":"slwh_xb_lhd2"},{"name":"slwh_xb_lhd1","bone":"slwh_xb_lhd2","attachment":"slwh_xb_lhd1"},{"name":"slwh_xb_lhd","bone":"slwh_xb_lhd","attachment":"slwh_xb_lhd"},{"name":"slwh_xb_hd2","bone":"slwh_xb_hd2","attachment":"slwh_xb_hd2"},{"name":"slwh_xb_hd1","bone":"slwh_xb_hd1","attachment":"slwh_xb_hd1"},{"name":"slwh_xb_hd","bone":"slwh_xb_hd","attachment":"slwh_xb_hd"},{"name":"slwh_xb_gxhd","bone":"slwh_xb_hd","color":"0e1e5d98","attachment":"slwh_xb_gxhd","blend":"screen"},{"name":"slwh_xb_gxsu2","bone":"slwh_xb_gxsu2","color":"ffffff9e","attachment":"slwh_xb_gxsu2","blend":"screen"},{"name":"slwh_xb_gxsu1","bone":"slwh_xb_gxsu1","color":"ffffff90","attachment":"slwh_xb_gxsu1","blend":"screen"},{"name":"slwh_xb_gxd","bone":"slwh_xb_gxd","attachment":"slwh_xb_gxd","blend":"screen"},{"name":"slwh_xb_gx10","bone":"slwh_xb_gx10_1","attachment":"slwh_xb_gx10","blend":"additive"},{"name":"slwh_xb_gx11","bone":"slwh_xb_gx10_2","attachment":"slwh_xb_gx10","blend":"additive"},{"name":"slwh_xb_gx12","bone":"slwh_xb_gx10_3","attachment":"slwh_xb_gx10","blend":"additive"},{"name":"slwh_xb_gx7","bone":"gx","attachment":"slwh_xb_gx7","blend":"screen"},{"name":"slwh_xb_gxhd2","bone":"slwh_xb_hd2","color":"02145b98"}],"skins":{"default":{"slwh_xb_gx10":{"slwh_xb_gx10":{"type":"mesh","uvs":[0.82197,0,0.54422,1.0E-5,0.29691,0.20572,0.09119,0.37684,0,0.45269,0,0.83839,0,1,0.27886,1,0.74673,0.99999,1,1,1,0.76684,1,0,0.67696,0.29066,0.86575,0.58919,0.42935,0.51518,0.58257,0.84085,0.18994,0.71502],"triangles":[12,1,0,2,1,12,14,2,12,3,2,14,11,12,0,13,12,11,14,12,13,16,3,14,4,3,16,13,11,10,5,4,16,15,14,13,15,13,10,16,14,15,8,15,10,7,6,5,7,16,15,7,5,16,7,15,8,8,10,9],"vertices":[141.81,124.19,27.1,124.19,-75.04,77.08,-160,37.89,-197.66,20.52,-197.66,-67.8,-197.66,-104.81,-82.49,-104.81,110.74,-104.81,215.34,-104.81,215.34,-51.41,215.34,124.19,81.92,57.63,159.89,-10.73,-20.34,6.22,42.94,-68.36,-119.22,-39.55],"hull":12,"edges":[2,24,24,26,18,20,20,22,26,20,2,4,4,28,28,30,16,18,30,16,4,6,6,8,6,32,12,14,14,16,32,14,14,30,30,26,26,22,2,0,0,22,0,24,24,28,28,32,8,10,10,12,32,10],"width":103,"height":57}},"slwh_xb_gx11":{"slwh_xb_gx10":{"type":"mesh","uvs":[0.82197,0,0.54422,1.0E-5,0.29691,0.20572,0.09119,0.37684,0,0.45269,0,0.83839,0,1,0.27886,1,0.74673,0.99999,1,1,1,0.76684,1,0,0.67696,0.29066,0.86575,0.58919,0.42935,0.51518,0.58257,0.84085,0.18994,0.71502],"triangles":[12,1,0,2,1,12,14,2,12,3,2,14,11,12,0,13,12,11,14,12,13,16,3,14,4,3,16,13,11,10,5,4,16,15,14,13,15,13,10,16,14,15,8,15,10,7,6,5,7,16,15,7,5,16,7,15,8,8,10,9],"vertices":[141.81,124.19,27.1,124.19,-75.04,77.08,-160,37.89,-197.66,20.52,-197.66,-67.8,-197.66,-104.81,-82.49,-104.81,110.74,-104.81,215.34,-104.81,215.34,-51.41,215.34,124.19,81.92,57.63,159.89,-10.73,-20.34,6.22,42.94,-68.36,-119.22,-39.55],"hull":12,"edges":[2,24,24,26,18,20,20,22,26,20,2,4,4,28,28,30,16,18,30,16,4,6,6,8,6,32,12,14,14,16,32,14,14,30,30,26,26,22,2,0,0,22,0,24,24,28,28,32,8,10,10,12,32,10],"width":103,"height":57}},"slwh_xb_gx12":{"slwh_xb_gx10":{"type":"mesh","uvs":[0.82197,0,0.54422,1.0E-5,0.29691,0.20572,0.09119,0.37684,0,0.45269,0,0.83839,0,1,0.27886,1,0.74673,0.99999,1,1,1,0.76684,1,0,0.67696,0.29066,0.86575,0.58919,0.42935,0.51518,0.58257,0.84085,0.18994,0.71502],"triangles":[12,1,0,2,1,12,14,2,12,3,2,14,11,12,0,13,12,11,14,12,13,16,3,14,4,3,16,13,11,10,5,4,16,15,14,13,15,13,10,16,14,15,8,15,10,7,6,5,7,16,15,7,5,16,7,15,8,8,10,9],"vertices":[141.81,124.19,27.1,124.19,-75.04,77.08,-160,37.89,-197.66,20.52,-197.66,-67.8,-197.66,-104.81,-82.49,-104.81,110.74,-104.81,215.34,-104.81,215.34,-51.41,215.34,124.19,81.92,57.63,159.89,-10.73,-20.34,6.22,42.94,-68.36,-119.22,-39.55],"hull":12,"edges":[2,24,24,26,18,20,20,22,26,20,2,4,4,28,28,30,16,18,30,16,4,6,6,8,6,32,12,14,14,16,32,14,14,30,30,26,26,22,2,0,0,22,0,24,24,28,28,32,8,10,10,12,32,10],"width":103,"height":57}},"slwh_xb_gx7":{"slwh_xb_gx7":{"x":323,"y":94.5,"scaleX":4,"scaleY":4,"width":88,"height":94}},"slwh_xb_gxd":{"slwh_xb_gxd":{"x":13.02,"y":-4.62,"width":486,"height":234}},"slwh_xb_gxhd":{"slwh_xb_gxhd":{"x":149.4,"y":-70.19,"width":400,"height":187}},"slwh_xb_gxsu":{"slwh_xb_gxsu":{"x":360.81,"y":68.26,"scaleX":4,"scaleY":4,"rotation":136.87,"width":196,"height":141}},"slwh_xb_gxsu1":{"slwh_xb_gxsu1":{"x":541.92,"y":16.49,"scaleX":4,"scaleY":4,"rotation":138.43,"width":97,"height":88}},"slwh_xb_gxsu2":{"slwh_xb_gxsu2":{"x":422.14,"y":2.35,"rotation":138.74,"width":151,"height":125}},"slwh_xb_gxsu3":{"slwh_xb_gxsu3":{"x":335.31,"y":17.97,"rotation":126.44,"width":160,"height":121}},"slwh_xb_gxsu4":{"slwh_xb_gxsu4":{"x":321.02,"y":-2.05,"scaleX":4,"scaleY":4,"rotation":124.72,"width":160,"height":121}},"slwh_xb_hd":{"slwh_xb_hd":{"type":"mesh","uvs":[1,1,0,1,0,0,1,0,0.5053,0.25119,0.46947,0.331,0.45287,0.43046,0.53064,0.58762,0.72114,0.22909,0.45374,0.10631,0.32528,0.18244,0.32703,0.4808],"triangles":[10,2,9,10,9,4,5,11,10,11,2,10,7,6,8,7,8,0,9,2,3,8,9,3,4,9,8,5,10,4,6,11,5,8,5,4,8,6,5,11,1,2,11,6,7,8,3,0,1,11,7,0,1,7],"vertices":[1,20,58.67,-52.88,1,1,20,-52.33,-52.88,1,1,20,-52.33,26.12,1,1,20,58.67,26.12,1,1,20,3.76,6.28,1,1,20,-0.22,-0.03,1,1,20,-2.06,-7.88,1,1,21,13.64,-16.41,1,1,21,22.76,17.74,1,1,22,7.99,-15.42,1,1,22,18.66,-4.21,1,1,22,9.06,17.32,1],"hull":4,"edges":[0,2,2,4,4,6,0,6,8,10,10,12,12,14,14,16,16,8,8,18,18,20,20,22,22,12],"width":111,"height":79}},"slwh_xb_hd1":{"slwh_xb_hd1":{"type":"mesh","uvs":[1,1,0,1,0,0,1,0,0.44696,0.24988,0.43172,0.30419,0.40184,0.38953,0.27623,0.14298,0.50611,0.12143,0.52075,0.3516,0.41128,0.13833],"triangles":[4,10,8,7,2,10,4,7,10,9,8,3,4,8,9,6,2,7,5,6,7,6,5,9,6,1,2,1,6,0,4,5,7,5,4,9,8,2,3,10,2,8,9,3,0,6,9,0],"vertices":[1,17,70.07,-60.41,1,1,17,-52.93,-60.41,1,1,17,-52.93,26.59,1,1,17,70.07,26.59,1,3,17,2.05,4.85,0.67898,19,3.63,3.47,0.14502,18,0.37,-5,0.176,1,17,0.17,0.13,1,1,17,-3.5,-7.3,1,1,18,22.24,2,1,1,19,16.31,7.61,1,1,19,5.15,-9.11,1,1,18,10.1,-9.34,1],"hull":4,"edges":[0,2,2,4,4,6,0,6,8,10,10,12,12,14,8,16,16,18,18,12,8,20,20,14],"width":123,"height":87}},"slwh_xb_hd2":{"slwh_xb_hd2":{"type":"mesh","uvs":[1,1,0,1,0,0,1,0,0.5627,0.45476,0.55438,0.53713,0.5678,0.62704,0.71503,0.64254,0.71621,0.35356,0.61381,0.37588,0.54897,0.37785,0.48371,0.38655,0.50219,0.6056],"triangles":[1,11,12,12,11,5,4,11,10,4,10,9,11,2,10,7,8,0,4,8,7,8,4,9,8,9,3,0,1,6,1,12,6,6,7,0,8,3,0,1,2,11,12,5,6,7,6,5,4,7,5,5,11,4,9,10,3,2,3,10],"vertices":[1,14,62.01,-51.94,1,1,14,-77.99,-51.94,1,1,14,-77.99,61.06,1,1,14,62.01,61.06,1,3,14,0.79,9.67,0.46419,15,3.59,8.67,0.08794,16,7.33,-3.76,0.44787,1,14,-0.38,0.37,1,1,14,1.5,-9.79,1,1,15,9.29,-20.87,1,1,15,27.79,6.04,1,1,15,14.52,12.01,1,1,16,16.09,-2.16,1,1,16,15.45,7.01,1,1,16,-9.39,5.34,1],"hull":4,"edges":[0,2,2,4,4,6,0,6,8,10,10,12,12,14,14,16,16,18,18,8,8,20,20,22,22,24,24,12],"width":140,"height":113}},"slwh_xb_lhd":{"slwh_xb_lhd":{"type":"mesh","uvs":[1,1,0,1,0,0,1,0,0.42673,0.48401,0.43384,0.54417,0.47267,0.61425,0.60696,0.45521,0.52683,0.38066,0.37613,0.4053,0.32772,0.47985,0.41004,0.60817],"triangles":[9,2,8,7,4,8,7,8,3,4,9,8,1,10,11,5,11,10,10,9,4,10,2,9,8,2,3,1,11,6,6,7,0,11,5,6,7,5,4,6,5,7,5,10,4,0,1,6,7,3,0,1,2,10],"vertices":[1,11,66.22,-45.63,1,1,11,-50.78,-45.63,1,1,11,-50.78,54.37,1,1,11,66.22,54.37,1,3,11,-0.86,5.97,0.47846,12,2.82,5.61,0.19354,13,4.53,-3.91,0.328,1,11,-0.02,-0.04,1,3,11,4.52,-7.05,0.576,12,-1.51,-7.8,0.2,13,-8.62,1.15,0.224,1,12,20.76,-5.84,1,1,12,18.44,5.91,1,1,13,14.32,-5.03,1,1,13,12.81,4.21,1,1,13,-3.13,6.05,1],"hull":4,"edges":[0,2,2,4,4,6,0,6,8,10,10,12,12,14,14,16,16,8,8,18,18,20,20,22,22,12],"width":117,"height":100}},"slwh_xb_lhd1":{"slwh_xb_lhd1":{"type":"mesh","uvs":[1,1,0,1,0,0,1,0,0.43987,0.62552,0.48658,0.55593,0.53594,0.57716,0.53275,0.63849,0.54019,0.64498,0.57044,0.69039,0.55239,0.74995,0.48605,0.75113,0.44783,0.80067,0.39529,0.79065,0.39529,0.74877,0.30187,0.68862,0.30506,0.61726,0.75621,0.36957,0.70419,0.4828,0.62086,0.48693,0.54868,0.49283,0.52426,0.44211,0.57097,0.3395,0.5784,0.29173,0.49825,0.22745,0.52904,0.18322,0.65271,0.25104,0.69464,0.31178,0.71481,0.22155,0.76629,0.27168,0.46323,0.67977,0.70525,0.4026,0.68197,0.4839],"triangles":[16,1,2,0,17,3,25,2,3,0,1,12,17,29,3,17,27,29,27,28,29,29,28,3,31,27,17,27,26,28,20,19,6,5,21,20,21,16,24,20,21,19,19,21,22,31,19,22,22,27,31,23,27,22,23,26,27,21,24,22,22,24,23,24,25,23,23,25,26,24,2,25,26,25,28,28,25,3,18,17,0,31,32,19,18,32,31,9,32,18,18,31,17,4,16,5,18,0,9,9,19,32,6,5,20,8,30,7,8,9,30,9,8,19,30,4,7,7,6,8,19,8,6,4,5,7,7,5,6,10,9,0,10,11,9,30,9,11,12,11,10,0,12,10,11,12,14,1,15,13,15,14,13,15,1,16,12,13,14,14,15,4,15,16,4,14,30,11,30,14,4,1,13,12,21,5,16,24,16,2],"vertices":[1,33,170.1,-1.06,1,1,33,40.1,-1.06,1,1,33,40.1,115.94,1,1,33,170.1,115.94,1,2,7,-0.86,-6.87,0.496,6,0.03,6.97,0.504,1,6,9.39,10.9,1,1,6,13.66,5.5,1,1,6,9.66,-0.47,1,1,6,10.1,-1.62,1,1,6,10.79,-8.19,1,1,6,5.23,-13,1,2,7,-1.64,8.99,0.456,6,-2.27,-8.74,0.544,1,7,4.97,12.81,1,1,7,11.02,9.43,1,1,7,9.4,4.81,1,1,7,18.52,-5.86,1,1,7,15.36,-13.6,1,1,10,2.5,-5.57,1,1,8,0.37,-9.64,1,1,9,3.39,13.48,1,1,9,11.43,18.38,1,1,9,16.96,14.54,1,1,9,17.03,1.09,1,1,9,18.72,-4.32,1,1,9,31.42,-6.27,1,1,9,30.22,-12.7,1,1,9,12.29,-12.97,1,2,9,4.2,-9.13,0.472,10,8.07,3.3,0.528,1,10,18.89,2.18,1,1,10,14.02,-5.26,1,1,5,-0.11,0.23,1,1,8,0.51,-0.26,1,1,8,-2.52,-9.77,1],"hull":4,"edges":[0,2,2,4,4,6,0,6,8,10,10,12,12,14,16,18,18,20,20,22,22,24,24,26,26,28,28,30,30,32,32,8,34,36,38,40,40,42,42,44,44,46,46,48,48,50,50,52,52,54,54,56,56,58,58,34,8,60,60,22,54,62,36,64,64,38,62,64],"width":130,"height":117}},"slwh_xb_lhd2":{"slwh_xb_lhd2":{"x":-5.36,"y":-2.9,"width":146,"height":125}}}},"animations":{"animation":{"slots":{"slwh_xb_gx10":{"color":[{"time":0,"color":"ffffff00","curve":[0.25,0,0.75,1]},{"time":3,"color":"ffffffff"}]},"slwh_xb_gx11":{"color":[{"time":0,"color":"ffffffff","curve":"stepped"},{"time":3,"color":"ffffffff"}]},"slwh_xb_gx12":{"color":[{"time":0,"color":"ffffffff"},{"time":3,"color":"ffffff00"}]},"slwh_xb_gxsu":{"color":[{"time":0,"color":"ffffff7d","curve":[0.25,0,0.75,1]},{"time":1.5,"color":"ffffffff","curve":[0.25,0,0.75,1]},{"time":3,"color":"ffffff7d"}]},"slwh_xb_gxsu1":{"color":[{"time":0,"color":"ffffff7e","curve":[0,0,0.75,1]},{"time":0.6667,"color":"ffffffb4","curve":[0.25,0,0.75,1]},{"time":2.1667,"color":"ffffff50","curve":[0.25,0,1,1]},{"time":3,"color":"ffffff7e"}]},"slwh_xb_gxsu2":{"color":[{"time":0,"color":"ffffff80","curve":[0.25,0,0.75,1]},{"time":1.5,"color":"ffffffb4","curve":[0.25,0,0.75,1]},{"time":3,"color":"ffffff80"}]},"slwh_xb_gxsu3":{"color":[{"time":0,"color":"68a92d9f","curve":[0.25,0,0.75,1]},{"time":1.5,"color":"68a92d2b","curve":[0.25,0,0.75,1]},{"time":3,"color":"68a92d9f"}]},"slwh_xb_gxsu4":{"color":[{"time":0,"color":"98eb54ae","curve":[0.25,0,0.75,1]},{"time":1.5,"color":"85cb4b8e","curve":[0.25,0,0.75,1]},{"time":3,"color":"98eb53ae"}]},"slwh_xb_lhd2":{"color":[{"time":0,"color":"ffffff84","curve":[0.25,0,0.75,1]},{"time":1.6667,"color":"fffffffe","curve":[0.379,0.53,0.746,1]},{"time":3,"color":"ffffff84"}]}},"bones":{"1L":{"rotate":[{"time":0,"angle":0,"curve":"stepped"},{"time":3,"angle":0}],"translate":[{"time":0,"x":0,"y":0,"curve":"stepped"},{"time":3,"x":0,"y":0}],"scale":[{"time":0,"x":1,"y":1,"curve":"stepped"},{"time":3,"x":1,"y":1}]},"slwh_xb_lhd3":{"rotate":[{"time":0,"angle":0,"curve":"stepped"},{"time":3,"angle":0}],"translate":[{"time":0,"x":0,"y":0,"curve":[0.25,0,0.75,1]},{"time":1.5,"x":2.39,"y":-3.59,"curve":[0.25,0,0.75,1]},{"time":3,"x":0,"y":0}],"scale":[{"time":0,"x":1,"y":1,"curve":"stepped"},{"time":3,"x":1,"y":1}]},"bone150":{"rotate":[{"time":0,"angle":0,"curve":"stepped"},{"time":3,"angle":0}],"translate":[{"time":0,"x":0,"y":0,"curve":"stepped"},{"time":3,"x":0,"y":0}],"scale":[{"time":0,"x":1,"y":1,"curve":[0.25,0,0.75,1]},{"time":0.4,"x":0.674,"y":1,"curve":[0.25,0,0.75,1]},{"time":0.8,"x":1,"y":1,"curve":[0.25,0,0.75,1]},{"time":1.2333,"x":0.674,"y":1,"curve":[0.25,0,0.75,1]},{"time":1.6333,"x":1,"y":1,"curve":[0.25,0,0.75,1]},{"time":2.1,"x":0.674,"y":1,"curve":[0.242,0,0.664,0.66]},{"time":2.5,"x":0.937,"y":1,"curve":[0.25,0,0.75,1]},{"time":3,"x":1,"y":1}]},"bone149":{"rotate":[{"time":0,"angle":0,"curve":"stepped"},{"time":3,"angle":0}],"translate":[{"time":0,"x":0,"y":0,"curve":"stepped"},{"time":3,"x":0,"y":0}],"scale":[{"time":0,"x":1,"y":1,"curve":[0.25,0,0.75,1]},{"time":0.4,"x":0.775,"y":0.775,"curve":[0.25,0,0.75,1]},{"time":0.8,"x":1,"y":1,"curve":[0.25,0,0.75,1]},{"time":1.2333,"x":0.775,"y":0.775,"curve":[0.25,0,0.75,1]},{"time":1.6333,"x":1,"y":1,"curve":[0.25,0,0.75,1]},{"time":2.1,"x":0.775,"y":0.775,"curve":[0.242,0,0.664,0.66]},{"time":2.5,"x":0.956,"y":0.956,"curve":[0.25,0,0.75,1]},{"time":3,"x":1,"y":1}]},"bone152":{"rotate":[{"time":0,"angle":0,"curve":[0.25,0,0.75,1]},{"time":0.4,"angle":-15.68,"curve":[0.25,0,0.75,1]},{"time":0.9,"angle":0,"curve":[0.25,0,0.75,1]},{"time":1.3,"angle":-15.68,"curve":[0.25,0,0.75,1]},{"time":1.9333,"angle":0,"curve":[0.25,0,0.75,1]},{"time":2.5,"angle":-15.68,"curve":[0.25,0,0.75,1]},{"time":3,"angle":0}],"translate":[{"time":0,"x":0,"y":0,"curve":"stepped"},{"time":3,"x":0,"y":0}],"scale":[{"time":0,"x":1,"y":1,"curve":"stepped"},{"time":3,"x":1,"y":1}]},"bone151":{"rotate":[{"time":0,"angle":0,"curve":[0.25,0,0.75,1]},{"time":0.4,"angle":6.2,"curve":[0.25,0,0.75,1]},{"time":0.9,"angle":0,"curve":[0.25,0,0.75,1]},{"time":1.3,"angle":6.2,"curve":[0.25,0,0.75,1]},{"time":1.9333,"angle":0,"curve":[0.25,0,0.75,1]},{"time":2.5,"angle":6.2,"curve":[0.25,0,0.75,1]},{"time":3,"angle":0}],"translate":[{"time":0,"x":0,"y":0,"curve":"stepped"},{"time":3,"x":0,"y":0}],"scale":[{"time":0,"x":1,"y":1,"curve":"stepped"},{"time":3,"x":1,"y":1}]},"slwh_xb_lhd2":{"rotate":[{"time":0,"angle":0,"curve":"stepped"},{"time":3,"angle":0}],"translate":[{"time":0,"x":1.15,"y":-0.77,"curve":[0,0,0.75,1]},{"time":0.6667,"x":0,"y":0,"curve":[0.25,0,0.75,1]},{"time":2.1667,"x":2.7,"y":-1.8,"curve":[0.25,0,1,1]},{"time":3,"x":1.15,"y":-0.77}],"scale":[{"time":0,"x":1.019,"y":1.019,"curve":[0,0,0.75,1]},{"time":0.6667,"x":1,"y":1,"curve":[0.25,0,0.75,1]},{"time":2.1667,"x":1.046,"y":1.046,"curve":[0.25,0,1,1]},{"time":3,"x":1.019,"y":1.019}]},"bone154":{"rotate":[{"time":0,"angle":0,"curve":[0.25,0,0.75,1]},{"time":0.5667,"angle":12.97,"curve":[0.25,0,0.75,1]},{"time":1.2667,"angle":0,"curve":[0.25,0,0.75,1]},{"time":1.8,"angle":21.03,"curve":[0.25,0,0.75,1]},{"time":2.2667,"angle":0,"curve":[0.25,0,0.75,1]},{"time":2.6667,"angle":10.52,"curve":[0.25,0,0.75,1]},{"time":3,"angle":0}],"translate":[{"time":0,"x":0,"y":0,"curve":"stepped"},{"time":3,"x":0,"y":0}],"scale":[{"time":0,"x":1,"y":1,"curve":"stepped"},{"time":3,"x":1,"y":1}]},"bone153":{"rotate":[{"time":0,"angle":0,"curve":[0.25,0,0.75,1]},{"time":0.5667,"angle":-11.99,"curve":[0.25,0,0.75,1]},{"time":1.2667,"angle":0,"curve":[0.25,0,0.75,1]},{"time":1.8,"angle":-19.45,"curve":[0.25,0,0.75,1]},{"time":2.2667,"angle":0,"curve":[0.25,0,0.75,1]},{"time":2.6667,"angle":-9.72,"curve":[0.25,0,0.75,1]},{"time":3,"angle":0}],"translate":[{"time":0,"x":0,"y":0,"curve":"stepped"},{"time":3,"x":0,"y":0}],"scale":[{"time":0,"x":1,"y":1,"curve":"stepped"},{"time":3,"x":1,"y":1}]},"slwh_xb_lhd":{"rotate":[{"time":0,"angle":0,"curve":"stepped"},{"time":3,"angle":0}],"translate":[{"time":0,"x":0,"y":0,"curve":[0.25,0,0.75,1]},{"time":1.3333,"x":0,"y":2.42,"curve":[0.25,0,0.75,1]},{"time":3,"x":0,"y":0}],"scale":[{"time":0,"x":1,"y":1,"curve":"stepped"},{"time":3,"x":1,"y":1}]},"bone156":{"rotate":[{"time":0,"angle":0,"curve":[0.25,0,0.75,1]},{"time":0.4667,"angle":2.97,"curve":[0.25,0,0.75,1]},{"time":0.9667,"angle":0,"curve":[0.25,0,0.75,1]},{"time":1.4,"angle":2.97,"curve":[0.25,0,0.75,1]},{"time":1.9,"angle":0,"curve":[0.25,0,0.75,1]},{"time":2.4667,"angle":2.97,"curve":[0.25,0,0.75,1]},{"time":3,"angle":0}],"translate":[{"time":0,"x":0,"y":0,"curve":"stepped"},{"time":3,"x":0,"y":0}],"scale":[{"time":0,"x":1,"y":1,"curve":"stepped"},{"time":3,"x":1,"y":1}]},"bone155":{"rotate":[{"time":0,"angle":0,"curve":[0.25,0,0.75,1]},{"time":0.4667,"angle":-3.54,"curve":[0.25,0,0.75,1]},{"time":0.9667,"angle":0,"curve":[0.25,0,0.75,1]},{"time":1.4,"angle":-3.54,"curve":[0.25,0,0.75,1]},{"time":1.9,"angle":0,"curve":[0.25,0,0.75,1]},{"time":2.4667,"angle":-3.54,"curve":[0.25,0,0.75,1]},{"time":3,"angle":0}],"translate":[{"time":0,"x":0,"y":0,"curve":"stepped"},{"time":3,"x":0,"y":0}],"scale":[{"time":0,"x":1,"y":1,"curve":"stepped"},{"time":3,"x":1,"y":1}]},"slwh_xb_hd2":{"rotate":[{"time":0,"angle":0,"curve":"stepped"},{"time":3,"angle":0}],"translate":[{"time":0,"x":0,"y":0,"curve":[0.25,0,0.75,1]},{"time":1.5,"x":-3.07,"y":-4.45,"curve":[0.25,0,0.75,1]},{"time":3,"x":0,"y":0}],"scale":[{"time":0,"x":1,"y":1,"curve":[0.25,0,0.75,1]},{"time":1.5,"x":0.896,"y":0.896,"curve":[0.25,0,0.75,1]},{"time":3,"x":1,"y":1}]},"bone158":{"rotate":[{"time":0,"angle":0,"curve":[0.25,0,0.75,1]},{"time":0.4333,"angle":-23.88,"curve":[0.25,0,0.75,1]},{"time":0.9667,"angle":0,"curve":[0.25,0,0.75,1]},{"time":1.5,"angle":-23.88,"curve":[0.25,0,0.75,1]},{"time":2,"angle":0,"curve":[0.25,0,0.75,1]},{"time":2.5333,"angle":-23.88,"curve":[0.25,0,0.75,1]},{"time":3,"angle":0}],"translate":[{"time":0,"x":0,"y":0,"curve":"stepped"},{"time":3,"x":0,"y":0}],"scale":[{"time":0,"x":1,"y":1,"curve":"stepped"},{"time":3,"x":1,"y":1}]},"bone157":{"rotate":[{"time":0,"angle":0,"curve":[0.25,0,0.75,1]},{"time":0.4333,"angle":10,"curve":[0.25,0,0.75,1]},{"time":0.9667,"angle":0,"curve":[0.25,0,0.75,1]},{"time":1.5,"angle":10,"curve":[0.25,0,0.75,1]},{"time":2,"angle":0,"curve":[0.25,0,0.75,1]},{"time":2.5333,"angle":10,"curve":[0.25,0,0.75,1]},{"time":3,"angle":0}],"translate":[{"time":0,"x":0,"y":0,"curve":"stepped"},{"time":3,"x":0,"y":0}],"scale":[{"time":0,"x":1,"y":1,"curve":"stepped"},{"time":3,"x":1,"y":1}]},"slwh_xb_hd1":{"rotate":[{"time":0,"angle":0,"curve":"stepped"},{"time":3,"angle":0}],"translate":[{"time":0,"x":0,"y":0,"curve":[0.25,0,0.625,0.5]},{"time":1.5,"x":0.81,"y":1.04,"curve":[0.375,0.5,0.75,1]},{"time":3,"x":0,"y":0}],"scale":[{"time":0,"x":1,"y":1,"curve":"stepped"},{"time":3,"x":1,"y":1}]},"bone160":{"rotate":[{"time":0,"angle":0,"curve":"stepped"},{"time":3,"angle":0}],"translate":[{"time":0,"x":0,"y":0,"curve":"stepped"},{"time":3,"x":0,"y":0}],"scale":[{"time":0,"x":1,"y":1,"curve":[0.25,0,0.75,1]},{"time":0.3,"x":0.725,"y":1,"curve":[0.25,0,0.75,1]},{"time":0.6333,"x":1,"y":1,"curve":[0.25,0,0.75,1]},{"time":0.9333,"x":0.725,"y":1,"curve":[0.25,0,0.75,1]},{"time":1.4,"x":1,"y":1,"curve":[0.25,0,0.75,1]},{"time":1.8,"x":0.725,"y":1,"curve":[0.25,0,0.75,1]},{"time":2.2667,"x":1,"y":1,"curve":[0.25,0,0.75,1]},{"time":2.6333,"x":0.725,"y":1,"curve":[0.25,0,0.75,1]},{"time":3,"x":1,"y":1}]},"bone159":{"rotate":[{"time":0,"angle":0,"curve":"stepped"},{"time":3,"angle":0}],"translate":[{"time":0,"x":0,"y":0,"curve":"stepped"},{"time":3,"x":0,"y":0}],"scale":[{"time":0,"x":1,"y":1,"curve":[0.25,0,0.75,1]},{"time":0.3,"x":0.653,"y":1,"curve":[0.25,0,0.75,1]},{"time":0.6333,"x":1,"y":1,"curve":[0.25,0,0.75,1]},{"time":0.9333,"x":0.653,"y":1,"curve":[0.25,0,0.75,1]},{"time":1.4,"x":1,"y":1,"curve":[0.25,0,0.75,1]},{"time":1.8,"x":0.653,"y":1,"curve":[0.25,0,0.75,1]},{"time":2.2667,"x":1,"y":1,"curve":[0.25,0,0.75,1]},{"time":2.6333,"x":0.653,"y":1,"curve":[0.25,0,0.75,1]},{"time":3,"x":1,"y":1}]},"slwh_xb_hd":{"rotate":[{"time":0,"angle":0,"curve":"stepped"},{"time":3,"angle":0}],"translate":[{"time":0,"x":0,"y":0,"curve":[0.25,0,0.625,0.5]},{"time":1.5,"x":5.18,"y":4.75,"curve":[0.375,0.5,0.75,1]},{"time":3,"x":0,"y":0}],"scale":[{"time":0,"x":1,"y":1,"curve":"stepped"},{"time":3,"x":1,"y":1}]},"slwh_xb_gxsu4":{"rotate":[{"time":0,"angle":0,"curve":"stepped"},{"time":3,"angle":0}],"translate":[{"time":0,"x":0,"y":0,"curve":"stepped"},{"time":3,"x":0,"y":0}],"scale":[{"time":0,"x":1,"y":1,"curve":[0.25,0,0.75,1]},{"time":1.5,"x":0.98,"y":0.93,"curve":[0.25,0,0.75,1]},{"time":3,"x":1,"y":1}]},"slwh_xb_gxsu2":{"rotate":[{"time":0,"angle":0,"curve":"stepped"},{"time":3,"angle":0}],"translate":[{"time":0,"x":0,"y":0,"curve":"stepped"},{"time":3,"x":0,"y":0}],"scale":[{"time":0,"x":1,"y":1,"curve":[0.25,0,0.75,1]},{"time":1.5,"x":1.1,"y":1,"curve":[0.25,0,0.75,1]},{"time":3,"x":1,"y":1}]},"slwh_xb_gxsu1":{"rotate":[{"time":0,"angle":0,"curve":"stepped"},{"time":3,"angle":0}],"translate":[{"time":0,"x":0,"y":0,"curve":"stepped"},{"time":3,"x":0,"y":0}],"scale":[{"time":0,"x":1.03,"y":1,"curve":[0,0,0.75,1]},{"time":0.6667,"x":1.066,"y":1,"curve":[0.25,0,0.75,1]},{"time":2.1667,"x":1,"y":1,"curve":[0.25,0,1,1]},{"time":3,"x":1.03,"y":1}]},"slwh_xb_gxd":{"rotate":[{"time":0,"angle":0,"curve":"stepped"},{"time":3,"angle":0}],"translate":[{"time":0,"x":0,"y":0,"curve":"stepped"},{"time":3,"x":0,"y":0}],"scale":[{"time":0,"x":1,"y":1,"curve":"stepped"},{"time":3,"x":1,"y":1}]},"slwh_xb_gxsu":{"rotate":[{"time":0,"angle":0,"curve":"stepped"},{"time":3,"angle":0}],"translate":[{"time":0,"x":0,"y":0,"curve":"stepped"},{"time":3,"x":0,"y":0}],"scale":[{"time":0,"x":1,"y":1,"curve":"stepped"},{"time":3,"x":1,"y":1}]},"slwh_xb_gxsu3":{"rotate":[{"time":0,"angle":0,"curve":"stepped"},{"time":3,"angle":0}],"translate":[{"time":0,"x":0,"y":0,"curve":"stepped"},{"time":3,"x":0,"y":0}],"scale":[{"time":0,"x":1,"y":1,"curve":"stepped"},{"time":3,"x":1,"y":1}]}},"deform":{"default":{"slwh_xb_gx10":{"slwh_xb_gx10":[{"time":0,"vertices":[-56.54289,-61.8177,-36.85107,-52.92342,-20.27428,-39.05641,-3.55821,-27.11946,1.37866,-22.88789,-2.40115,-9.56683,-3.98499,-3.98502,-21.35506,-8.91373,-50.49803,-17.18336,-71.85292,-24.05037,-72.75587,-34.49442,-67.63194,-64.96434,-47.96761,-45.23118,-62.65279,-38.25704,-31.55626,-30.70929,-44.29187,-22.16916,-13.02338,-17.18459]},{"time":3,"vertices":[-37.69526,-41.2118,-24.56738,-35.28228,-13.51618,-26.03761,-2.37214,-18.07964,0.91911,-15.2586,-1.60077,-6.37789,-2.65666,-2.65668,-14.2367,-5.94249,-33.66536,-11.45557,-47.90195,-16.03358,-48.50392,-22.99628,-45.08796,-43.30956,-31.9784,-30.15412,-41.76852,-25.5047,-21.03751,-20.47286,-29.52791,-14.77944,-8.68225,-11.4564]}]},"slwh_xb_gx11":{"slwh_xb_gx10":[{"time":0,"vertices":[-37.69526,-41.2118,-24.56738,-35.28228,-13.51618,-26.03761,-2.37214,-18.07964,0.91911,-15.2586,-1.60077,-6.37789,-2.65666,-2.65668,-14.2367,-5.94249,-33.66536,-11.45557,-47.90195,-16.03358,-48.50392,-22.99628,-45.08796,-43.30956,-31.9784,-30.15412,-41.76852,-25.5047,-21.03751,-20.47286,-29.52791,-14.77944,-8.68225,-11.4564]},{"time":3,"vertices":[-18.84763,-20.6059,-12.28369,-17.64114,-6.75809,-13.0188,-1.18607,-9.03982,0.45955,-7.6293,-0.80038,-3.18894,-1.32833,-1.32834,-7.11835,-2.97124,-16.83268,-5.72779,-23.95097,-8.01679,-24.25196,-11.49814,-22.54398,-21.65478,-15.9892,-15.07706,-20.88426,-12.75235,-10.51875,-10.23643,-14.76396,-7.38972,-4.34113,-5.7282]}]},"slwh_xb_gx12":{"slwh_xb_gx10":[{"time":0,"vertices":[-18.84763,-20.6059,-12.28369,-17.64114,-6.75809,-13.0188,-1.18607,-9.03982,0.45955,-7.6293,-0.80038,-3.18894,-1.32833,-1.32834,-7.11835,-2.97124,-16.83268,-5.72779,-23.95097,-8.01679,-24.25196,-11.49814,-22.54398,-21.65478,-15.9892,-15.07706,-20.88426,-12.75235,-10.51875,-10.23643,-14.76396,-7.38972,-4.34113,-5.7282]},{"time":3}]}}}}}}