{
    "bindingConfig": [
        {
            "boneName": "Bone005",
            "bindings": []
        },
        {
            "boneName": "yuqi_r",
            "bindings": []
        },
        {
            "boneName": "yuqi_l",
            "bindings": []
        },
        {
            "boneName": "Bone009",
            "bindings": []
        },
        {
            "boneName": "Bone004",
            "bindings": []
        },
        {
            "boneName": "Bone013",
            "bindings": []
        },
        {
            "boneName": "eye_l",
            "bindings": []
        },
        {
            "boneName": "eye2_l",
            "bindings": []
        },
        {
            "boneName": "eye2_r",
            "bindings": []
        },
        {
            "boneName": "eye_r",
            "bindings": []
        },
        {
            "boneName": "meimao_l",
            "bindings": []
        },
        {
            "boneName": "meimao_r",
            "bindings": []
        },
        {
            "boneName": "face_l",
            "bindings": []
        },
        {
            "boneName": "face_r",
            "bindings": []
        },
        {
            "boneName": "Bone015",
            "bindings": []
        },
        {
            "boneName": "Bone002",
            "bindings": []
        },
        {
            "boneName": "Bip01",
            "bindings": [
                {
                    "type": 1,
                    "rct": {
                        "center": [
                            0.0,
                            0.0,
                            0.0
                        ],
                        "extension": [
                            217.0,
                            305.0,
                            221.0
                        ],
                        "rotation": [
                            0.0,
                            0.0,
                            -0.1745329201221466
                        ],
                        "scale": [
                            1.0,
                            1.0,
                            1.0
                        ],
                        "translation": [
                            25.0,
                            39.0,
                            0.0
                        ]
                    },
                    "hex": {
                        "p1": [
                            0.0,
                            0.0,
                            0.0
                        ],
                        "p2": [
                            0.0,
                            0.0,
                            0.0
                        ],
                        "p3": [
                            0.0,
                            0.0,
                            0.0
                        ],
                        "p4": [
                            0.0,
                            0.0,
                            0.0
                        ],
                        "p5": [
                            0.0,
                            0.0,
                            0.0
                        ],
                        "p6": [
                            0.0,
                            0.0,
                            0.0
                        ],
                        "p7": [
                            0.0,
                            0.0,
                            0.0
                        ],
                        "p8": [
                            0.0,
                            0.0,
                            0.0
                        ],
                        "rotation": [
                            0.0,
                            0.0,
                            0.0
                        ],
                        "scale": [
                            1.0,
                            1.0,
                            1.0
                        ],
                        "translation": [
                            0.0,
                            0.0,
                            0.0
                        ]
                    }
                }
            ]
        }
    ]
}