<?xml version="1.0"?>

<FishTypeSelector>

	<Selector id="0" type="0" weight="100"/>
    <Selector id="1" type="1" weight="100"/>
    <Selector id="2" type="2" weight="100"/>
    <Selector id="3" type="3" weight="100"/>
    <Selector id="4" type="4" weight="100"/>
    <Selector id="5" type="5" weight="100"/>
    <Selector id="6" type="6" weight="100"/>
    <Selector id="7" type="7" weight="100"/>
    <Selector id="8" type="8" weight="100"/>
    <Selector id="9" type="9" weight="100"/>
    <Selector id="10" type="10" weight="100"/>
    <Selector id="11" type="11" weight="100"/>
    <Selector id="12" type="12" weight="100"/>
    <Selector id="13" type="13" weight="100"/>
    <Selector id="14" type="14" weight="100"/>
    <Selector id="15" type="15" weight="100"/>
    <Selector id="16" type="16" weight="100"/>
    <Selector id="17" type="17" weight="100"/>
    <Selector id="18" type="18" weight="100"/>
    <Selector id="19" type="19" weight="100"/>
    <Selector id="20" type="500" weight="100"/>

</FishTypeSelector>

<GroupDefinition>

 	 <Group id="1">

        <Transform>
            <Sequence>
                <Position from="667, 375, -50" to="667, 375,-50" duration="0.001"/>
                <Roll from="0" to="0" duration="5"/>
                <Roll from="0" to="2000" duration="35"/>
            </Sequence>
        </Transform>

		 <Generator delay="0" count="1" interval="10">
			
            <Circle center="0, 0, 0" axis="0, 1, 0" startRadius="320" count="22" interval="16.3" speed="0" duration="45">
                <Fish selector="10" direction="1, 0, 0"/>
                <Fish selector="10" direction="1, 0, 0"/>
                <Fish selector="10" direction="1, 0, 0"/>
                <Fish selector="10" direction="1, 0, 0"/>
                <Fish selector="10" direction="1, 0, 0"/>
                <Fish selector="10" direction="1, 0, 0"/>
                <Fish selector="10" direction="1, 0, 0"/>
                <Fish selector="10" direction="1, 0, 0"/>
                <Fish selector="10" direction="1, 0, 0"/>
                <Fish selector="10" direction="1, 0, 0"/>
                <Fish selector="10" direction="1, 0, 0"/>
                <Fish selector="10" direction="1, 0, 0"/>
                <Fish selector="10" direction="1, 0, 0"/>
                <Fish selector="10" direction="1, 0, 0"/>
                <Fish selector="10" direction="1, 0, 0"/>
                <Fish selector="10" direction="1, 0, 0"/>
                <Fish selector="10" direction="1, 0, 0"/>
                <Fish selector="10" direction="1, 0, 0"/>
                <Fish selector="10" direction="1, 0, 0"/>
                <Fish selector="10" direction="1, 0, 0"/>
                <Fish selector="10" direction="1, 0, 0"/>
                <Fish selector="10" direction="1, 0, 0"/>
                <Fish selector="10" direction="1, 0, 0"/>
               
            </Circle>
          
          
            <Circle center="0, 0, 0" axis="0, 50, -87" startRadius="320" count="22" interval="16.3" speed="0" duration="45">
                <Fish selector="12" direction="1, 0, 0"/>
                <Fish selector="12" direction="1, 0, 0"/>
                <Fish selector="12" direction="1, 0, 0"/>
                <Fish selector="12" direction="1, 0, 0"/>
                <Fish selector="12" direction="1, 0, 0"/>
                <Fish selector="12" direction="1, 0, 0"/>
                <Fish selector="12" direction="1, 0, 0"/>
                <Fish selector="12" direction="1, 0, 0"/>
                <Fish selector="12" direction="1, 0, 0"/>
                <Fish selector="12" direction="1, 0, 0"/>
                <Fish selector="12" direction="1, 0, 0"/>
                <Fish selector="12" direction="1, 0, 0"/>
                <Fish selector="12" direction="1, 0, 0"/>
                <Fish selector="12" direction="1, 0, 0"/>
                <Fish selector="12" direction="1, 0, 0"/>
                <Fish selector="12" direction="1, 0, 0"/>
                <Fish selector="12" direction="1, 0, 0"/>
                <Fish selector="12" direction="1, 0, 0"/>
                <Fish selector="12" direction="1, 0, 0"/>
                <Fish selector="12" direction="1, 0, 0"/>
                <Fish selector="12" direction="1, 0, 0"/>
                <Fish selector="12" direction="1, 0, 0"/>
                <Fish selector="12" direction="1, 0, 0"/>
                
            </Circle>

            <Circle center="0, 0, 0" axis="0, 50, 87" startRadius="320" count="22" interval="16.3" speed="0" duration="45">
                <Fish selector="8" direction="1, 0, 0"/>
                <Fish selector="8" direction="1, 0, 0"/>
                <Fish selector="8" direction="1, 0, 0"/>
                <Fish selector="8" direction="1, 0, 0"/>
                <Fish selector="8" direction="1, 0, 0"/>
                <Fish selector="8" direction="1, 0, 0"/>
                <Fish selector="8" direction="1, 0, 0"/>
                <Fish selector="8" direction="1, 0, 0"/>
                <Fish selector="8" direction="1, 0, 0"/>
                <Fish selector="8" direction="1, 0, 0"/>
                <Fish selector="8" direction="1, 0, 0"/>
                <Fish selector="8" direction="1, 0, 0"/>
                <Fish selector="8" direction="1, 0, 0"/>
                <Fish selector="8" direction="1, 0, 0"/>
                <Fish selector="8" direction="1, 0, 0"/>
                <Fish selector="8" direction="1, 0, 0"/>
                <Fish selector="8" direction="1, 0, 0"/>
                <Fish selector="8" direction="1, 0, 0"/>
                <Fish selector="8" direction="1, 0, 0"/>
                <Fish selector="8" direction="1, 0, 0"/>
                <Fish selector="8" direction="1, 0, 0"/>
                <Fish selector="8" direction="1, 0, 0"/>
                <Fish selector="8" direction="1, 0, 0"/>
           
            </Circle>

	    </Generator> 
        
	 </Group> 

 <Group id="2">

    <Transform>

        <Sequence>
        
            <Position from="-1800,0,0" to="0, 0, 0" duration="5"/>
            <Position from="0,0,0" to="0, 0, 0" duration="35"/>
            <Position from="0,0,0" to="1800, 0, 0" duration="5"/>
                
        </Sequence>

    </Transform>
   
    <Generator delay="0" count="1" interval="10">
    
        <Point position="80, 375, -130" count="1" selector="19" direction="1, 0, 0" duration="45" speed="0">
    
            <Fish />
    
        </Point>

        <Point position="1300, 375, -130" count="1" selector="19" direction="1, 0, 0" duration="45" speed="0">
    
            <Fish />
    
        </Point>

        <Point position="675, 375, -130" count="1" selector="20" direction="1, 0, 0" duration="45" speed="0">
    
            <Fish />
    
        </Point>

        <Point position="0, 0, 0" count="1" selector="1" direction="1, 0, 0" duration="45">
    
            <Group />
    
        </Point>
    
    </Generator> 

</Group> 
   

    <Group id="3">
         <Transform>
            <Spawn>
             <Scale from="1.3" to="1.3" duration="100"/>
            </Spawn>
        </Transform>
        <Generator delay="0" count="60" interval="0.5" >
            <Point position="-350, -100, -100" count="1" direction="1, 0, 0" motion="path" pathId="1" speed="150" duration="0">
    
                <Fish selector="8" direction="1, 0, 0"/>

            </Point>
    
        </Generator>

        <Generator delay="0" count="60" interval="0.5" >
            <Point position="-50, -100, -120" count="1" direction="1, 0, 0" motion="path" pathId="1" speed="150" duration="0">
    
                <Fish selector="9" direction="1, 0, 0"/>

            </Point>
        </Generator>  
    </Group> 

    <Group id="4"> <!--   炸弹   -->

        <Transform>

            <Sequence>
        
                <Position from="-80,100,0" to="-80,100,0" duration="12"/>
                <Position from="-80,100,0" to="3000,100,-1100" duration="20"/>
                          
            </Sequence>
        </Transform>
   
        <Generator delay="0" count="1" interval="2" >
            <Line start="-80,100,0" axis="3080, 0, -1100" interval="5" count="1" selector="20" duration="45" speed="0">
    
                <Fish />

            </Line>
        </Generator>  
    </Group>    

    <Group id="5">
 
        <Generator delay="0" count="1" interval="2" >

            <Point position="0, 0, 0" count="1" selector="4" direction="1, 0, 0" duration="50">
    
                <Group />
    
            </Point>
            <Point position="0, 0, 0" count="1" selector="3" direction="1, 0, 0" duration="65">
    
                <Group />
    
            </Point>
    
            
        </Generator>  
    </Group>    

    <Group id="6">

        <Transform>
            <Spawn>
                <Position from="-250,375, 0" to="1800, 375, 0" duration="12"/>
                <Scale from="1" to="4.5" duration="12"/>
              
            </Spawn>
        </Transform>

		 <Generator delay="0" count="1" interval="1">
			
            <Circle center="0, 0, 0" axis="1, 0, 0" startRadius="75" count="20" interval="18" speed="0" duration="12">
                <Fish selector="15" direction="1, 0, 0"/>
                <Fish selector="15" direction="1, 0, 0"/>
                <Fish selector="15" direction="1, 0, 0"/>
                <Fish selector="15" direction="1, 0, 0"/>
                <Fish selector="15" direction="1, 0, 0"/>
                <Fish selector="15" direction="1, 0, 0"/>
                <Fish selector="15" direction="1, 0, 0"/>
                <Fish selector="15" direction="1, 0, 0"/>
                <Fish selector="15" direction="1, 0, 0"/>
                <Fish selector="15" direction="1, 0, 0"/>
                <Fish selector="15" direction="1, 0, 0"/>
                <Fish selector="15" direction="1, 0, 0"/>
                <Fish selector="15" direction="1, 0, 0"/>
                <Fish selector="15" direction="1, 0, 0"/>
                <Fish selector="15" direction="1, 0, 0"/>
                <Fish selector="15" direction="1, 0, 0"/>
                <Fish selector="15" direction="1, 0, 0"/>
                <Fish selector="15" direction="1, 0, 0"/>
                <Fish selector="15" direction="1, 0, 0"/>
                <Fish selector="15" direction="1, 0, 0"/>
            </Circle>
            
        </Generator>  
    </Group>  

    <Group id="7">

        <Transform>
            <Spawn>
                <Position from="-250,375, 0" to="1800, 375, 0" duration="12"/>
                <Scale from="1" to="4.5" duration="12"/>
              
            </Spawn>
        </Transform>

		 <Generator delay="0" count="1" interval="1">
			
            <Circle center="0, 0, 0" axis="1, 0, 0" startRadius="75" count="20" interval="18" speed="0" duration="12">
                <Fish selector="8" direction="1, 0, 0"/>
                <Fish selector="8" direction="1, 0, 0"/>
                <Fish selector="8" direction="1, 0, 0"/>
                <Fish selector="8" direction="1, 0, 0"/>
                <Fish selector="8" direction="1, 0, 0"/>
                <Fish selector="8" direction="1, 0, 0"/>
                <Fish selector="8" direction="1, 0, 0"/>
                <Fish selector="8" direction="1, 0, 0"/>
                <Fish selector="8" direction="1, 0, 0"/>
                <Fish selector="8" direction="1, 0, 0"/>
                <Fish selector="8" direction="1, 0, 0"/>
                <Fish selector="8" direction="1, 0, 0"/>
                <Fish selector="8" direction="1, 0, 0"/>
                <Fish selector="8" direction="1, 0, 0"/>
                <Fish selector="8" direction="1, 0, 0"/>
                <Fish selector="8" direction="1, 0, 0"/>
                <Fish selector="8" direction="1, 0, 0"/>
                <Fish selector="8" direction="1, 0, 0"/>
                <Fish selector="8" direction="1, 0, 0"/>
                <Fish selector="8" direction="1, 0, 0"/>
            </Circle>                   
        </Generator>  
    </Group>  

    <Group id="8">

        <Transform>
            <Spawn>
                <Position from="-250,375, 0" to="1800, 375, 0" duration="12"/>
                <Scale from="1" to="4.5" duration="12"/>
              
            </Spawn>
        </Transform>

		 <Generator delay="0" count="1" interval="1">
			
            <Circle center="0, 0, 0" axis="1, 0, 0" startRadius="75" count="20" interval="18" speed="0" duration="12">
                <Fish selector="15" direction="1, 0, 0"/>
                <Fish selector="15" direction="1, 0, 0"/>
                <Fish selector="15" direction="1, 0, 0"/>
                <Fish selector="15" direction="1, 0, 0"/>
                <Fish selector="15" direction="1, 0, 0"/>
                <Fish selector="15" direction="1, 0, 0"/>
                <Fish selector="15" direction="1, 0, 0"/>
                <Fish selector="15" direction="1, 0, 0"/>
                <Fish selector="15" direction="1, 0, 0"/>
                <Fish selector="15" direction="1, 0, 0"/>
                <Fish selector="15" direction="1, 0, 0"/>
                <Fish selector="15" direction="1, 0, 0"/>
                <Fish selector="15" direction="1, 0, 0"/>
                <Fish selector="15" direction="1, 0, 0"/>
                <Fish selector="15" direction="1, 0, 0"/>
                <Fish selector="15" direction="1, 0, 0"/>
                <Fish selector="15" direction="1, 0, 0"/>
                <Fish selector="15" direction="1, 0, 0"/>
                <Fish selector="15" direction="1, 0, 0"/>
                <Fish selector="15" direction="1, 0, 0"/>
            </Circle>
            <Point position="0, 0, 0" count="1" selector="17" direction="1, 0, 0" duration="18" speed="130" belong="false"> 
    
                <Fish /> 
            </Point>
        </Generator>  
    </Group>  

    <Group id="9">

        <Transform>
            <Spawn>
                <Position from="-250,375, 0" to="1800, 375, 0" duration="12"/>
                <Scale from="1" to="4.5" duration="12"/>
              
            </Spawn>
        </Transform>

		 <Generator delay="0" count="1" interval="1">
			
            <Circle center="0, 0, 0" axis="1, 0, 0" startRadius="75" count="20" interval="18" speed="0" duration="12">
                <Fish selector="8" direction="1, 0, 0"/>
                <Fish selector="8" direction="1, 0, 0"/>
                <Fish selector="8" direction="1, 0, 0"/>
                <Fish selector="8" direction="1, 0, 0"/>
                <Fish selector="8" direction="1, 0, 0"/>
                <Fish selector="8" direction="1, 0, 0"/>
                <Fish selector="8" direction="1, 0, 0"/>
                <Fish selector="8" direction="1, 0, 0"/>
                <Fish selector="8" direction="1, 0, 0"/>
                <Fish selector="8" direction="1, 0, 0"/>
                <Fish selector="8" direction="1, 0, 0"/>
                <Fish selector="8" direction="1, 0, 0"/>
                <Fish selector="8" direction="1, 0, 0"/>
                <Fish selector="8" direction="1, 0, 0"/>
                <Fish selector="8" direction="1, 0, 0"/>
                <Fish selector="8" direction="1, 0, 0"/>
                <Fish selector="8" direction="1, 0, 0"/>
                <Fish selector="8" direction="1, 0, 0"/>
                <Fish selector="8" direction="1, 0, 0"/>
                <Fish selector="8" direction="1, 0, 0"/>
            </Circle>
            <Point position="0, 0, 0" count="1" selector="18" direction="1, 0, 0" duration="18" speed="130" belong="false">
    
                <Fish />
            </Point>
        </Generator>  
    </Group>  

    <Group id="10">

        <Transform>
            <Spawn>
                <Position from="-250,375, 0" to="1800, 375, 0" duration="12"/>
                <Scale from="1" to="4.5" duration="12"/>
              
            </Spawn>
        </Transform>

		 <Generator delay="0" count="1" interval="1">
			
            <Circle center="0, 0, 0" axis="1, 0, 0" startRadius="75" count="20" interval="18" speed="0" duration="12">
                <Fish selector="15" direction="1, 0, 0"/>
                <Fish selector="15" direction="1, 0, 0"/>
                <Fish selector="15" direction="1, 0, 0"/>
                <Fish selector="15" direction="1, 0, 0"/>
                <Fish selector="15" direction="1, 0, 0"/>
                <Fish selector="15" direction="1, 0, 0"/>
                <Fish selector="15" direction="1, 0, 0"/>
                <Fish selector="15" direction="1, 0, 0"/>
                <Fish selector="15" direction="1, 0, 0"/>
                <Fish selector="15" direction="1, 0, 0"/>
                <Fish selector="15" direction="1, 0, 0"/>
                <Fish selector="15" direction="1, 0, 0"/>
                <Fish selector="15" direction="1, 0, 0"/>
                <Fish selector="15" direction="1, 0, 0"/>
                <Fish selector="15" direction="1, 0, 0"/>
                <Fish selector="15" direction="1, 0, 0"/>
                <Fish selector="15" direction="1, 0, 0"/>
                <Fish selector="15" direction="1, 0, 0"/>
                <Fish selector="15" direction="1, 0, 0"/>
                <Fish selector="15" direction="1, 0, 0"/>
            </Circle>
            <Point position="0, 0, 0" count="1" selector="19" direction="1, 0, 0" duration="18" speed="130" belong="false"> 
    
                <Fish />
    
            </Point>

        </Generator>  
    </Group>  


    <Group id="11">
        <Generator delay="0" count="1" interval="1">
            <Point position="0, 0, 0" count="1" selector="6" direction="1, 0, 0" duration="12">
                <Group />
            </Point>
        </Generator> 
        <Generator delay="3.5" count="1" interval="1">
            <Point position="0, 0, 0" count="1" selector="7" direction="1, 0, 0" duration="12">
                <Group />
            </Point>
        </Generator>
        <Generator delay="7" count="1" interval="1">
            <Point position="0, 0, 0" count="1" selector="8" direction="1, 0, 0" duration="18">
                <Group />
            </Point>
        </Generator>
        <Generator delay="10.5" count="1" interval="1">
            <Point position="0, 0, 0" count="1" selector="7" direction="1, 0, 0" duration="12">
                <Group />
            </Point>
        </Generator>
        <Generator delay="14" count="1" interval="1">
            <Point position="0, 0, 0" count="1" selector="6" direction="1, 0, 0" duration="12">
                <Group />
            </Point>
        </Generator>
        <Generator delay="17.5" count="1" interval="1">
            <Point position="0, 0, 0" count="1" selector="9" direction="1, 0, 0" duration="18">
                <Group />
            </Point>
        </Generator>
        <Generator delay="21" count="1" interval="1">
            <Point position="0, 0, 0" count="1" selector="6" direction="1, 0, 0" duration="12">
                <Group />
            </Point>
        </Generator>
        <Generator delay="24.5" count="1" interval="1">
            <Point position="0, 0, 0" count="1" selector="7" direction="1, 0, 0" duration="12">
                <Group />
            </Point>
        </Generator>
        <Generator delay="28" count="1" interval="1">
            <Point position="0, 0, 0" count="1" selector="10" direction="1, 0, 0" duration="18">
                <Group />
            </Point>
        </Generator>
        <Generator delay="31.5" count="1" interval="1">
            <Point position="0, 0, 0" count="1" selector="7" direction="1, 0, 0" duration="12">
                <Group />
            </Point>
        </Generator>
        <Generator delay="35" count="1" interval="1">
            <Point position="0, 0, 0" count="1" selector="6" direction="1, 0, 0" duration="12">
                <Group />
            </Point>
        </Generator>
    </Group>  


    <Group id="12">
         <!-- <Transform>
            <!-- <Spawn>
             <Scale from="1.3" to="1.3" duration="100"/>
            </Spawn> 
        </Transform> -->
        <Generator delay="0" count="70" interval="0.65" >
            <Point position="0, 0, 0" count="1" direction="1, 0, 0" motion="path" pathId="6" speed="150" duration="0">
    
                <Fish selector="7" direction="1, 0, 0"/>

            </Point>
    
        </Generator>

        
    </Group> 



</GroupDefinition>

<TroopSet id="1">

	<DescribeText content="快看！快看！！快看！！！" />
	<DescribeText content="有两大波鱼要打起来了！" />

	<StartGroup>
		<Group selector="11" position="0, 0, 0" motion="direction" duration="60"/>
	</StartGroup>

</TroopSet>

<TroopSet id="2">

	<DescribeText content="快看！快看！！快看！！！" />
	<DescribeText content="有两大波鱼要打起来了！" />

	<StartGroup>
		<Group selector="2" position="0, 0, 0" motion="direction" duration="45"/>
	</StartGroup>

</TroopSet>

<TroopSet id="3">

	<DescribeText content="快看！快看！！快看！！！" />
	<DescribeText content="有两大波鱼要打起来了！" />

	<StartGroup>
		<Group selector="5" position="0,0, 0" motion="direction" duration="70"/>
	</StartGroup>

</TroopSet>

<TroopSet id="4">

	<DescribeText content="快看！快看！！快看！！！" />
	<DescribeText content="有两大波鱼要打起来了！" />

	<StartGroup>
		<Group selector="12" position="0,0, 0" motion="direction" duration="120"/>
	</StartGroup>

</TroopSet>
