<?xml version="1.0"?>

<FishTypeSelector>

	<Selector id="0" type="0" weight="100"/>
    <Selector id="1" type="1" weight="100"/>
    <Selector id="2" type="2" weight="100"/>
    <Selector id="3" type="3" weight="100"/>
    <Selector id="4" type="4" weight="100"/>
    <Selector id="5" type="5" weight="100"/>
    <Selector id="6" type="6" weight="100"/>
    <Selector id="7" type="7" weight="100"/>
    <Selector id="8" type="8" weight="100"/>
    <Selector id="9" type="9" weight="100"/>
    <Selector id="10" type="10" weight="100"/>
    <Selector id="11" type="11" weight="100"/>
    <Selector id="12" type="12" weight="100"/>
    <Selector id="13" type="13" weight="100"/>
    <Selector id="14" type="14" weight="100"/>
    <Selector id="15" type="15" weight="100"/>
    <Selector id="16" type="16" weight="100"/>
    <Selector id="17" type="17" weight="100"/>
    <Selector id="18" type="18" weight="100"/>
    <Selector id="19" type="19" weight="100"/>
    <Selector id="20" type="20" weight="100"/>

</FishTypeSelector>

<GroupDefinition>
    
 	 <Group id="1">

		 <Generator delay="0" count="1" interval="10">
			
            <Circle center="0, 0, 0" axis="0, 1, 0" startRadius="350" count="20" interval="18" >
                <Fish selector="3" direction="1, 0, 0"/>
                <Fish selector="3" direction="1, 0, 0"/>
                <Fish selector="3" direction="1, 0, 0"/>
                <Fish selector="3" direction="1, 0, 0"/>
                <Fish selector="3" direction="1, 0, 0"/>
                <Fish selector="3" direction="1, 0, 0"/>
                <Fish selector="3" direction="1, 0, 0"/>
                <Fish selector="3" direction="1, 0, 0"/>
                <Fish selector="3" direction="1, 0, 0"/>
                <Fish selector="3" direction="1, 0, 0"/>
                <Fish selector="3" direction="1, 0, 0"/>
                <Fish selector="3" direction="1, 0, 0"/>
                <Fish selector="3" direction="1, 0, 0"/>
                <Fish selector="3" direction="1, 0, 0"/>
                <Fish selector="3" direction="1, 0, 0"/>
                <Fish selector="3" direction="1, 0, 0"/>
                <Fish selector="3" direction="1, 0, 0"/>
                <Fish selector="3" direction="1, 0, 0"/>
                <Fish selector="3" direction="1, 0, 0"/>
                <Fish selector="3" direction="1, 0, 0"/>
            </Circle>
          
          
            <Circle center="0, 0, 0" axis="0, 0.87, -0.5" startRadius="350" count="20" interval="18" >
                <Fish selector="3" direction="1, 0, 0"/>
                <Fish selector="3" direction="1, 0, 0"/>
                <Fish selector="3" direction="1, 0, 0"/>
                <Fish selector="3" direction="1, 0, 0"/>
                <Fish selector="3" direction="1, 0, 0"/>
                <Fish selector="3" direction="1, 0, 0"/>
                <Fish selector="3" direction="1, 0, 0"/>
                <Fish selector="3" direction="1, 0, 0"/>
                <Fish selector="3" direction="1, 0, 0"/>
                <Fish selector="3" direction="1, 0, 0"/>
                <Fish selector="3" direction="1, 0, 0"/>
                <Fish selector="3" direction="1, 0, 0"/>
                <Fish selector="3" direction="1, 0, 0"/>
                <Fish selector="3" direction="1, 0, 0"/>
                <Fish selector="3" direction="1, 0, 0"/>
                <Fish selector="3" direction="1, 0, 0"/>
                <Fish selector="3" direction="1, 0, 0"/>
                <Fish selector="3" direction="1, 0, 0"/>
                <Fish selector="3" direction="1, 0, 0"/>
                <Fish selector="3" direction="1, 0, 0"/>
            </Circle>

            <Circle center="0, 0, 0" axis="1, 0, 0" startRadius="350" count="20" interval="18" >
                <Fish selector="3" direction="1, 0, 0"/>
                <Fish selector="3" direction="1, 0, 0"/>
                <Fish selector="3" direction="1, 0, 0"/>
                <Fish selector="3" direction="1, 0, 0"/>
                <Fish selector="3" direction="1, 0, 0"/>
                <Fish selector="3" direction="1, 0, 0"/>
                <Fish selector="3" direction="1, 0, 0"/>
                <Fish selector="3" direction="1, 0, 0"/>
                <Fish selector="3" direction="1, 0, 0"/>
                <Fish selector="3" direction="1, 0, 0"/>
                <Fish selector="3" direction="1, 0, 0"/>
                <Fish selector="3" direction="1, 0, 0"/>
                <Fish selector="3" direction="1, 0, 0"/>
                <Fish selector="3" direction="1, 0, 0"/>
                <Fish selector="3" direction="1, 0, 0"/>
                <Fish selector="3" direction="1, 0, 0"/>
                <Fish selector="3" direction="1, 0, 0"/>
                <Fish selector="3" direction="1, 0, 0"/>
                <Fish selector="3" direction="1, 0, 0"/>
                <Fish selector="3" direction="1, 0, 0"/>
            </Circle>

	    </Generator> 
        
	 </Group> 
    
</GroupDefinition>

<TroopSet id="1">

	<DescribeText content="快看！快看！！快看！！！" />
	<DescribeText content="有两大波鱼要打起来了！" />

	<StartGroup>
		<Group selector="1" position="667, 375, -350" motion="direction" duration="30000"/>
	</StartGroup>

</TroopSet>
