<?xml version="1.0"?>
<!-- 有关鱼的资源的定义 -->
<VisualSet>
	<!--小黄鱼1 time or frame -->
	<Visual Id="1" TypeID="0" Collision="xiaohuangyu" effectLevel="0">
        <Live Image="xiaohuangyu" Name="move" AniType="0" Scale="0.15" OffestX="0" OffestY="0" Direction="0" ffrom="0" fto="160"  Skin="true"/>
        <Hurt Image="xiaohuangyu" Scale="0.15" OffestX="0" OffestY="0" ffrom="260" fto="282" Skin="true"/>
        <Die  Image="xiaohuangyu" Name="move" AniType="0" Scale="0.15" OffestX="0" OffestY="0" Direction="0" ffrom="200" fto="240" Skin="true"/>
	</Visual>
    <!--扯旗鱼2 time or frame -->
    <Visual Id="2" TypeID="0" Collision="cheqiyu" effectLevel="0">
        <Live Image="cheqiyu" Name="move" AniType="0" Scale="0.15" OffestX="0" OffestY="0" Direction="0" ffrom="0" fto="60"  Skin="true"/>
        <Hurt Image="cheqiyu"  Scale="0.15" OffestX="0" OffestY="0" ffrom="76" fto="98"  Skin="true"/>
        <Die  Image="cheqiyu" Name="move" AniType="0" Scale="0.15" OffestX="0" OffestY="0" Direction="0" ffrom="150" fto="162" Skin="true"/>
    </Visual>
    <!--鲂鱼3 time or frame -->
    <Visual Id="3" TypeID="0" Collision="fangyu" effectLevel="0">
        <Live Image="fangyu" Name="move" AniType="0" Scale="0.10" OffestX="0" OffestY="0" Direction="0" ffrom="0" fto="26"  Skin="true"/>
        <Hurt Image="fangyu" Scale="0.10" OffestX="0" OffestY="0"  ffrom="60" fto="77"  Skin="true"/>
        <Active Image="fangyu" Scale="0.10" OffestX="0" OffestY="0"  ffrom="280" fto="384"  Skin="true"/>
        <Die  Image="fangyu" Name="move" AniType="0" Scale="0.10" OffestX="0" OffestY="0" Direction="0" ffrom="190" fto="219" Skin="true"/>
    </Visual>
    <!--金枪鱼_绿4 time or frame -->
    <Visual Id="4" TypeID="0" Collision="jinqiangyu" effectLevel="0">
        <Live Image="jinqiangyu" Name="move" AniType="0" Scale="0.2" OffestX="0" OffestY="0" Direction="0" ffrom="0" fto="32"  Skin="true"/>
        <Hurt Image="jinqiangyu" Scale="0.2" OffestX="0" OffestY="0"  ffrom="200" fto="214"  Skin="true"/>
        <Die  Image="jinqiangyu" Name="move" AniType="0" Scale="0.2" OffestX="0" OffestY="0" Direction="0" ffrom="250" fto="278" Skin="true"/>
    </Visual>
    <!--金枪鱼_红5 time or frame -->
    <Visual Id="5" TypeID="0" Collision="jinqiangyu_red" effectLevel="1">
        <Live Image="jinqiangyu_red" Name="move" AniType="0" Scale="0.2" OffestX="0" OffestY="0" Direction="0" ffrom="0" fto="32"  Skin="true"/>
        <Hurt Image="jinqiangyu_red" Scale="0.2" OffestX="0" OffestY="0" ffrom="0" fto="32"  Skin="true"/>
        <Die  Image="jinqiangyu_red" Name="move" AniType="0" Scale="0.2" OffestX="0" OffestY="0" Direction="0" ffrom="250" fto="278" Skin="true"/>
    </Visual>
    <!--金枪鱼_黄6 time or frame -->
    <Visual Id="6" TypeID="0" Collision="jinqiangyu_gold" effectLevel="1">
        <Live Image="jinqiangyu_gold" Name="move" AniType="0" Scale="0.2" OffestX="0" OffestY="0" Direction="0" ffrom="0" fto="32"  Skin="true"/>
        <Hurt Image="jinqiangyu_gold" Scale="0.2" OffestX="0" OffestY="0" ffrom="200" fto="214"  Skin="true"/>
        <Die  Image="jinqiangyu_gold" Name="move" AniType="0" Scale="0.2" OffestX="0" OffestY="0" Direction="0" ffrom="250" fto="278" Skin="true"/>
    </Visual>
    <!--金枪鱼_蓝7 time or frame -->
    <Visual Id="7" TypeID="0" Collision="jinqiangyu_blue" effectLevel="1">
        <Live Image="jinqiangyu_blue" Name="move" AniType="0" Scale="0.2" OffestX="0" OffestY="0" Direction="0" ffrom="0" fto="32"  Skin="true"/>
        <Hurt Image="jinqiangyu_blue" Scale="0.2" OffestX="0" OffestY="0" ffrom="200" fto="214"  Skin="true"/>
        <Die  Image="jinqiangyu_blue" Name="move" AniType="0" Scale="0.2" OffestX="0" OffestY="0" Direction="0" ffrom="250" fto="278" Skin="true"/>
    </Visual>
    <!--小丑鱼8 time or frame -->
    <Visual Id="8" TypeID="0" Collision="xiaochouyu" effectLevel="2">
        <Live Image="xiaochouyu" Name="move" AniType="0" Scale="0.125" OffestX="0" OffestY="0" Direction="0" ffrom="0" fto="54"  Skin="true"/>
        <Hurt Image="xiaochouyu" Scale="0.125" OffestX="0" OffestY="0" ffrom="630" fto="650"  Skin="true"/>
        <Active Image="xiaochouyu" Scale="0.125" OffestX="0" OffestY="0" ffrom="71" fto="260"  Skin="true"/>
        <Active Image="xiaochouyu" Scale="0.125" OffestX="0" OffestY="0" ffrom="260" fto="478"  Skin="true"/>
        <Die  Image="xiaochouyu" Name="move" AniType="0" Scale="0.125" OffestX="0" OffestY="0" Direction="0" ffrom="600" fto="620" Skin="true"/>
    </Visual>
    <!--河豚9 time or frame -->
    <Visual Id="9" TypeID="0" Collision="hetun-1" effectLevel="2">
        <Live Image="hetun-1" Name="move" AniType="0" Scale="0.125" OffestX="0" OffestY="0" Direction="0" ffrom="0" fto="90"  Skin="true"/>
        <Hurt Image="hetun-1" Scale="0.125" OffestX="0" OffestY="0" ffrom="720" fto="742"  Skin="true"/>
        <Active Image="hetun-1" Scale="0.125" OffestX="0" OffestY="0" ffrom="100" fto="280"  Skin="true"/>
        <Active Image="hetun-1" Scale="0.125" OffestX="0" OffestY="0" ffrom="300" fto="462"  Skin="true"/>
        <Active Image="hetun-1" Scale="0.125" OffestX="0" OffestY="0" ffrom="550" fto="610"  Skin="true"/>
        <Die  Image="hetun-1" Name="move" AniType="0" Scale="0.125" OffestX="0" OffestY="0" Direction="0" ffrom="620" fto="640" Skin="true"/>
    </Visual>
    <!--灯笼鱼10 time or frame -->
    <Visual Id="10" TypeID="0" Collision="denglongyu" effectLevel="2">
        <Live Image="denglongyu" Name="move" AniType="0" Scale="0.125" OffestX="0" OffestY="0" Direction="0" ffrom="0" fto="48"  Skin="true"/>
        <Hurt Image="denglongyu" Scale="0.125" OffestX="0" OffestY="0" ffrom="300" fto="320"  Skin="true"/>
        <Active Image="denglongyu" Scale="0.125" OffestX="0" OffestY="0" ffrom="100" fto="244"  Skin="true"/>
        <Die  Image="denglongyu" Name="move" AniType="0" Scale="0.125" OffestX="0" OffestY="0" Direction="0" ffrom="400" fto="450" Skin="true"/>
    </Visual>
    <!--海龟11 time or frame -->
    <Visual Id="11" TypeID="0" Collision="haigui" effectLevel="3">
        <Live Image="haigui" Name="move" AniType="0" Scale="0.15" OffestX="0" OffestY="0" Direction="0" ffrom="0" fto="80"  Skin="true"/>
        <Hurt Image="haigui" Scale="0.15" OffestX="0" OffestY="0" ffrom="400" fto="443" Skin="true"/>
        <Die  Image="haigui" Name="move" AniType="0" Scale="0.15" OffestX="0" OffestY="0" Direction="0" ffrom="500" fto="531" Skin="true"/>
    </Visual>
    <!--天使鱼12 time or frame -->
    <Visual Id="12" TypeID="0" Collision="tianshiyu" effectLevel="1">
        <Live Image="tianshiyu" Name="move" AniType="0" Scale="0.15" OffestX="0" OffestY="0" Direction="0" ffrom="0" fto="16"  Skin="true"/>
        <Hurt Image="tianshiyu" Scale="0.15" OffestX="0" OffestY="0" ffrom="30" fto="46"  Skin="true"/>
        <Die  Image="tianshiyu" Name="move" AniType="0" Scale="0.15" OffestX="0" OffestY="0" Direction="0" ffrom="50" fto="73" Skin="true"/>
    </Visual>
    <!--狮子鱼13 time or frame -->
    <Visual Id="13" TypeID="0" Collision="shiziyu" effectLevel="2">
        <Live Image="shiziyu" Name="move" AniType="0" Scale="0.2" OffestX="0" OffestY="0" Direction="0" ffrom="0" fto="96"  Skin="true"/>
        <Hurt Image="shiziyu" Scale="0.2" OffestX="0" OffestY="0" ffrom="100" fto="124"  Skin="true"/>
        <Active Image="shiziyu" Scale="0.2" OffestX="0" OffestY="0" ffrom="150" fto="356"  Skin="true"/>       
        <Die  Image="shiziyu" Name="move" AniType="0" Scale="0.2" OffestX="0" OffestY="0" Direction="0" ffrom="400" fto="445" Skin="true"/>
    </Visual>
    <!--电鳗鱼14 time or frame -->
    <Visual Id="14" TypeID="0" Collision="dianmanyu" effectLevel="3">
        <Live Image="dianmanyu" Name="move" AniType="0" Scale="0.25" OffestX="0" OffestY="0" Direction="0" ffrom="0" fto="60"  Skin="true"/>
        <Hurt Image="dianmanyu" Scale="0.25" OffestX="0" OffestY="0" ffrom="100" fto="115"  Skin="true"/>
        <Active Image="dianmanyu" Scale="0.25" OffestX="0" OffestY="0" ffrom="277" fto="457"  Skin="true"/>
        <Die  Image="dianmanyu" Name="move" AniType="0" Scale="0.25" OffestX="0" OffestY="0" Direction="0" ffrom="150" fto="184" Skin="true"/>
    </Visual>
    <!--帝鲶鱼15 time or frame -->
    <Visual Id="15" TypeID="0" Collision="dinianyu" effectLevel="1">
        <Live Image="dinianyu" Name="move" AniType="0" Scale="0.125" OffestX="0" OffestY="0" Direction="0" ffrom="0" fto="32"  Skin="true"/>
        <Hurt Image="dinianyu" Scale="0.125" OffestX="0" OffestY="0" ffrom="250" fto="263"  Skin="true"/>
        <Active Image="dinianyu" Scale="0.125" OffestX="0" OffestY="0" ffrom="80" fto="208"  Skin="true"/>
        <Die  Image="dinianyu" Name="move" AniType="0" Scale="0.125" OffestX="0" OffestY="0" Direction="0" ffrom="300" fto="358" Skin="true"/>
    </Visual>
    <!--剑鱼16 time or frame -->
    <Visual Id="16" TypeID="0" Collision="jianyu" effectLevel="3">
        <Live Image="jianyu" Name="move" AniType="0" Scale="0.15" OffestX="0" OffestY="0" Direction="0" ffrom="0" fto="80"  Skin="true"/>
        <Hurt Image="jianyu" Scale="0.15" OffestX="0" OffestY="0" ffrom="199" fto="228"  Skin="true"/>
        <Active Image="jianyu" Scale="0.15" OffestX="0" OffestY="0" ffrom="100" fto="185"  Skin="true"/>
        <Die  Image="jianyu" Name="move" AniType="0" Scale="0.15" OffestX="0" OffestY="0" Direction="0" ffrom="300" fto="354" Skin="true"/>
    </Visual>
    <!--蝙蝠鱼17 time or frame -->
    <Visual Id="17" TypeID="0" Collision="bianfuyu" effectLevel="3">
        <Live Image="bianfuyu" Name="move" AniType="0" Scale="0.125" OffestX="0" OffestY="0" Direction="0" ffrom="0" fto="60"  Skin="true"/>
        <Hurt Image="bianfuyu" Scale="0.125" OffestX="0" OffestY="0" ffrom="150" fto="166"  Skin="true"/>
        <Active Image="bianfuyu" Scale="0.125" OffestX="0" OffestY="0" ffrom="280" fto="460"  Skin="true"/>
        <Active Image="bianfuyu" Scale="0.125" OffestX="0" OffestY="0" ffrom="720" fto="853"  Skin="true"/>
        <Active Image="bianfuyu" Scale="0.125" OffestX="0" OffestY="0" ffrom="920" fto="1326"  Skin="true"/>
        <Die  Image="bianfuyu" Name="move" AniType="0" Scale="0.125" OffestX="0" OffestY="0" Direction="0" ffrom="190" fto="244" Skin="true"/>
    </Visual>
    <!--鲨鱼18 time or frame -->
    <Visual Id="18" TypeID="0" Collision="shayu" effectLevel="4">
        <Live Image="shayu" Name="move" AniType="0" Scale="0.13" OffestX="0" OffestY="0" Direction="0" ffrom="0" fto="32"  Skin="true"/>
        <Hurt Image="shayu" Scale="0.13" OffestX="0" OffestY="0" ffrom="572" fto="594"  Skin="true"/>
        <Active Image="shayu" Scale="0.13" OffestX="0" OffestY="0" ffrom="100" fto="260"  Skin="true"/>
        <Active Image="shayu" Scale="0.13" OffestX="0" OffestY="0" ffrom="300" fto="490"  Skin="true"/>
        <Active Image="shayu" Scale="0.13" OffestX="0" OffestY="0" ffrom="740" fto="840"  Skin="true"/>
        <Die  Image="shayu" Name="move" AniType="0" Scale="0.13" OffestX="0" OffestY="0" Direction="0" ffrom="500" fto="554" Skin="true"/>
    </Visual>
    <!--黄金鲨鱼19 time or frame -->
    <Visual Id="19" TypeID="0" Collision="shayu_j2" effectLevel="4">
        <Live Image="shayu_j2" Name="move" AniType="0" Scale="0.13" OffestX="0" OffestY="0" Direction="0" ffrom="0" fto="32"  Skin="true"/>
        <Hurt Image="shayu_j2" Scale="0.13" OffestX="0" OffestY="0" ffrom="572" fto="594"  Skin="true"/>
        <Active Image="shayu_j2" Scale="0.13" OffestX="0" OffestY="0" ffrom="100" fto="260"  Skin="true"/>
        <Active Image="shayu_j2" Scale="0.13" OffestX="0" OffestY="0" ffrom="300" fto="490"  Skin="true"/>
        <Active Image="shayu_j2" Scale="0.13" OffestX="0" OffestY="0" ffrom="740" fto="840"  Skin="true"/>
        <Die  Image="shayu_j2" Name="move" AniType="0" Scale="0.13" OffestX="0" OffestY="0" Direction="0" ffrom="500" fto="554" Skin="true"/>
    </Visual>    
    <!--超级炸弹 time or frame -->
    <Visual Id="500" TypeID="0" Collision="yulei" effectLevel="0">
        <Live Image="yulei" Name="move" AniType="0" Scale="4.0" OffestX="0" OffestY="0" Direction="0" ffrom="80" fto="100"  Skin="true"/>
        <Hurt Image="yulei" Scale="4.0" OffestX="0" OffestY="0" ffrom="80" fto="100" Skin="true"/>
        <Die  Image="yulei" Name="move" AniType="0" Scale="4.0" OffestX="0" OffestY="0" Direction="0" ffrom="80" fto="100" Skin="true"/>
    </Visual>
    <!--局部炸弹 time or frame -->
    <Visual Id="501" TypeID="0" Collision="yulei" effectLevel="0">
        <Live Image="yulei" Name="move" AniType="0" Scale="4.0" OffestX="0" OffestY="0" Direction="0" ffrom="0" fto="12"  Skin="true"/>
        <Hurt Image="yulei" Scale="4.0" OffestX="0" OffestY="0" ffrom="80" fto="100" Skin="true"/>
        <Die  Image="yulei" Name="move" AniType="0" Scale="4.0" OffestX="0" OffestY="0" Direction="0" ffrom="0" fto="12" Skin="true"/>
    </Visual> 
    <!--局部炸弹 time or frame -->
    <Visual Id="505" TypeID="0" Collision="quan" effectLevel="0">
        <Live Image="quan" Name="move" AniType="0" Scale="4.0" OffestX="0" OffestY="0" Direction="0" ffrom="0" fto="20"  Skin="false"/>
        <Hurt Image="quan" Scale="4.0" OffestX="0" OffestY="0" ffrom="0" fto="20" Skin="true"/>
        <Die  Image="quan" Name="move" AniType="0" Scale="4.0" OffestX="0" OffestY="0" Direction="0" ffrom="0" fto="20" Skin="false"/>
    </Visual>               
    <!--连锁闪电小黄鱼1 time or frame -->
	  <Visual Id="200" TypeID="1" Collision="xiaohuangyu" effectLevel="0">
	  	  <Visual Id="1" Scale="1" OffestX="0" OffestY="0" OffestZ="0"/>
	  	  <Visual Id="505" Scale="1" OffestX="0" OffestY="0" OffestZ="0"/>
	  </Visual>
    <!--连锁闪电扯旗鱼2 time or frame -->
    <Visual Id="201" TypeID="1" Collision="cheqiyu" effectLevel="0">
        <Visual Id="2" Scale="1" OffestX="0" OffestY="0" OffestZ="0"/>
        <Visual Id="505" Scale="1" OffestX="0" OffestY="0" OffestZ="0"/>
    </Visual>
    <!--连锁闪电鲂鱼3 time or frame -->
    <Visual Id="202" TypeID="1" Collision="fangyu" effectLevel="0">
       <Visual Id="3" Scale="1" OffestX="0" OffestY="0" OffestZ="0"/>
       <Visual Id="505" Scale="1" OffestX="0" OffestY="0" OffestZ="0"/>
    </Visual>
    <!--连锁闪电金枪鱼_绿4 time or frame -->
    <Visual Id="203" TypeID="1" Collision="jinqiangyu" effectLevel="0">
        <Visual Id="4" Scale="1" OffestX="0" OffestY="0" OffestZ="0"/>
        <Visual Id="505" Scale="1" OffestX="0" OffestY="0" OffestZ="0"/>
    </Visual>
    <!--连锁闪电金枪鱼_红5 time or frame -->
    <Visual Id="204" TypeID="1" Collision="jinqiangyu_red" effectLevel="1">
        <Visual Id="5" Scale="1" OffestX="0" OffestY="0" OffestZ="0"/>
        <Visual Id="505" Scale="1" OffestX="0" OffestY="0" OffestZ="0"/>
    </Visual>
    <!--连锁闪电金枪鱼_黄6 time or frame -->
    <Visual Id="205" TypeID="1" Collision="jinqiangyu_gold" effectLevel="1">
        <Visual Id="6" Scale="1" OffestX="0" OffestY="0" OffestZ="0"/>
        <Visual Id="505" Scale="1" OffestX="0" OffestY="0" OffestZ="0"/>
    </Visual>
    <!--连锁闪电金枪鱼_蓝7 time or frame -->
    <Visual Id="206" TypeID="1" Collision="jinqiangyu_blue" effectLevel="1">
        <Visual Id="7" Scale="1" OffestX="0" OffestY="0" OffestZ="0"/>
        <Visual Id="505" Scale="1" OffestX="0" OffestY="0" OffestZ="0"/>
    </Visual>
    <!--连锁闪电天使鱼8 time or frame -->
    <Visual Id="207" TypeID="1" Collision="tianshiyu" effectLevel="1">
        <Visual Id="12" Scale="1" OffestX="0" OffestY="0" OffestZ="0"/>
        <Visual Id="505" Scale="1" OffestX="0" OffestY="0" OffestZ="0"/>
    </Visual>  
    <!--连锁闪电帝鲶鱼9 time or frame -->
    <Visual Id="208" TypeID="1" Collision="dinianyu" effectLevel="1">
        <Visual Id="15" Scale="1" OffestX="0" OffestY="0" OffestZ="0"/>
        <Visual Id="505" Scale="1" OffestX="0" OffestY="0" OffestZ="0"/>
    </Visual>
    <!--连锁闪电小黄鱼1 time or frame -->
	  <Visual Id="210" TypeID="1" Collision="xiaohuangyu" effectLevel="0">
        <Visual Id="1" Scale="1" OffestX="0" OffestY="0" OffestZ="0"/>
        <Visual Id="505" Scale="1" OffestX="0" OffestY="0" OffestZ="0"/>
	  </Visual>
    <!--连锁闪电扯旗鱼2 time or frame -->
    <Visual Id="211" TypeID="1" Collision="cheqiyu" effectLevel="0">
        <Visual Id="2" Scale="1" OffestX="0" OffestY="0" OffestZ="0"/>
        <Visual Id="505" Scale="1" OffestX="0" OffestY="0" OffestZ="0"/>
    </Visual>
    <!--连锁闪电鲂鱼3 time or frame -->
    <Visual Id="212" TypeID="1" Collision="fangyu" effectLevel="0">
        <Visual Id="3" Scale="1" OffestX="0" OffestY="0" OffestZ="0"/>
        <Visual Id="505" Scale="1" OffestX="0" OffestY="0" OffestZ="0"/>
    </Visual>
    <!--连锁闪电金枪鱼_绿4 time or frame -->
    <Visual Id="213" TypeID="1" Collision="jinqiangyu" effectLevel="0">
        <Visual Id="4" Scale="1" OffestX="0" OffestY="0" OffestZ="0"/>
        <Visual Id="505" Scale="1" OffestX="0" OffestY="0" OffestZ="0"/>
    </Visual>
    <!--连锁闪电金枪鱼_红5 time or frame -->
    <Visual Id="214" TypeID="1" Collision="jinqiangyu_red" effectLevel="1">
        <Visual Id="5" Scale="1" OffestX="0" OffestY="0" OffestZ="0"/>
        <Visual Id="505" Scale="1" OffestX="0" OffestY="0" OffestZ="0"/>
    </Visual>
    <!--连锁闪电金枪鱼_黄6 time or frame -->
    <Visual Id="215" TypeID="1" Collision="jinqiangyu_gold" effectLevel="1">
        <Visual Id="6" Scale="1" OffestX="0" OffestY="0" OffestZ="0"/>
        <Visual Id="505" Scale="1" OffestX="0" OffestY="0" OffestZ="0"/>
    </Visual>
    <!--连锁闪电金枪鱼_蓝7 time or frame -->
    <Visual Id="216" TypeID="1" Collision="jinqiangyu_blue" effectLevel="1">
        <Visual Id="7" Scale="1" OffestX="0" OffestY="0" OffestZ="0"/>
        <Visual Id="505" Scale="1" OffestX="0" OffestY="0" OffestZ="0"/>
    </Visual>
    <!--连锁闪电天使鱼8 time or frame -->
    <Visual Id="217" TypeID="1" Collision="tianshiyu" effectLevel="1">
        <Visual Id="12" Scale="1" OffestX="0" OffestY="0" OffestZ="0"/>
        <Visual Id="505" Scale="1" OffestX="0" OffestY="0" OffestZ="0"/>
    </Visual>  
    <!--连锁闪电帝鲶鱼9 time or frame -->
    <Visual Id="218" TypeID="1" Collision="dinianyu" effectLevel="1">
        <Visual Id="15" Scale="1" OffestX="0" OffestY="0" OffestZ="0"/>
        <Visual Id="505" Scale="1" OffestX="0" OffestY="0" OffestZ="0"/>
    </Visual>
    <!--金玉满堂1 time or frame -->
    <Visual Id="300" TypeID="1" Collision="quan" effectLevel="1">
        <Visual Id="2" Scale="1" OffestX="0" OffestY="0" OffestZ="0"/>
        <Visual Id="3" Scale="1" OffestX="0" OffestY="0" OffestZ="0"/>
        <Visual Id="1" Scale="1" OffestX="0" OffestY="0" OffestZ="0"/>
        <Visual Id="9" Scale="1" OffestX="0" OffestY="0" OffestZ="0"/>
        <Visual Id="10" Scale="1" OffestX="0" OffestY="0" OffestZ="0"/>
        <Visual Id="505" Scale="1" OffestX="0" OffestY="0" OffestZ="0"/>
    </Visual>
    <!--金玉满堂2 time or frame -->
    <Visual Id="301" TypeID="1" Collision="quan" effectLevel="1">
        <Visual Id="2" Scale="1" OffestX="0" OffestY="0" OffestZ="0"/>
        <Visual Id="3" Scale="1" OffestX="0" OffestY="0" OffestZ="0"/>
        <Visual Id="5" Scale="1" OffestX="0" OffestY="0" OffestZ="0"/>
        <Visual Id="6" Scale="1" OffestX="0" OffestY="0" OffestZ="0"/>
        <Visual Id="7" Scale="1" OffestX="0" OffestY="0" OffestZ="0"/>
        <Visual Id="505" Scale="1" OffestX="0" OffestY="0" OffestZ="0"/>
    </Visual>  
    <!--小黄鱼王1 time or frame -->
	  <Visual Id="601" TypeID="1" Collision="quan" effectLevel="0">
       <Visual Id="1" Scale="1" OffestX="0" OffestY="0" OffestZ="0"/>
       <Visual Id="505" Scale="1" OffestX="0" OffestY="0" OffestZ="0"/>
	  </Visual>
    <!--连扯旗鱼王2 time or frame -->
    <Visual Id="602" TypeID="1" Collision="quan" effectLevel="0">
        <Visual Id="2" Scale="1" OffestX="0" OffestY="0" OffestZ="0"/>
        <Visual Id="505" Scale="1" OffestX="0" OffestY="0" OffestZ="0"/>
    </Visual>
    <!--鲂鱼王3 time or frame -->
    <Visual Id="603" TypeID="1" Collision="quan" effectLevel="0">
        <Visual Id="3" Scale="1" OffestX="0" OffestY="0" OffestZ="0"/>
        <Visual Id="505" Scale="1" OffestX="0" OffestY="0" OffestZ="0"/>
    </Visual>
    <!--金枪鱼_绿王4 time or frame -->
    <Visual Id="604" TypeID="1" Collision="quan" effectLevel="0">
        <Visual Id="4" Scale="1" OffestX="0" OffestY="0" OffestZ="0"/>
        <Visual Id="505" Scale="1" OffestX="0" OffestY="0" OffestZ="0"/>
    </Visual>
    <!--金枪鱼_红王5 time or frame -->
    <Visual Id="605" TypeID="1" Collision="quan" effectLevel="1">
        <Visual Id="5" Scale="1" OffestX="0" OffestY="0" OffestZ="0"/>
        <Visual Id="505" Scale="1" OffestX="0" OffestY="0" OffestZ="0"/>
    </Visual>
    <!--金枪鱼_黄王6 time or frame -->
    <Visual Id="606" TypeID="1" Collision="quan" effectLevel="1">
        <Visual Id="6" Scale="1" OffestX="0" OffestY="0" OffestZ="0"/>
        <Visual Id="505" Scale="1" OffestX="0" OffestY="0" OffestZ="0"/>
    </Visual>
    <!--金枪鱼_蓝王7 time or frame -->
    <Visual Id="607" TypeID="1" Collision="quan" effectLevel="1">
        <Visual Id="7" Scale="1" OffestX="0" OffestY="0" OffestZ="0"/>
        <Visual Id="505" Scale="1" OffestX="0" OffestY="0" OffestZ="0"/>
    </Visual>
    <!--天使鱼王8 time or frame -->
    <Visual Id="608" TypeID="1" Collision="quan" effectLevel="1">
        <Visual Id="12" Scale="1" OffestX="0" OffestY="0" OffestZ="0"/>
        <Visual Id="505" Scale="1" OffestX="0" OffestY="0" OffestZ="0"/>
    </Visual>  
    <!--帝鲶鱼王9 time or frame -->
    <Visual Id="609" TypeID="1" Collision="quan" effectLevel="1">
        <Visual Id="15" Scale="1" OffestX="0" OffestY="0" OffestZ="0"/>
        <Visual Id="505" Scale="1" OffestX="0" OffestY="0" OffestZ="0"/>
    </Visual>  
    <!--一箭双雕1 time or frame -->
    <Visual Id="701" TypeID="1" Collision="quan" effectLevel="1">
        <Visual Id="1" Scale="1" OffestX="0" OffestY="0" OffestZ="0"/>
        <Visual Id="505" Scale="1" OffestX="0" OffestY="0" OffestZ="0"/>
    </Visual> 
    <!--一箭双雕2 time or frame -->
    <Visual Id="702" TypeID="1" Collision="quan" effectLevel="1">
        <Visual Id="3" Scale="1" OffestX="0" OffestY="0" OffestZ="0"/>
        <Visual Id="4" Scale="1" OffestX="0" OffestY="0" OffestZ="0"/>
        <Visual Id="505" Scale="1" OffestX="0" OffestY="0" OffestZ="0"/>
    </Visual> 
    <!--一箭双雕3 time or frame -->
    <Visual Id="703" TypeID="1" Collision="quan" effectLevel="1">
        <Visual Id="5" Scale="1" OffestX="0" OffestY="0" OffestZ="0"/>
        <Visual Id="6" Scale="1" OffestX="0" OffestY="0" OffestZ="0"/>
        <Visual Id="505" Scale="1" OffestX="0" OffestY="0" OffestZ="0"/>
    </Visual> 
    <!--一箭双雕4 time or frame -->
    <Visual Id="704" TypeID="1" Collision="quan" effectLevel="1">
        <Visual Id="7" Scale="1" OffestX="0" OffestY="0" OffestZ="0"/>
        <Visual Id="8" Scale="1" OffestX="0" OffestY="0" OffestZ="0"/>
        <Visual Id="505" Scale="1" OffestX="0" OffestY="0" OffestZ="0"/>
    </Visual> 
    <!--一箭双雕5 time or frame -->
    <Visual Id="705" TypeID="1" Collision="quan" effectLevel="1">
        <Visual Id="9" Scale="1" OffestX="0" OffestY="0" OffestZ="0"/>
        <Visual Id="10" Scale="1" OffestX="0" OffestY="0" OffestZ="0"/>
        <Visual Id="505" Scale="1" OffestX="0" OffestY="0" OffestZ="0"/>
    </Visual> 
    <!--一石三鸟1 time or frame -->
    <Visual Id="801" TypeID="1" Collision="quan" effectLevel="1">
    	<Visual Id="8" Scale="1" OffestX="0" OffestY="0" OffestZ="0"/>
        <Visual Id="9" Scale="1" OffestX="0" OffestY="0" OffestZ="0"/>
        <Visual Id="10" Scale="1" OffestX="0" OffestY="0" OffestZ="0"/>
        <Visual Id="505" Scale="1" OffestX="0" OffestY="0" OffestZ="0"/>
    </Visual> 
    <!--一石三鸟3 time or frame -->
    <Visual Id="802" TypeID="1" Collision="quan" effectLevel="1">
    	<Visual Id="12" Scale="1" OffestX="0" OffestY="0" OffestZ="0"/>
        <Visual Id="8" Scale="1" OffestX="0" OffestY="0" OffestZ="0"/>
        <Visual Id="15" Scale="1" OffestX="0" OffestY="0" OffestZ="0"/>
        <Visual Id="505" Scale="1" OffestX="0" OffestY="0" OffestZ="0"/>
    </Visual> 
    <!--一石三鸟3 time or frame -->
    <Visual Id="803" TypeID="1" Collision="quan" effectLevel="1">
    	<Visual Id="5" Scale="1" OffestX="0" OffestY="0" OffsetZ="0"/>
        <Visual Id="6" Scale="1" OffestX="0" OffestY="0" OffestZ="0"/>
        <Visual Id="7" Scale="1" OffestX="0" OffestY="0" OffestZ="0"/>
        <Visual Id="505" Scale="1" OffestX="0" OffestY="0" OffestZ="0"/>
    </Visual>     
    
</VisualSet>
