{"skeleton":{"hash":"uu9iJMlGj4xEXwRslkGd/QPwjkY","spine":"3.6.37","width":404,"height":576,"images":"./slwh_gjxc_images/"},"bones":[{"name":"root"},{"name":"hip","parent":"root"},{"name":"slwh_gjxclg","parent":"hip","y":2.09,"scaleX":4,"scaleY":4}],"slots":[{"name":"slwh_gjxclg","bone":"slwh_gjxclg","attachment":"slwh_gjxclg0","blend":"additive"}],"skins":{"default":{"slwh_gjxclg":{"slwh_gjxclg0":{"width":101,"height":144},"slwh_gjxclg1":{"width":101,"height":144},"slwh_gjxclg2":{"width":101,"height":144},"slwh_gjxclg3":{"width":101,"height":144},"slwh_gjxclg4":{"width":101,"height":144},"slwh_gjxclg5":{"width":101,"height":144},"slwh_gjxclg6":{"width":101,"height":144},"slwh_gjxclg7":{"width":101,"height":144},"slwh_gjxclg8":{"width":101,"height":144},"slwh_gjxclg9":{"width":101,"height":144},"slwh_gjxclg10":{"width":101,"height":144},"slwh_gjxclg11":{"width":101,"height":144},"slwh_gjxclg12":{"width":101,"height":144},"slwh_gjxclg13":{"width":101,"height":144},"slwh_gjxclg14":{"width":101,"height":144},"slwh_gjxclg15":{"width":101,"height":144},"slwh_gjxclg16":{"width":101,"height":144},"slwh_gjxclg17":{"width":101,"height":144},"slwh_gjxclg18":{"width":101,"height":144},"slwh_gjxclg19":{"width":101,"height":144},"slwh_gjxclg20":{"width":101,"height":144},"slwh_gjxclg21":{"width":101,"height":144},"slwh_gjxclg22":{"width":101,"height":144},"slwh_gjxclg23":{"width":101,"height":144},"slwh_gjxclg24":{"width":101,"height":144},"slwh_gjxclg25":{"width":101,"height":144},"slwh_gjxclg26":{"width":101,"height":144},"slwh_gjxclg27":{"width":101,"height":144},"slwh_gjxclg28":{"width":101,"height":144},"slwh_gjxclg29":{"width":101,"height":144},"slwh_gjxclg30":{"width":101,"height":144},"slwh_gjxclg31":{"width":101,"height":144},"slwh_gjxclg32":{"width":101,"height":144},"slwh_gjxclg33":{"width":101,"height":144},"slwh_gjxclg34":{"width":101,"height":144},"slwh_gjxclg35":{"width":101,"height":144}}}},"animations":{"animation":{"slots":{"slwh_gjxclg":{"attachment":[{"time":0,"name":"slwh_gjxclg0"},{"time":0.0667,"name":"slwh_gjxclg1"},{"time":0.1333,"name":"slwh_gjxclg2"},{"time":0.2,"name":"slwh_gjxclg3"},{"time":0.2667,"name":"slwh_gjxclg4"},{"time":0.3333,"name":"slwh_gjxclg5"},{"time":0.4,"name":"slwh_gjxclg6"},{"time":0.4667,"name":"slwh_gjxclg7"},{"time":0.5333,"name":"slwh_gjxclg8"},{"time":0.6,"name":"slwh_gjxclg9"},{"time":0.6667,"name":"slwh_gjxclg10"},{"time":0.7333,"name":"slwh_gjxclg11"},{"time":0.8,"name":"slwh_gjxclg12"},{"time":0.8667,"name":"slwh_gjxclg13"},{"time":0.9333,"name":"slwh_gjxclg14"},{"time":1,"name":"slwh_gjxclg15"},{"time":1.0667,"name":"slwh_gjxclg16"},{"time":1.1333,"name":"slwh_gjxclg17"},{"time":1.2,"name":"slwh_gjxclg18"},{"time":1.2667,"name":"slwh_gjxclg19"},{"time":1.3333,"name":"slwh_gjxclg20"},{"time":1.4,"name":"slwh_gjxclg21"},{"time":1.4667,"name":"slwh_gjxclg22"},{"time":1.5333,"name":"slwh_gjxclg23"},{"time":1.6,"name":"slwh_gjxclg24"},{"time":1.6667,"name":"slwh_gjxclg25"},{"time":1.7333,"name":"slwh_gjxclg26"},{"time":1.8,"name":"slwh_gjxclg27"},{"time":1.8667,"name":"slwh_gjxclg28"},{"time":1.9333,"name":"slwh_gjxclg29"},{"time":2,"name":"slwh_gjxclg30"},{"time":2.0667,"name":"slwh_gjxclg31"},{"time":2.1333,"name":"slwh_gjxclg32"},{"time":2.2,"name":"slwh_gjxclg33"},{"time":2.2667,"name":"slwh_gjxclg34"},{"time":2.3333,"name":"slwh_gjxclg35"},{"time":2.4,"name":"slwh_gjxclg0"},{"time":2.4667,"name":"slwh_gjxclg1"},{"time":2.5333,"name":"slwh_gjxclg2"},{"time":2.6,"name":"slwh_gjxclg3"},{"time":2.6667,"name":"slwh_gjxclg4"},{"time":2.7333,"name":"slwh_gjxclg5"},{"time":2.8,"name":"slwh_gjxclg6"},{"time":2.8667,"name":"slwh_gjxclg7"},{"time":2.9333,"name":"slwh_gjxclg8"},{"time":3,"name":"slwh_gjxclg9"},{"time":3.0667,"name":"slwh_gjxclg10"},{"time":3.1333,"name":"slwh_gjxclg11"},{"time":3.2,"name":"slwh_gjxclg12"},{"time":3.2667,"name":"slwh_gjxclg13"},{"time":3.3333,"name":"slwh_gjxclg14"},{"time":3.4,"name":"slwh_gjxclg15"},{"time":3.4667,"name":"slwh_gjxclg16"},{"time":3.5333,"name":"slwh_gjxclg17"},{"time":3.6,"name":"slwh_gjxclg18"},{"time":3.6667,"name":"slwh_gjxclg19"},{"time":3.7333,"name":"slwh_gjxclg20"},{"time":3.8,"name":"slwh_gjxclg21"},{"time":3.8667,"name":"slwh_gjxclg22"},{"time":3.9333,"name":"slwh_gjxclg23"},{"time":4,"name":"slwh_gjxclg24"},{"time":4.0667,"name":"slwh_gjxclg25"},{"time":4.1333,"name":"slwh_gjxclg26"},{"time":4.2,"name":"slwh_gjxclg27"},{"time":4.2667,"name":"slwh_gjxclg28"},{"time":4.3333,"name":"slwh_gjxclg29"},{"time":4.4,"name":"slwh_gjxclg30"},{"time":4.4667,"name":"slwh_gjxclg31"},{"time":4.5333,"name":"slwh_gjxclg32"},{"time":4.6,"name":"slwh_gjxclg33"},{"time":4.6667,"name":"slwh_gjxclg34"},{"time":4.7333,"name":"slwh_gjxclg35"},{"time":4.8,"name":"slwh_gjxclg0"}]}}}}}