{"skeleton":{"hash":"HGlPirX+14Zi5cwoyuFiT5G8MDk","spine":"3.6.37","width":329,"height":425.29,"images":"./slwh_gjxc_images/"},"bones":[{"name":"root"},{"name":"hip","parent":"root"},{"name":"slwh_gjxc","parent":"hip","color":"ffa9e3ff"},{"name":"slwh_gjxcmaikedz","parent":"slwh_gjxc","x":12.53,"y":-67.6,"color":"ffa9e3ff"},{"name":"slwh_gjxcmaikegan","parent":"slwh_gjxcmaikedz","length":29.51,"rotation":102.8,"x":-2.14,"y":29.33,"color":"ffa9e3ff"},{"name":"bone","parent":"slwh_gjxcmaikegan","x":28.16,"y":-0.03,"color":"ffa9e3ff"},{"name":"bone2","parent":"slwh_gjxcmaikedz","rotation":50.04,"x":-47.77,"y":26.31,"color":"ffa9e3ff"},{"name":"bone3","parent":"slwh_gjxcmaikedz","rotation":50.04,"x":16.79,"y":44.46,"color":"ffa9e3ff"},{"name":"bone4","parent":"slwh_gjxcmaikedz","rotation":50.04,"x":52.39,"y":33.29,"color":"ffa9e3ff"},{"name":"slwh_gjxcmaikejia1","parent":"bone","length":136.03,"rotation":12.53,"x":-1.36,"y":26.47,"color":"ffa9e3ff"},{"name":"slwh_gjxcmaike","parent":"slwh_gjxcmaikejia1","length":127.38,"rotation":-71.76,"x":97.89,"y":-37.32,"color":"ffa9e3ff"},{"name":"slwh_gjxcmaikejia2","parent":"bone","length":56.64,"rotation":-0.13,"x":3.09,"y":-14.45,"color":"ffa9e3ff"},{"name":"slwh_gjxcmaikejia1lg","parent":"slwh_gjxcmaikejia1","rotation":-115.33,"x":91.06,"y":-0.67,"scaleX":4,"scaleY":4,"color":"00ff46ff"},{"name":"slwh_gjxcmaikelg","parent":"slwh_gjxcmaike","rotation":-43.57,"x":35.63,"y":-18.94,"scaleX":4,"scaleY":4,"color":"b6ff00ff"},{"name":"slwh_gjxcmaikeline","parent":"slwh_gjxcmaikedz","rotation":50.04,"x":-97.33,"y":31.89,"color":"ffa9e3ff"},{"name":"slwh_gjxcmaikexd","parent":"slwh_gjxcmaike","x":90.13,"y":26.02,"color":"ffa9e3ff"},{"name":"slwh_gjxcmaikexd2","parent":"slwh_gjxcmaike","rotation":50.28,"x":-2.77,"y":65.63,"color":"ffa9e3ff"},{"name":"slwh_gjxcmaikexd3","parent":"slwh_gjxcmaike","rotation":18.32,"x":105.49,"y":-51.88,"color":"ffa9e3ff"}],"slots":[{"name":"slwh_gjxcmaikeyy","bone":"slwh_gjxc","attachment":"slwh_gjxcmaikeyy"},{"name":"slwh_gjxcmaikeline","bone":"slwh_gjxcmaikeline","attachment":"slwh_gjxcmaikeline"},{"name":"slwh_gjxcmaikejia2","bone":"slwh_gjxcmaikejia2","attachment":"slwh_gjxcmaikejia2"},{"name":"slwh_gjxcmaike","bone":"slwh_gjxcmaike","attachment":"slwh_gjxcmaike"},{"name":"slwh_gjxcmaikelg","bone":"slwh_gjxcmaikelg","attachment":"slwh_gjxcmaikelg0","blend":"additive"},{"name":"slwh_gjxcmaikejia1","bone":"slwh_gjxcmaikejia1","attachment":"slwh_gjxcmaikejia1"},{"name":"slwh_gjxcmaikejia1lg","bone":"slwh_gjxcmaikejia1lg","attachment":"slwh_gjxcmaikejia1lg0","blend":"additive"},{"name":"slwh_gjxcmaikedz","bone":"slwh_gjxcmaikedz","attachment":"slwh_gjxcmaikedz"},{"name":"slwh_gjxcmaikegan","bone":"slwh_gjxcmaikegan","attachment":"slwh_gjxcmaikegan"},{"name":"slwh_gjxcmaikexd","bone":"slwh_gjxcmaikexd","attachment":"slwh_gjxcmaikexd","blend":"additive"},{"name":"slwh_gjxcmaikexd2","bone":"slwh_gjxcmaikexd2","attachment":"slwh_gjxcmaikexd","blend":"additive"},{"name":"slwh_gjxcmaikexd3","bone":"slwh_gjxcmaikexd3","attachment":"slwh_gjxcmaikexd","blend":"additive"},{"name":"slwh_gjxctextdb","bone":"slwh_gjxc","attachment":"slwh_gjxctextdb"},{"name":"slwh_gjxctext","bone":"slwh_gjxc","attachment":"slwh_gjxctext"}],"skins":{"default":{"slwh_gjxcmaike":{"slwh_gjxcmaike":{"type":"mesh","uvs":[0.78817,0.06659,0.68409,0.03881,0.57362,0.0256,0.47114,0.02225,0.41193,0.03807,0.31503,0.15139,0.18271,0.30613,0.05481,0.48041,0.00796,0.56397,0.00864,0.65675,0.01998,0.71518,0.00391,0.77795,0.02446,0.85038,0.00162,0.91126,0,1,0.09345,0.99999,0.1841,0.95212,0.24165,0.95483,0.30852,0.93038,0.38354,0.92579,0.45976,0.91006,0.91128,0.55715,0.97829,0.46963,1,0.37459,0.9664,0.24078,0.8747,0.11045,0.62094,0.34093,0.18227,0.85672,0.54773,0.20129,0.07632,0.71056,0.8279,0.36586,0.71763,0.53595,0.31673,0.88257,0.78312,0.20273,0.51926,0.46049,0.41898,0.32684],"triangles":[28,3,2,4,3,28,33,1,0,33,0,25,28,2,1,33,28,1,33,25,24,28,5,4,35,5,28,6,5,35,26,28,33,35,28,26,30,33,24,26,33,30,30,24,23,34,35,26,22,30,23,31,26,30,21,31,30,34,26,31,22,21,30,29,9,8,35,29,7,29,8,7,35,7,6,10,9,29,29,11,10,12,11,29,34,27,29,34,29,35,12,29,27,32,27,34,32,34,31,20,32,31,20,31,21,19,32,20,32,16,27,18,32,19,32,17,16,18,17,32,12,27,13,15,27,16,27,14,13,27,15,14],"vertices":[1,10,140.33,2.63,1,1,10,128.79,21.62,1,1,10,114.21,39.3,1,1,10,99.4,54.36,1,1,10,88.28,60.37,1,1,10,57.49,56.97,1,1,10,15.46,52.33,1,1,10,-28.74,44.1,1,1,10,-47.77,38.1,1,1,10,-61.03,23.95,1,1,10,-67.76,13.5,1,1,10,-79.2,6.27,1,1,10,-86.57,-7.61,1,1,10,-98.74,-13.59,1,1,10,-111.77,-26.8,1,1,10,-97.82,-40.06,1,1,10,-77.4,-45.68,1,1,10,-69.2,-54.27,1,1,10,-55.69,-60.06,1,1,10,-43.84,-70.02,1,1,10,-30.19,-78.46,1,1,10,88.03,-89.13,1,1,10,110.64,-85.39,1,1,10,127.57,-74.08,1,1,10,141.83,-49.05,1,1,10,146.92,-16.29,1,1,10,75.85,-15.16,1,1,10,-63.93,-30.98,1,1,10,85.04,16.38,1,1,10,-58.68,6.2,1,1,10,103.14,-48.32,1,1,10,62.18,-58.42,1,1,10,-47.58,-53.98,1,1,10,119.96,-17.26,1,1,10,43.45,-18.83,1,1,10,47.73,15.65,1],"hull":26,"edges":[46,48,48,50,40,42,54,28,8,6,6,4,4,2,2,0,0,50,42,44,44,46,38,40,38,36,36,34,34,32,28,30,32,30,16,18,18,20,20,22,22,24,26,28,24,26,12,14,14,16,8,56,56,52,16,58,58,54,46,60,60,52,60,62,40,64,64,54,62,64,48,66,66,56,60,66,66,2,42,62,52,68,68,54,62,68,56,70,70,58,68,70,8,10,10,12,70,10,58,24,64,32],"width":206,"height":209}},"slwh_gjxcmaikedz":{"slwh_gjxcmaikedz":{"x":-1.53,"y":5.6,"width":128,"height":64}},"slwh_gjxcmaikegan":{"slwh_gjxcmaikegan":{"x":14.29,"y":0.74,"rotation":-102.8,"width":15,"height":21}},"slwh_gjxcmaikejia1":{"slwh_gjxcmaikejia1":{"type":"mesh","uvs":[0.36294,1.0E-5,0.19878,0.04286,0,0.14492,0,0.47626,0.28424,0.593,0.57284,1,1,1,1,0.84708,0.70173,0.52261,0.90907,0.22389,0.62047,0,0.77364,0.92127],"triangles":[3,2,1,8,10,9,4,1,0,3,1,4,0,10,8,11,4,0,11,8,7,11,0,8,5,4,11,11,7,6,5,11,6],"vertices":[1,9,167.18,-32.46,1,1,9,167.93,-13.56,1,1,9,160.98,13.04,1,1,9,109.17,37.57,1,1,9,78.03,18.98,1,1,9,1.3,21.45,1,1,9,-18.08,-19.47,1,1,9,5.84,-30.79,1,1,9,70.1,-26.23,1,1,9,107.4,-68.21,1,1,9,155.5,-57.13,1,1,9,4.5,-3.61,1],"hull":11,"edges":[2,4,4,6,6,8,8,10,10,12,12,14,14,16,16,18,18,20,12,22,2,0,0,20,22,0],"width":106,"height":173}},"slwh_gjxcmaikejia1lg":{"slwh_gjxcmaikejia1lg0":{"width":31,"height":52},"slwh_gjxcmaikejia1lg1":{"width":31,"height":52},"slwh_gjxcmaikejia1lg2":{"width":31,"height":52},"slwh_gjxcmaikejia1lg3":{"width":31,"height":52},"slwh_gjxcmaikejia1lg4":{"width":31,"height":52},"slwh_gjxcmaikejia1lg5":{"width":31,"height":52},"slwh_gjxcmaikejia1lg6":{"width":31,"height":52},"slwh_gjxcmaikejia1lg7":{"width":31,"height":52},"slwh_gjxcmaikejia1lg8":{"width":31,"height":52},"slwh_gjxcmaikejia1lg9":{"width":31,"height":52},"slwh_gjxcmaikejia1lg10":{"width":31,"height":52},"slwh_gjxcmaikejia1lg11":{"width":31,"height":52},"slwh_gjxcmaikejia1lg12":{"width":31,"height":52},"slwh_gjxcmaikejia1lg13":{"width":31,"height":52},"slwh_gjxcmaikejia1lg14":{"width":31,"height":52},"slwh_gjxcmaikejia1lg15":{"width":31,"height":52},"slwh_gjxcmaikejia1lg16":{"width":31,"height":52},"slwh_gjxcmaikejia1lg17":{"width":31,"height":52},"slwh_gjxcmaikejia1lg18":{"width":31,"height":52},"slwh_gjxcmaikejia1lg19":{"width":31,"height":52},"slwh_gjxcmaikejia1lg20":{"width":31,"height":52},"slwh_gjxcmaikejia1lg21":{"width":31,"height":52},"slwh_gjxcmaikejia1lg22":{"width":31,"height":52},"slwh_gjxcmaikejia1lg23":{"width":31,"height":52},"slwh_gjxcmaikejia1lg24":{"width":31,"height":52},"slwh_gjxcmaikejia1lg25":{"width":31,"height":52},"slwh_gjxcmaikejia1lg26":{"width":31,"height":52},"slwh_gjxcmaikejia1lg27":{"width":31,"height":52},"slwh_gjxcmaikejia1lg28":{"width":31,"height":52},"slwh_gjxcmaikejia1lg29":{"width":31,"height":52},"slwh_gjxcmaikejia1lg30":{"width":31,"height":52},"slwh_gjxcmaikejia1lg31":{"width":31,"height":52},"slwh_gjxcmaikejia1lg32":{"width":31,"height":52},"slwh_gjxcmaikejia1lg33":{"width":31,"height":52},"slwh_gjxcmaikejia1lg34":{"width":31,"height":52},"slwh_gjxcmaikejia1lg35":{"width":31,"height":52}},"slwh_gjxcmaikejia2":{"slwh_gjxcmaikejia2":{"type":"mesh","uvs":[0.78938,0,0.32652,0.12713,0.60338,0.7211,0.39972,0.73672,0.03603,0.85657,0,1,0.27508,1,0.84885,0.8581,1,0.7952,1,0],"triangles":[2,1,0,0,9,8,7,2,0,8,7,0,6,4,3,5,4,6,6,3,2,6,2,7],"vertices":[1,11,55.5,-11.12,1,1,11,52.93,22.66,1,1,11,3.48,13.92,1,1,11,5.42,28.1,1,1,11,1.88,54.98,1,1,11,-8.48,59.9,1,1,11,-12.7,41.11,1,1,11,-10.72,-0.5,1,1,11,-8.25,-11.9,1,1,11,52.26,-25.51,1],"hull":10,"edges":[0,2,2,4,8,10,10,12,16,18,0,18,12,14,14,16,0,14,4,6,6,8],"width":70,"height":78}},"slwh_gjxcmaikelg":{"slwh_gjxcmaikelg0":{"width":62,"height":60},"slwh_gjxcmaikelg1":{"width":62,"height":60},"slwh_gjxcmaikelg2":{"width":62,"height":60},"slwh_gjxcmaikelg3":{"width":62,"height":60},"slwh_gjxcmaikelg4":{"width":62,"height":60},"slwh_gjxcmaikelg5":{"width":62,"height":60},"slwh_gjxcmaikelg6":{"width":62,"height":60},"slwh_gjxcmaikelg7":{"width":62,"height":60},"slwh_gjxcmaikelg8":{"width":62,"height":60},"slwh_gjxcmaikelg9":{"width":62,"height":60},"slwh_gjxcmaikelg10":{"width":62,"height":60},"slwh_gjxcmaikelg11":{"width":62,"height":60},"slwh_gjxcmaikelg12":{"width":62,"height":60},"slwh_gjxcmaikelg13":{"width":62,"height":60},"slwh_gjxcmaikelg14":{"width":62,"height":60},"slwh_gjxcmaikelg15":{"width":62,"height":60},"slwh_gjxcmaikelg16":{"width":62,"height":60},"slwh_gjxcmaikelg17":{"width":62,"height":60},"slwh_gjxcmaikelg18":{"width":62,"height":60},"slwh_gjxcmaikelg19":{"width":62,"height":60},"slwh_gjxcmaikelg20":{"width":62,"height":60},"slwh_gjxcmaikelg21":{"width":62,"height":60},"slwh_gjxcmaikelg22":{"width":62,"height":60},"slwh_gjxcmaikelg23":{"width":62,"height":60},"slwh_gjxcmaikelg24":{"width":62,"height":60},"slwh_gjxcmaikelg25":{"width":62,"height":60},"slwh_gjxcmaikelg26":{"width":62,"height":60},"slwh_gjxcmaikelg27":{"width":62,"height":60},"slwh_gjxcmaikelg28":{"width":62,"height":60},"slwh_gjxcmaikelg29":{"width":62,"height":60},"slwh_gjxcmaikelg30":{"width":62,"height":60},"slwh_gjxcmaikelg31":{"width":62,"height":60},"slwh_gjxcmaikelg32":{"width":62,"height":60},"slwh_gjxcmaikelg33":{"width":62,"height":60},"slwh_gjxcmaikelg34":{"width":62,"height":60},"slwh_gjxcmaikelg35":{"width":62,"height":60}},"slwh_gjxcmaikeline":{"slwh_gjxcmaikeline":{"type":"mesh","uvs":[0.05821,0,0,0.11023,1.0E-5,0.63937,0.21461,0.80548,0.44106,0.67023,0.61171,0.53997,0.78367,0.47338,0.92061,0.61713,0.74374,0.99999,1,1,0.99999,0.49413,0.80844,0.30173,0.59084,0.3333,0.42095,0.44627,0.2147,0.58653,0.09727,0.44078,0.08958,0.21667,0.18461,0],"triangles":[7,10,9,8,7,9,7,6,10,14,13,4,13,12,5,5,12,6,6,12,11,4,13,5,6,11,10,3,14,4,3,2,14,2,15,14,15,2,1,15,1,16,1,0,16,16,0,17],"vertices":[1,10,-95.06,-19.23,1,1,10,-108.31,-18.8,1,3,10,-137.48,-49.47,0.218,14,-13.02,2.39,0.552,6,-40.57,43.96,0.23,3,14,0.22,-34.11,0.452,6,-27.33,7.47,0.41,7,-82.7,45.3,0.138,3,14,33.24,-56.67,0.128,6,5.69,-15.09,0.346,7,-49.69,22.74,0.526,3,6,32.31,-30.64,0.112,7,-23.07,7.2,0.77,8,-37.37,41.66,0.118,3,7,-0.21,-11.79,0.514,8,-14.51,22.67,0.374,3,25.69,36.73,0.112,3,7,5.93,-37.02,0.132,8,-8.37,-2.56,0.394,3,48.97,25.23,0.474,2,8,-51.16,0.82,0.184,3,18.91,-5.4,0.816,2,8,-23.18,-32.58,0.184,3,62.47,-5.4,0.816,3,7,22.14,-41.04,0.132,8,7.84,-6.59,0.394,3,62.47,35.07,0.474,3,7,13.02,-6.2,0.514,8,-1.28,28.26,0.374,3,29.91,50.46,0.112,3,6,42.7,-17.3,0.112,7,-12.67,20.53,0.77,8,-26.97,54.99,0.118,3,14,44.78,-42.54,0.128,6,17.23,-0.97,0.346,7,-38.15,36.87,0.526,3,14,13.66,-22.87,0.452,6,-13.89,18.7,0.41,7,-69.27,56.54,0.138,3,10,-114.55,-49.36,0.218,14,9.77,-0.08,0.552,6,-17.77,41.49,0.23,1,10,-103.14,-35.47,1,1,10,-79.49,-34.04,1],"hull":18,"edges":[6,8,12,14,16,18,28,30,0,34,0,2,30,32,32,34,2,32,4,30,28,6,26,28,26,8,22,24,8,10,10,12,24,10,22,12,18,20,14,20,14,16,2,4,4,6,24,26,20,22],"width":170,"height":80}},"slwh_gjxcmaikexd":{"slwh_gjxcmaikexd":{"x":0.28,"y":-1.43,"rotation":-43.57,"width":48,"height":51}},"slwh_gjxcmaikexd2":{"slwh_gjxcmaikexd":{"x":0.28,"y":-1.43,"rotation":-43.57,"width":48,"height":51}},"slwh_gjxcmaikexd3":{"slwh_gjxcmaikexd":{"x":0.28,"y":-1.43,"rotation":-43.57,"width":48,"height":51}},"slwh_gjxcmaikeyy":{"slwh_gjxcmaikeyy":{"type":"mesh","uvs":[1,0.18941,1,1,0,1,0,0,0.4461,0,1,0,0.27331,0.16289,0.10241,0.20231,0.04198,0.34778,0.09391,0.50471,0.07219,0.66094,0.06559,0.77058,0.19022,0.83364,0.33846,0.80712,0.2176,0.94113,0.79262,0.94256,0.76335,0.86374,0.79545,0.78993,0.65949,0.7283,0.60473,0.57638,0.96069,0.35279,0.82472,0.04393,0.15069,0.67794,0.11582,0.7519,0.20711,0.78693,0.3384,0.76358,0.42559,0.73633,0.26352,0.66471],"triangles":[17,18,19,16,18,17,15,16,17,17,20,1,15,17,1,14,15,1,22,10,9,23,10,22,10,2,8,11,10,23,24,22,27,24,27,25,23,22,24,24,25,13,12,23,24,11,23,12,12,24,13,14,12,13,14,13,15,11,2,10,2,11,12,2,12,14,2,14,1,27,22,9,26,27,19,6,3,4,7,3,6,8,3,7,6,9,8,10,8,9,7,6,8,27,6,19,27,9,6,8,2,3,21,4,5,21,5,0,20,21,0,19,4,21,19,21,20,6,4,19,20,0,1,20,17,19,26,19,18,25,27,26,13,25,26,26,18,16,16,13,26,15,13,16],"vertices":[1,10,139.18,-53.18,1,2,3,95.47,-37.4,0.26894,8,-26.52,-78.42,0.73106,3,3,-137.53,-37.4,0.08291,9,-34.28,130.93,0,14,-78.93,-13.69,0.91709,1,10,10.44,149.55,1,1,10,85.75,77.91,1,1,10,179.26,-11.05,1,1,10,22.11,69.42,1,1,10,-15.08,88.1,1,1,10,-56.06,65.45,1,1,10,-80.5,22.2,1,2,9,52.6,71.18,0.33317,14,11.66,40.26,0.66683,3,3,-122.25,33.03,0.00201,9,22.84,86.98,0.02272,14,-15.13,19.83,0.97527,3,3,-93.21,13.67,0.07878,9,-7.08,69.01,0.02706,14,-11.32,-14.86,0.89416,3,3,-58.67,21.81,0.18963,9,-14.51,34.31,0.38406,14,17.1,-36.11,0.42631,3,3,-86.83,-19.33,0.23239,9,-39.64,77.37,0.02107,14,-32.52,-40.95,0.74654,2,3,47.15,-19.77,0.49738,8,-44.04,-30.06,0.50262,3,3,40.33,4.43,0.42378,9,-72.57,-47.73,0.00295,8,-29.87,-9.29,0.57328,3,3,47.81,27.09,0.08739,9,-55.29,-64.19,0.0058,8,-7.69,-0.47,0.90682,4,3,16.13,46.01,0.17827,9,-24.64,-43.65,0.33613,10,-32.34,-118.36,0.04343,8,-13.54,35.96,0.44217,1,10,-9.43,-75.77,1,1,10,97.97,-83.21,1,1,10,140.37,7.33,1,2,9,40.06,56.89,0.34594,14,19.4,22.89,0.65406,2,9,23.01,73.95,0.04931,14,-3.22,14.54,0.95069,3,3,-89.27,28.01,0.03072,9,4.19,59.32,0.06047,14,2.2,-8.67,0.90881,3,3,-58.68,35.18,0.08308,9,-2.42,28.6,0.55703,14,27.34,-27.52,0.35989,3,3,-38.37,43.54,0.04139,9,-3.55,6.66,0.90172,14,46.8,-37.72,0.05689,1,10,-85.72,-40.62,1],"hull":6,"edges":[2,4,4,6,6,8,8,10,8,12,12,14,14,16,16,18,18,20,20,22,22,24,24,26,26,28,28,30,30,32,32,34,34,36,36,38,38,40,2,0,0,10,40,0,0,42,42,8,44,46,46,48,48,50,50,52,52,54,54,44],"width":58,"height":77}},"slwh_gjxctext":{"slwh_gjxctext":{"x":-1.5,"y":-102,"width":199,"height":90}},"slwh_gjxctextdb":{"slwh_gjxctextdb":{"x":-0.5,"y":-128,"width":329,"height":160}}}},"animations":{"animation":{"slots":{"slwh_gjxcmaikejia1lg":{"attachment":[{"time":0,"name":"slwh_gjxcmaikejia1lg0"},{"time":0.0667,"name":"slwh_gjxcmaikejia1lg1"},{"time":0.1333,"name":"slwh_gjxcmaikejia1lg2"},{"time":0.2,"name":"slwh_gjxcmaikejia1lg3"},{"time":0.2667,"name":"slwh_gjxcmaikejia1lg4"},{"time":0.3333,"name":"slwh_gjxcmaikejia1lg5"},{"time":0.4,"name":"slwh_gjxcmaikejia1lg6"},{"time":0.4667,"name":"slwh_gjxcmaikejia1lg7"},{"time":0.5333,"name":"slwh_gjxcmaikejia1lg8"},{"time":0.6,"name":"slwh_gjxcmaikejia1lg9"},{"time":0.6667,"name":"slwh_gjxcmaikejia1lg10"},{"time":0.7333,"name":"slwh_gjxcmaikejia1lg11"},{"time":0.8,"name":"slwh_gjxcmaikejia1lg12"},{"time":0.8667,"name":"slwh_gjxcmaikejia1lg13"},{"time":0.9333,"name":"slwh_gjxcmaikejia1lg14"},{"time":1,"name":"slwh_gjxcmaikejia1lg15"},{"time":1.0667,"name":"slwh_gjxcmaikejia1lg16"},{"time":1.1333,"name":"slwh_gjxcmaikejia1lg17"},{"time":1.2,"name":"slwh_gjxcmaikejia1lg18"},{"time":1.2667,"name":"slwh_gjxcmaikejia1lg19"},{"time":1.3333,"name":"slwh_gjxcmaikejia1lg20"},{"time":1.4,"name":"slwh_gjxcmaikejia1lg21"},{"time":1.4667,"name":"slwh_gjxcmaikejia1lg22"},{"time":1.5333,"name":"slwh_gjxcmaikejia1lg23"},{"time":1.6,"name":"slwh_gjxcmaikejia1lg24"},{"time":1.6667,"name":"slwh_gjxcmaikejia1lg25"},{"time":1.7333,"name":"slwh_gjxcmaikejia1lg26"},{"time":1.8,"name":"slwh_gjxcmaikejia1lg27"},{"time":1.8667,"name":"slwh_gjxcmaikejia1lg28"},{"time":1.9333,"name":"slwh_gjxcmaikejia1lg29"},{"time":2,"name":"slwh_gjxcmaikejia1lg30"},{"time":2.0667,"name":"slwh_gjxcmaikejia1lg31"},{"time":2.1333,"name":"slwh_gjxcmaikejia1lg32"},{"time":2.2,"name":"slwh_gjxcmaikejia1lg33"},{"time":2.2667,"name":"slwh_gjxcmaikejia1lg34"},{"time":2.3333,"name":"slwh_gjxcmaikejia1lg35"},{"time":2.4,"name":"slwh_gjxcmaikejia1lg0"},{"time":2.4667,"name":"slwh_gjxcmaikejia1lg1"},{"time":2.5333,"name":"slwh_gjxcmaikejia1lg2"},{"time":2.6,"name":"slwh_gjxcmaikejia1lg3"},{"time":2.6667,"name":"slwh_gjxcmaikejia1lg4"},{"time":2.7333,"name":"slwh_gjxcmaikejia1lg5"},{"time":2.8,"name":"slwh_gjxcmaikejia1lg6"},{"time":2.8667,"name":"slwh_gjxcmaikejia1lg7"},{"time":2.9333,"name":"slwh_gjxcmaikejia1lg8"},{"time":3,"name":"slwh_gjxcmaikejia1lg9"},{"time":3.0667,"name":"slwh_gjxcmaikejia1lg10"},{"time":3.1333,"name":"slwh_gjxcmaikejia1lg11"},{"time":3.2,"name":"slwh_gjxcmaikejia1lg12"},{"time":3.2667,"name":"slwh_gjxcmaikejia1lg13"},{"time":3.3333,"name":"slwh_gjxcmaikejia1lg14"},{"time":3.4,"name":"slwh_gjxcmaikejia1lg15"},{"time":3.4667,"name":"slwh_gjxcmaikejia1lg16"},{"time":3.5333,"name":"slwh_gjxcmaikejia1lg17"},{"time":3.6,"name":"slwh_gjxcmaikejia1lg18"},{"time":3.6667,"name":"slwh_gjxcmaikejia1lg19"},{"time":3.7333,"name":"slwh_gjxcmaikejia1lg20"},{"time":3.8,"name":"slwh_gjxcmaikejia1lg21"},{"time":3.8667,"name":"slwh_gjxcmaikejia1lg22"},{"time":3.9333,"name":"slwh_gjxcmaikejia1lg23"},{"time":4,"name":"slwh_gjxcmaikejia1lg24"},{"time":4.0667,"name":"slwh_gjxcmaikejia1lg25"},{"time":4.1333,"name":"slwh_gjxcmaikejia1lg26"},{"time":4.2,"name":"slwh_gjxcmaikejia1lg27"},{"time":4.2667,"name":"slwh_gjxcmaikejia1lg28"},{"time":4.3333,"name":"slwh_gjxcmaikejia1lg29"},{"time":4.4,"name":"slwh_gjxcmaikejia1lg30"},{"time":4.4667,"name":"slwh_gjxcmaikejia1lg31"},{"time":4.5333,"name":"slwh_gjxcmaikejia1lg32"},{"time":4.6,"name":"slwh_gjxcmaikejia1lg33"},{"time":4.6667,"name":"slwh_gjxcmaikejia1lg34"},{"time":4.7333,"name":"slwh_gjxcmaikejia1lg35"},{"time":4.8,"name":"slwh_gjxcmaikejia1lg0"}]},"slwh_gjxcmaikelg":{"attachment":[{"time":0,"name":"slwh_gjxcmaikelg0"},{"time":0.0667,"name":"slwh_gjxcmaikelg1"},{"time":0.1333,"name":"slwh_gjxcmaikelg2"},{"time":0.2,"name":"slwh_gjxcmaikelg3"},{"time":0.2667,"name":"slwh_gjxcmaikelg4"},{"time":0.3333,"name":"slwh_gjxcmaikelg5"},{"time":0.4,"name":"slwh_gjxcmaikelg6"},{"time":0.4667,"name":"slwh_gjxcmaikelg7"},{"time":0.5333,"name":"slwh_gjxcmaikelg8"},{"time":0.6,"name":"slwh_gjxcmaikelg9"},{"time":0.6667,"name":"slwh_gjxcmaikelg10"},{"time":0.7333,"name":"slwh_gjxcmaikelg11"},{"time":0.8,"name":"slwh_gjxcmaikelg12"},{"time":0.8667,"name":"slwh_gjxcmaikelg13"},{"time":0.9333,"name":"slwh_gjxcmaikelg14"},{"time":1,"name":"slwh_gjxcmaikelg15"},{"time":1.0667,"name":"slwh_gjxcmaikelg16"},{"time":1.1333,"name":"slwh_gjxcmaikelg17"},{"time":1.2,"name":"slwh_gjxcmaikelg18"},{"time":1.2667,"name":"slwh_gjxcmaikelg19"},{"time":1.3333,"name":"slwh_gjxcmaikelg20"},{"time":1.4,"name":"slwh_gjxcmaikelg21"},{"time":1.4667,"name":"slwh_gjxcmaikelg22"},{"time":1.5333,"name":"slwh_gjxcmaikelg23"},{"time":1.6,"name":"slwh_gjxcmaikelg24"},{"time":1.6667,"name":"slwh_gjxcmaikelg25"},{"time":1.7333,"name":"slwh_gjxcmaikelg26"},{"time":1.8,"name":"slwh_gjxcmaikelg27"},{"time":1.8667,"name":"slwh_gjxcmaikelg28"},{"time":1.9333,"name":"slwh_gjxcmaikelg29"},{"time":2,"name":"slwh_gjxcmaikelg30"},{"time":2.0667,"name":"slwh_gjxcmaikelg31"},{"time":2.1333,"name":"slwh_gjxcmaikelg32"},{"time":2.2,"name":"slwh_gjxcmaikelg33"},{"time":2.2667,"name":"slwh_gjxcmaikelg34"},{"time":2.3333,"name":"slwh_gjxcmaikelg35"},{"time":2.4,"name":"slwh_gjxcmaikelg0"},{"time":2.4667,"name":"slwh_gjxcmaikelg1"},{"time":2.5333,"name":"slwh_gjxcmaikelg2"},{"time":2.6,"name":"slwh_gjxcmaikelg3"},{"time":2.6667,"name":"slwh_gjxcmaikelg4"},{"time":2.7333,"name":"slwh_gjxcmaikelg5"},{"time":2.8,"name":"slwh_gjxcmaikelg6"},{"time":2.8667,"name":"slwh_gjxcmaikelg7"},{"time":2.9333,"name":"slwh_gjxcmaikelg8"},{"time":3,"name":"slwh_gjxcmaikelg9"},{"time":3.0667,"name":"slwh_gjxcmaikelg10"},{"time":3.1333,"name":"slwh_gjxcmaikelg11"},{"time":3.2,"name":"slwh_gjxcmaikelg12"},{"time":3.2667,"name":"slwh_gjxcmaikelg13"},{"time":3.3333,"name":"slwh_gjxcmaikelg14"},{"time":3.4,"name":"slwh_gjxcmaikelg15"},{"time":3.4667,"name":"slwh_gjxcmaikelg16"},{"time":3.5333,"name":"slwh_gjxcmaikelg17"},{"time":3.6,"name":"slwh_gjxcmaikelg18"},{"time":3.6667,"name":"slwh_gjxcmaikelg19"},{"time":3.7333,"name":"slwh_gjxcmaikelg20"},{"time":3.8,"name":"slwh_gjxcmaikelg21"},{"time":3.8667,"name":"slwh_gjxcmaikelg22"},{"time":3.9333,"name":"slwh_gjxcmaikelg23"},{"time":4,"name":"slwh_gjxcmaikelg24"},{"time":4.0667,"name":"slwh_gjxcmaikelg25"},{"time":4.1333,"name":"slwh_gjxcmaikelg26"},{"time":4.2,"name":"slwh_gjxcmaikelg27"},{"time":4.2667,"name":"slwh_gjxcmaikelg28"},{"time":4.3333,"name":"slwh_gjxcmaikelg29"},{"time":4.4,"name":"slwh_gjxcmaikelg30"},{"time":4.4667,"name":"slwh_gjxcmaikelg31"},{"time":4.5333,"name":"slwh_gjxcmaikelg32"},{"time":4.6,"name":"slwh_gjxcmaikelg33"},{"time":4.6667,"name":"slwh_gjxcmaikelg34"},{"time":4.7333,"name":"slwh_gjxcmaikelg35"},{"time":4.8,"name":"slwh_gjxcmaikelg0"}]},"slwh_gjxcmaikexd":{"color":[{"time":0,"color":"ffffff00","curve":"stepped"},{"time":0.9667,"color":"ffffff00","curve":[0.25,0,0.75,1]},{"time":2.8,"color":"fffffffe","curve":[0.25,0,0.75,1]},{"time":4.8,"color":"ffffff00"}]},"slwh_gjxcmaikexd2":{"color":[{"time":0,"color":"ffffff00","curve":[0.25,0,0.75,1]},{"time":1,"color":"fffffffe","curve":[0.25,0,0.75,1]},{"time":3.2333,"color":"ffffff00","curve":"stepped"},{"time":4.0333,"color":"ffffff00"}]},"slwh_gjxcmaikexd3":{"color":[{"time":0,"color":"ffffff00","curve":"stepped"},{"time":1.5667,"color":"ffffff00","curve":[0.25,0,0.75,1]},{"time":2.5667,"color":"fffffffe","curve":[0.25,0,0.75,1]},{"time":4.8,"color":"ffffff00"}]}},"bones":{"slwh_gjxcmaikedz":{"rotate":[{"time":0,"angle":0,"curve":"stepped"},{"time":4.8,"angle":0}],"translate":[{"time":0,"x":0,"y":0,"curve":"stepped"},{"time":4.8,"x":0,"y":0}],"scale":[{"time":0,"x":1,"y":1,"curve":"stepped"},{"time":4.8,"x":1,"y":1}]},"slwh_gjxcmaikegan":{"rotate":[{"time":0,"angle":0,"curve":[0.25,0,0.75,1]},{"time":2.4,"angle":-3.39,"curve":[0.25,0,0.75,1]},{"time":4.8,"angle":0}],"translate":[{"time":0,"x":0,"y":0,"curve":"stepped"},{"time":4.8,"x":0,"y":0}],"scale":[{"time":0,"x":1,"y":1,"curve":"stepped"},{"time":4.8,"x":1,"y":1}]},"bone":{"rotate":[{"time":0,"angle":0,"curve":"stepped"},{"time":4.8,"angle":0}],"translate":[{"time":0,"x":0,"y":0,"curve":"stepped"},{"time":4.8,"x":0,"y":0}],"scale":[{"time":0,"x":1,"y":1,"curve":"stepped"},{"time":4.8,"x":1,"y":1}]},"slwh_gjxcmaikejia2":{"rotate":[{"time":0,"angle":0,"curve":"stepped"},{"time":4.8,"angle":0}],"translate":[{"time":0,"x":0,"y":0,"curve":"stepped"},{"time":4.8,"x":0,"y":0}],"scale":[{"time":0,"x":1,"y":1,"curve":"stepped"},{"time":4.8,"x":1,"y":1}]},"slwh_gjxcmaikejia1":{"rotate":[{"time":0,"angle":0,"curve":"stepped"},{"time":4.8,"angle":0}],"translate":[{"time":0,"x":0,"y":0,"curve":"stepped"},{"time":4.8,"x":0,"y":0}],"scale":[{"time":0,"x":1,"y":1,"curve":"stepped"},{"time":4.8,"x":1,"y":1}]},"slwh_gjxcmaike":{"rotate":[{"time":0,"angle":-0.77,"curve":[0.25,0,0.75,1]},{"time":0.6,"angle":1.34,"curve":[0.25,0,0.75,1]},{"time":3,"angle":-6.16,"curve":[0.25,0,0.75,1]},{"time":4.8,"angle":-0.77}],"translate":[{"time":0,"x":0,"y":0,"curve":"stepped"},{"time":4.8,"x":0,"y":0}],"scale":[{"time":0,"x":1,"y":1,"curve":"stepped"},{"time":4.8,"x":1,"y":1}]},"slwh_gjxcmaikeline":{"rotate":[{"time":0,"angle":0,"curve":"stepped"},{"time":4.8,"angle":0}],"translate":[{"time":0,"x":1.02,"y":6.02,"curve":[0,0,0.75,1]},{"time":1,"x":0,"y":0,"curve":[0.25,0,0.75,1]},{"time":3.4,"x":-7.13,"y":14.74,"curve":[0.25,0,1,1]},{"time":4.8,"x":1.02,"y":6.02}],"scale":[{"time":0,"x":1,"y":1,"curve":"stepped"},{"time":4.8,"x":1,"y":1}]},"bone2":{"rotate":[{"time":0,"angle":0,"curve":"stepped"},{"time":4.8,"angle":0}],"translate":[{"time":0,"x":-3.39,"y":-0.66,"curve":[0,0,0.75,1]},{"time":1.4,"x":0,"y":0,"curve":[0.25,0,0.75,1]},{"time":3.8,"x":-5.56,"y":-1.08,"curve":[0.25,0,1,1]},{"time":4.8,"x":-3.39,"y":-0.66}],"scale":[{"time":0,"x":1,"y":1,"curve":"stepped"},{"time":4.8,"x":1,"y":1}]},"bone3":{"rotate":[{"time":0,"angle":0,"curve":"stepped"},{"time":4.8,"angle":0}],"translate":[{"time":0,"x":-4,"y":-1.07,"curve":[0,0,0.75,1]},{"time":1.8,"x":0,"y":2.89,"curve":[0.25,0,0.75,1]},{"time":4.2,"x":-6.07,"y":-2.7,"curve":[0.25,0,1,1]},{"time":4.8,"x":-4,"y":-1.07}],"scale":[{"time":0,"x":1,"y":1,"curve":"stepped"},{"time":4.8,"x":1,"y":1}]},"bone4":{"rotate":[{"time":0,"angle":0,"curve":"stepped"},{"time":4.8,"angle":0}],"translate":[{"time":0,"x":-5.08,"y":-1.59,"curve":[0,0,0.75,1]},{"time":2.2,"x":2.36,"y":2.81,"curve":[0.25,0,0.75,1]},{"time":4.8,"x":-5.08,"y":-1.59}],"scale":[{"time":0,"x":1,"y":1,"curve":"stepped"},{"time":4.8,"x":1,"y":1}]},"slwh_gjxcmaikexd":{"rotate":[{"time":0,"angle":0,"curve":[0.243,0,0.676,0.7]},{"time":4.8,"angle":60.67}],"translate":[{"time":0,"x":0,"y":0,"curve":[0.286,0,0.626,0.38]},{"time":1,"x":3.55,"y":0.82,"curve":[0.308,0.25,0.65,0.61]},{"time":2.2,"x":4.9,"y":-3.87,"curve":[0.25,0,0.75,1]},{"time":2.8,"x":3.55,"y":-1.77,"curve":[0.25,0,0.75,1]},{"time":4.8,"x":0,"y":0}],"scale":[{"time":0,"x":1,"y":1,"curve":"stepped"},{"time":2.2,"x":1,"y":1,"curve":[0.25,0,0.75,1]},{"time":4,"x":1.357,"y":1.357,"curve":[0.25,0,0.75,1]},{"time":4.8,"x":1,"y":1}]},"slwh_gjxcmaikexd2":{"rotate":[{"time":0,"angle":0,"curve":[0.243,0,0.676,0.7]},{"time":4.8,"angle":60.67}],"translate":[{"time":0,"x":0,"y":0,"curve":[0.286,0,0.626,0.38]},{"time":1,"x":3.55,"y":0.82,"curve":[0.308,0.25,0.65,0.61]},{"time":2.2,"x":4.9,"y":-3.87,"curve":[0.25,0,0.75,1]},{"time":2.8,"x":3.55,"y":-1.77,"curve":[0.25,0,0.75,1]},{"time":4.8,"x":0,"y":0}],"scale":[{"time":0,"x":1,"y":1,"curve":"stepped"},{"time":1.4333,"x":1,"y":1,"curve":[0.25,0,0.75,1]},{"time":3.2333,"x":1.357,"y":1.357,"curve":[0.25,0,0.75,1]},{"time":4.0333,"x":1,"y":1}]},"slwh_gjxcmaikexd3":{"rotate":[{"time":0,"angle":0,"curve":[0.243,0,0.676,0.7]},{"time":4.8,"angle":60.67}],"translate":[{"time":0,"x":0,"y":0,"curve":[0.286,0,0.626,0.38]},{"time":1,"x":3.55,"y":0.82,"curve":[0.308,0.25,0.65,0.61]},{"time":2.2,"x":4.9,"y":-3.87,"curve":[0.25,0,0.75,1]},{"time":2.8,"x":3.55,"y":-1.77,"curve":[0.25,0,0.75,1]},{"time":4.8,"x":0,"y":0}],"scale":[{"time":0,"x":1,"y":1,"curve":"stepped"},{"time":1.4333,"x":1,"y":1,"curve":[0.25,0,0.75,1]},{"time":3.2333,"x":1.357,"y":1.357,"curve":[0.25,0,0.75,1]},{"time":4.0333,"x":1,"y":1}]}},"deform":{"default":{"slwh_gjxcmaike":{"slwh_gjxcmaike":[{"time":0,"curve":[0.25,0,0.75,1]},{"time":2.4,"offset":8,"vertices":[0.05878,3.8371,0.05878,3.8371,0.05878,3.8371,0.05878,3.8371,-0.76361,0.89267,0,0,0,0,0,0,0,0,0,0,0,0,0,0,0,0,0,0,0,0,0.16241,1.42909,0.48975,2.02295,1.90894,4.51068,1.90894,4.51068,1.29596,5.09387,-1.63464,1.55548,-0.61298,0.58319,-0.77368,-7.47665,-1.07544,-3.71388,-1.07544,-3.71388,-1.07544,-3.71388,2.4642,-2.20093,2.78241,-2.50362,1.32117,-1.1154,1.46124,-1.38821,-0.77368,-7.47665,-1.07544,-3.71388],"curve":[0.25,0,0.75,1]},{"time":4.8}]},"slwh_gjxcmaikejia1":{"slwh_gjxcmaikejia1":[{"time":0,"curve":"stepped"},{"time":4.8}]},"slwh_gjxcmaikejia2":{"slwh_gjxcmaikejia2":[{"time":0,"curve":"stepped"},{"time":4.8}]},"slwh_gjxcmaikeline":{"slwh_gjxcmaikeline":[{"time":0,"curve":"stepped"},{"time":4.8}]}}}}}}