{
    "bindingConfig": [
        {
            "boneName": "Bip001 L Finger02",
            "bindings": []
        },
        {
            "boneName": "Bip001 L Finger01",
            "bindings": []
        },
        {
            "boneName": "Bip001 L Finger0",
            "bindings": []
        },
        {
            "boneName": "Bip001 L Finger12",
            "bindings": []
        },
        {
            "boneName": "Bip001 L Finger11",
            "bindings": []
        },
        {
            "boneName": "Bip001 L Finger1",
            "bindings": []
        },
        {
            "boneName": "Bip001 L Finger22",
            "bindings": []
        },
        {
            "boneName": "Bip001 L Finger21",
            "bindings": []
        },
        {
            "boneName": "Bip001 L Finger2",
            "bindings": []
        },
        {
            "boneName": "Bip001 L Finger32",
            "bindings": []
        },
        {
            "boneName": "Bip001 L Finger31",
            "bindings": []
        },
        {
            "boneName": "Bip001 L Finger3",
            "bindings": []
        },
        {
            "boneName": "Bip001 L Finger42",
            "bindings": []
        },
        {
            "boneName": "Bip001 L Finger41",
            "bindings": []
        },
        {
            "boneName": "Bip001 L Finger4",
            "bindings": [
                {
                    "type": 1,
                    "rct": {
                        "center": [
                            0.0,
                            0.0,
                            0.0
                        ],
                        "extension": [
                            8.0,
                            3.0,
                            3.0
                        ],
                        "rotation": [
                            0.0,
                            0.0,
                            0.0
                        ],
                        "scale": [
                            1.0,
                            1.0,
                            1.0
                        ],
                        "translation": [
                            0.0,
                            0.0,
                            0.0
                        ]
                    },
                    "hex": {
                        "p1": [
                            0.0,
                            0.0,
                            0.0
                        ],
                        "p2": [
                            0.0,
                            0.0,
                            0.0
                        ],
                        "p3": [
                            0.0,
                            0.0,
                            0.0
                        ],
                        "p4": [
                            0.0,
                            0.0,
                            0.0
                        ],
                        "p5": [
                            0.0,
                            0.0,
                            0.0
                        ],
                        "p6": [
                            0.0,
                            0.0,
                            0.0
                        ],
                        "p7": [
                            0.0,
                            0.0,
                            0.0
                        ],
                        "p8": [
                            0.0,
                            0.0,
                            0.0
                        ],
                        "rotation": [
                            0.0,
                            0.0,
                            0.0
                        ],
                        "scale": [
                            1.0,
                            1.0,
                            1.0
                        ],
                        "translation": [
                            0.0,
                            0.0,
                            0.0
                        ]
                    }
                }
            ]
        },
        {
            "boneName": "Bone110",
            "bindings": []
        },
        {
            "boneName": "Bone109",
            "bindings": []
        },
        {
            "boneName": "Dummy002",
            "bindings": []
        },
        {
            "boneName": "Bip001 L Hand",
            "bindings": []
        },
        {
            "boneName": "Bip001 L Forearm",
            "bindings": [
                {
                    "type": 1,
                    "rct": {
                        "center": [
                            0.0,
                            0.0,
                            0.0
                        ],
                        "extension": [
                            13.0,
                            4.0,
                            -4.0
                        ],
                        "rotation": [
                            0.0,
                            0.0,
                            0.0872664600610733
                        ],
                        "scale": [
                            1.0,
                            1.0,
                            1.0
                        ],
                        "translation": [
                            0.0,
                            0.0,
                            0.0
                        ]
                    },
                    "hex": {
                        "p1": [
                            0.0,
                            0.0,
                            0.0
                        ],
                        "p2": [
                            0.0,
                            0.0,
                            0.0
                        ],
                        "p3": [
                            0.0,
                            0.0,
                            0.0
                        ],
                        "p4": [
                            0.0,
                            0.0,
                            0.0
                        ],
                        "p5": [
                            0.0,
                            0.0,
                            0.0
                        ],
                        "p6": [
                            0.0,
                            0.0,
                            0.0
                        ],
                        "p7": [
                            0.0,
                            0.0,
                            0.0
                        ],
                        "p8": [
                            0.0,
                            0.0,
                            0.0
                        ],
                        "rotation": [
                            0.0,
                            0.0,
                            0.0
                        ],
                        "scale": [
                            1.0,
                            1.0,
                            1.0
                        ],
                        "translation": [
                            0.0,
                            0.0,
                            0.0
                        ]
                    }
                }
            ]
        },
        {
            "boneName": "Bone036(mirrored)",
            "bindings": []
        },
        {
            "boneName": "Bone035(mirrored)",
            "bindings": []
        },
        {
            "boneName": "Bone034(mirrored)",
            "bindings": []
        },
        {
            "boneName": "Dummy010",
            "bindings": []
        },
        {
            "boneName": "Bip001 L UpperArm",
            "bindings": []
        },
        {
            "boneName": "Bip001 L Clavicle",
            "bindings": []
        },
        {
            "boneName": "Bip001 R Finger02",
            "bindings": []
        },
        {
            "boneName": "Bip001 R Finger01",
            "bindings": []
        },
        {
            "boneName": "Bip001 R Finger0",
            "bindings": []
        },
        {
            "boneName": "Bip001 R Finger12",
            "bindings": []
        },
        {
            "boneName": "Bip001 R Finger11",
            "bindings": []
        },
        {
            "boneName": "Bip001 R Finger1",
            "bindings": []
        },
        {
            "boneName": "Bip001 R Finger22",
            "bindings": []
        },
        {
            "boneName": "Bip001 R Finger21",
            "bindings": []
        },
        {
            "boneName": "Bip001 R Finger2",
            "bindings": []
        },
        {
            "boneName": "Bip001 R Finger32",
            "bindings": []
        },
        {
            "boneName": "Bip001 R Finger31",
            "bindings": []
        },
        {
            "boneName": "Bip001 R Finger3",
            "bindings": []
        },
        {
            "boneName": "Bip001 R Finger42",
            "bindings": []
        },
        {
            "boneName": "Bip001 R Finger41",
            "bindings": []
        },
        {
            "boneName": "Bip001 R Finger4",
            "bindings": [
                {
                    "type": 1,
                    "rct": {
                        "center": [
                            0.0,
                            0.0,
                            0.0
                        ],
                        "extension": [
                            7.0,
                            4.0,
                            3.0
                        ],
                        "rotation": [
                            0.0,
                            0.0,
                            0.0
                        ],
                        "scale": [
                            1.0,
                            1.0,
                            1.0
                        ],
                        "translation": [
                            0.0,
                            0.0,
                            0.0
                        ]
                    },
                    "hex": {
                        "p1": [
                            0.0,
                            0.0,
                            0.0
                        ],
                        "p2": [
                            0.0,
                            0.0,
                            0.0
                        ],
                        "p3": [
                            0.0,
                            0.0,
                            0.0
                        ],
                        "p4": [
                            0.0,
                            0.0,
                            0.0
                        ],
                        "p5": [
                            0.0,
                            0.0,
                            0.0
                        ],
                        "p6": [
                            0.0,
                            0.0,
                            0.0
                        ],
                        "p7": [
                            0.0,
                            0.0,
                            0.0
                        ],
                        "p8": [
                            0.0,
                            0.0,
                            0.0
                        ],
                        "rotation": [
                            0.0,
                            0.0,
                            0.0
                        ],
                        "scale": [
                            1.0,
                            1.0,
                            1.0
                        ],
                        "translation": [
                            0.0,
                            0.0,
                            0.0
                        ]
                    }
                }
            ]
        },
        {
            "boneName": "Bip001 R Hand",
            "bindings": []
        },
        {
            "boneName": "Bip001 R Forearm",
            "bindings": [
                {
                    "type": 1,
                    "rct": {
                        "center": [
                            0.0,
                            0.0,
                            0.0
                        ],
                        "extension": [
                            13.0,
                            4.0,
                            3.0
                        ],
                        "rotation": [
                            0.0,
                            0.0,
                            0.0
                        ],
                        "scale": [
                            1.0,
                            1.0,
                            1.0
                        ],
                        "translation": [
                            0.0,
                            0.0,
                            0.0
                        ]
                    },
                    "hex": {
                        "p1": [
                            0.0,
                            0.0,
                            0.0
                        ],
                        "p2": [
                            0.0,
                            0.0,
                            0.0
                        ],
                        "p3": [
                            0.0,
                            0.0,
                            0.0
                        ],
                        "p4": [
                            0.0,
                            0.0,
                            0.0
                        ],
                        "p5": [
                            0.0,
                            0.0,
                            0.0
                        ],
                        "p6": [
                            0.0,
                            0.0,
                            0.0
                        ],
                        "p7": [
                            0.0,
                            0.0,
                            0.0
                        ],
                        "p8": [
                            0.0,
                            0.0,
                            0.0
                        ],
                        "rotation": [
                            0.0,
                            0.0,
                            0.0
                        ],
                        "scale": [
                            1.0,
                            1.0,
                            1.0
                        ],
                        "translation": [
                            0.0,
                            0.0,
                            0.0
                        ]
                    }
                }
            ]
        },
        {
            "boneName": "Bone036",
            "bindings": []
        },
        {
            "boneName": "Bone035",
            "bindings": []
        },
        {
            "boneName": "Bone034",
            "bindings": []
        },
        {
            "boneName": "Dummy009",
            "bindings": []
        },
        {
            "boneName": "Bip001 R UpperArm",
            "bindings": []
        },
        {
            "boneName": "Bip001 R Clavicle",
            "bindings": []
        },
        {
            "boneName": "Bone073",
            "bindings": []
        },
        {
            "boneName": "Bone072",
            "bindings": []
        },
        {
            "boneName": "Bone071",
            "bindings": []
        },
        {
            "boneName": "Bone070",
            "bindings": []
        },
        {
            "boneName": "Bone069",
            "bindings": [
                {
                    "type": 1,
                    "rct": {
                        "center": [
                            -2.0,
                            0.0,
                            -2.0
                        ],
                        "extension": [
                            8.0,
                            3.0,
                            3.0
                        ],
                        "rotation": [
                            0.0,
                            0.0,
                            0.6457718014717102
                        ],
                        "scale": [
                            1.0,
                            1.0,
                            1.0
                        ],
                        "translation": [
                            0.0,
                            0.0,
                            0.0
                        ]
                    },
                    "hex": {
                        "p1": [
                            0.0,
                            0.0,
                            0.0
                        ],
                        "p2": [
                            0.0,
                            0.0,
                            0.0
                        ],
                        "p3": [
                            0.0,
                            0.0,
                            0.0
                        ],
                        "p4": [
                            0.0,
                            0.0,
                            0.0
                        ],
                        "p5": [
                            0.0,
                            0.0,
                            0.0
                        ],
                        "p6": [
                            0.0,
                            0.0,
                            0.0
                        ],
                        "p7": [
                            0.0,
                            0.0,
                            0.0
                        ],
                        "p8": [
                            0.0,
                            0.0,
                            0.0
                        ],
                        "rotation": [
                            0.0,
                            0.0,
                            0.0
                        ],
                        "scale": [
                            1.0,
                            1.0,
                            1.0
                        ],
                        "translation": [
                            0.0,
                            0.0,
                            0.0
                        ]
                    }
                }
            ]
        },
        {
            "boneName": "Bone068",
            "bindings": []
        },
        {
            "boneName": "Bone067",
            "bindings": []
        },
        {
            "boneName": "Bone082",
            "bindings": []
        },
        {
            "boneName": "Bone081",
            "bindings": []
        },
        {
            "boneName": "Bone080",
            "bindings": [
                {
                    "type": 1,
                    "rct": {
                        "center": [
                            0.0,
                            0.0,
                            0.0
                        ],
                        "extension": [
                            12.0,
                            3.0,
                            3.0
                        ],
                        "rotation": [
                            0.0,
                            0.0,
                            0.0
                        ],
                        "scale": [
                            1.0,
                            1.0,
                            1.0
                        ],
                        "translation": [
                            0.0,
                            0.0,
                            0.0
                        ]
                    },
                    "hex": {
                        "p1": [
                            0.0,
                            0.0,
                            0.0
                        ],
                        "p2": [
                            0.0,
                            0.0,
                            0.0
                        ],
                        "p3": [
                            0.0,
                            0.0,
                            0.0
                        ],
                        "p4": [
                            0.0,
                            0.0,
                            0.0
                        ],
                        "p5": [
                            0.0,
                            0.0,
                            0.0
                        ],
                        "p6": [
                            0.0,
                            0.0,
                            0.0
                        ],
                        "p7": [
                            0.0,
                            0.0,
                            0.0
                        ],
                        "p8": [
                            0.0,
                            0.0,
                            0.0
                        ],
                        "rotation": [
                            0.0,
                            0.0,
                            0.0
                        ],
                        "scale": [
                            1.0,
                            1.0,
                            1.0
                        ],
                        "translation": [
                            0.0,
                            0.0,
                            0.0
                        ]
                    }
                }
            ]
        },
        {
            "boneName": "Bone079",
            "bindings": []
        },
        {
            "boneName": "Bone078",
            "bindings": []
        },
        {
            "boneName": "Bone077",
            "bindings": []
        },
        {
            "boneName": "Bone088",
            "bindings": []
        },
        {
            "boneName": "Bone087",
            "bindings": []
        },
        {
            "boneName": "Bone086",
            "bindings": []
        },
        {
            "boneName": "Bone085",
            "bindings": [
                {
                    "type": 1,
                    "rct": {
                        "center": [
                            0.0,
                            3.0,
                            -1.0
                        ],
                        "extension": [
                            14.0,
                            4.0,
                            5.0
                        ],
                        "rotation": [
                            0.0,
                            0.0,
                            -0.1745329201221466
                        ],
                        "scale": [
                            1.0,
                            1.0,
                            1.0
                        ],
                        "translation": [
                            0.0,
                            0.0,
                            0.0
                        ]
                    },
                    "hex": {
                        "p1": [
                            0.0,
                            0.0,
                            0.0
                        ],
                        "p2": [
                            0.0,
                            0.0,
                            0.0
                        ],
                        "p3": [
                            0.0,
                            0.0,
                            0.0
                        ],
                        "p4": [
                            0.0,
                            0.0,
                            0.0
                        ],
                        "p5": [
                            0.0,
                            0.0,
                            0.0
                        ],
                        "p6": [
                            0.0,
                            0.0,
                            0.0
                        ],
                        "p7": [
                            0.0,
                            0.0,
                            0.0
                        ],
                        "p8": [
                            0.0,
                            0.0,
                            0.0
                        ],
                        "rotation": [
                            0.0,
                            0.0,
                            0.0
                        ],
                        "scale": [
                            1.0,
                            1.0,
                            1.0
                        ],
                        "translation": [
                            0.0,
                            0.0,
                            0.0
                        ]
                    }
                }
            ]
        },
        {
            "boneName": "Bone084",
            "bindings": []
        },
        {
            "boneName": "Bone083",
            "bindings": []
        },
        {
            "boneName": "Bone093",
            "bindings": []
        },
        {
            "boneName": "Bone092",
            "bindings": []
        },
        {
            "boneName": "Bone091",
            "bindings": [
                {
                    "type": 1,
                    "rct": {
                        "center": [
                            6.0,
                            0.0,
                            0.0
                        ],
                        "extension": [
                            9.0,
                            5.0,
                            3.0
                        ],
                        "rotation": [
                            0.0,
                            0.0,
                            0.0
                        ],
                        "scale": [
                            1.0,
                            1.0,
                            1.0
                        ],
                        "translation": [
                            0.0,
                            0.0,
                            0.0
                        ]
                    },
                    "hex": {
                        "p1": [
                            0.0,
                            0.0,
                            0.0
                        ],
                        "p2": [
                            0.0,
                            0.0,
                            0.0
                        ],
                        "p3": [
                            0.0,
                            0.0,
                            0.0
                        ],
                        "p4": [
                            0.0,
                            0.0,
                            0.0
                        ],
                        "p5": [
                            0.0,
                            0.0,
                            0.0
                        ],
                        "p6": [
                            0.0,
                            0.0,
                            0.0
                        ],
                        "p7": [
                            0.0,
                            0.0,
                            0.0
                        ],
                        "p8": [
                            0.0,
                            0.0,
                            0.0
                        ],
                        "rotation": [
                            0.0,
                            0.0,
                            0.0
                        ],
                        "scale": [
                            1.0,
                            1.0,
                            1.0
                        ],
                        "translation": [
                            0.0,
                            0.0,
                            0.0
                        ]
                    }
                }
            ]
        },
        {
            "boneName": "Bone090",
            "bindings": []
        },
        {
            "boneName": "Bone089",
            "bindings": [
                {
                    "type": 1,
                    "rct": {
                        "center": [
                            0.0,
                            0.0,
                            0.0
                        ],
                        "extension": [
                            13.0,
                            4.0,
                            5.0
                        ],
                        "rotation": [
                            0.0,
                            0.0,
                            0.0
                        ],
                        "scale": [
                            1.0,
                            1.0,
                            1.0
                        ],
                        "translation": [
                            0.0,
                            0.0,
                            0.0
                        ]
                    },
                    "hex": {
                        "p1": [
                            0.0,
                            0.0,
                            0.0
                        ],
                        "p2": [
                            0.0,
                            0.0,
                            0.0
                        ],
                        "p3": [
                            0.0,
                            0.0,
                            0.0
                        ],
                        "p4": [
                            0.0,
                            0.0,
                            0.0
                        ],
                        "p5": [
                            0.0,
                            0.0,
                            0.0
                        ],
                        "p6": [
                            0.0,
                            0.0,
                            0.0
                        ],
                        "p7": [
                            0.0,
                            0.0,
                            0.0
                        ],
                        "p8": [
                            0.0,
                            0.0,
                            0.0
                        ],
                        "rotation": [
                            0.0,
                            0.0,
                            0.0
                        ],
                        "scale": [
                            1.0,
                            1.0,
                            1.0
                        ],
                        "translation": [
                            0.0,
                            0.0,
                            0.0
                        ]
                    }
                }
            ]
        },
        {
            "boneName": "Bone076",
            "bindings": []
        },
        {
            "boneName": "Bone075",
            "bindings": []
        },
        {
            "boneName": "Bone074",
            "bindings": []
        },
        {
            "boneName": "Bone101",
            "bindings": []
        },
        {
            "boneName": "Bone100",
            "bindings": []
        },
        {
            "boneName": "Bone099",
            "bindings": []
        },
        {
            "boneName": "Bone098",
            "bindings": []
        },
        {
            "boneName": "Bone097",
            "bindings": []
        },
        {
            "boneName": "Bone096",
            "bindings": []
        },
        {
            "boneName": "Bone095",
            "bindings": []
        },
        {
            "boneName": "Bone094",
            "bindings": []
        },
        {
            "boneName": "Bone108",
            "bindings": []
        },
        {
            "boneName": "Bone107",
            "bindings": []
        },
        {
            "boneName": "Bone106",
            "bindings": []
        },
        {
            "boneName": "Bone105",
            "bindings": []
        },
        {
            "boneName": "Bone104",
            "bindings": []
        },
        {
            "boneName": "Bone103",
            "bindings": []
        },
        {
            "boneName": "Bone102",
            "bindings": []
        },
        {
            "boneName": "Bone101(mirrored)",
            "bindings": []
        },
        {
            "boneName": "Bone100(mirrored)",
            "bindings": []
        },
        {
            "boneName": "Bone099(mirrored)",
            "bindings": []
        },
        {
            "boneName": "Bone098(mirrored)",
            "bindings": []
        },
        {
            "boneName": "Bone097(mirrored)",
            "bindings": []
        },
        {
            "boneName": "Bone096(mirrored)",
            "bindings": []
        },
        {
            "boneName": "Bone095(mirrored)",
            "bindings": []
        },
        {
            "boneName": "Bone094(mirrored)",
            "bindings": []
        },
        {
            "boneName": "Bone077(mirrored)",
            "bindings": []
        },
        {
            "boneName": "Bone093(mirrored)",
            "bindings": []
        },
        {
            "boneName": "Bone092(mirrored)",
            "bindings": []
        },
        {
            "boneName": "Bone091(mirrored)",
            "bindings": []
        },
        {
            "boneName": "Bone090(mirrored)",
            "bindings": []
        },
        {
            "boneName": "Bone089(mirrored)",
            "bindings": [
                {
                    "type": 1,
                    "rct": {
                        "center": [
                            0.0,
                            0.0,
                            0.0
                        ],
                        "extension": [
                            11.0,
                            4.0,
                            4.0
                        ],
                        "rotation": [
                            0.0,
                            0.0,
                            0.0
                        ],
                        "scale": [
                            1.0,
                            1.0,
                            1.0
                        ],
                        "translation": [
                            0.0,
                            0.0,
                            0.0
                        ]
                    },
                    "hex": {
                        "p1": [
                            0.0,
                            0.0,
                            0.0
                        ],
                        "p2": [
                            0.0,
                            0.0,
                            0.0
                        ],
                        "p3": [
                            0.0,
                            0.0,
                            0.0
                        ],
                        "p4": [
                            0.0,
                            0.0,
                            0.0
                        ],
                        "p5": [
                            0.0,
                            0.0,
                            0.0
                        ],
                        "p6": [
                            0.0,
                            0.0,
                            0.0
                        ],
                        "p7": [
                            0.0,
                            0.0,
                            0.0
                        ],
                        "p8": [
                            0.0,
                            0.0,
                            0.0
                        ],
                        "rotation": [
                            0.0,
                            0.0,
                            0.0
                        ],
                        "scale": [
                            1.0,
                            1.0,
                            1.0
                        ],
                        "translation": [
                            0.0,
                            0.0,
                            0.0
                        ]
                    }
                }
            ]
        },
        {
            "boneName": "Bone088(mirrored)",
            "bindings": []
        },
        {
            "boneName": "Bone087(mirrored)",
            "bindings": []
        },
        {
            "boneName": "Bone086(mirrored)",
            "bindings": []
        },
        {
            "boneName": "Bone085(mirrored)",
            "bindings": []
        },
        {
            "boneName": "Bone084(mirrored)",
            "bindings": [
                {
                    "type": 1,
                    "rct": {
                        "center": [
                            0.0,
                            0.0,
                            0.0
                        ],
                        "extension": [
                            12.0,
                            3.0,
                            2.0
                        ],
                        "rotation": [
                            0.0,
                            0.0,
                            -0.05235987901687622
                        ],
                        "scale": [
                            1.0,
                            1.0,
                            1.0
                        ],
                        "translation": [
                            0.0,
                            0.0,
                            0.0
                        ]
                    },
                    "hex": {
                        "p1": [
                            0.0,
                            0.0,
                            0.0
                        ],
                        "p2": [
                            0.0,
                            0.0,
                            0.0
                        ],
                        "p3": [
                            0.0,
                            0.0,
                            0.0
                        ],
                        "p4": [
                            0.0,
                            0.0,
                            0.0
                        ],
                        "p5": [
                            0.0,
                            0.0,
                            0.0
                        ],
                        "p6": [
                            0.0,
                            0.0,
                            0.0
                        ],
                        "p7": [
                            0.0,
                            0.0,
                            0.0
                        ],
                        "p8": [
                            0.0,
                            0.0,
                            0.0
                        ],
                        "rotation": [
                            0.0,
                            0.0,
                            0.0
                        ],
                        "scale": [
                            1.0,
                            1.0,
                            1.0
                        ],
                        "translation": [
                            0.0,
                            0.0,
                            0.0
                        ]
                    }
                }
            ]
        },
        {
            "boneName": "Bone083(mirrored)",
            "bindings": []
        },
        {
            "boneName": "Bone076(mirrored)",
            "bindings": []
        },
        {
            "boneName": "Bone075(mirrored)",
            "bindings": [
                {
                    "type": 1,
                    "rct": {
                        "center": [
                            0.0,
                            0.0,
                            0.0
                        ],
                        "extension": [
                            10.0,
                            7.0,
                            3.0
                        ],
                        "rotation": [
                            0.0,
                            0.0,
                            -0.5235987901687622
                        ],
                        "scale": [
                            1.0,
                            1.0,
                            1.0
                        ],
                        "translation": [
                            0.0,
                            0.0,
                            0.0
                        ]
                    },
                    "hex": {
                        "p1": [
                            0.0,
                            0.0,
                            0.0
                        ],
                        "p2": [
                            0.0,
                            0.0,
                            0.0
                        ],
                        "p3": [
                            0.0,
                            0.0,
                            0.0
                        ],
                        "p4": [
                            0.0,
                            0.0,
                            0.0
                        ],
                        "p5": [
                            0.0,
                            0.0,
                            0.0
                        ],
                        "p6": [
                            0.0,
                            0.0,
                            0.0
                        ],
                        "p7": [
                            0.0,
                            0.0,
                            0.0
                        ],
                        "p8": [
                            0.0,
                            0.0,
                            0.0
                        ],
                        "rotation": [
                            0.0,
                            0.0,
                            0.0
                        ],
                        "scale": [
                            1.0,
                            1.0,
                            1.0
                        ],
                        "translation": [
                            0.0,
                            0.0,
                            0.0
                        ]
                    }
                }
            ]
        },
        {
            "boneName": "Bone074(mirrored)",
            "bindings": []
        },
        {
            "boneName": "Bone073(mirrored)",
            "bindings": []
        },
        {
            "boneName": "Bone072(mirrored)",
            "bindings": []
        },
        {
            "boneName": "Bone071(mirrored)",
            "bindings": []
        },
        {
            "boneName": "Bone070(mirrored)",
            "bindings": []
        },
        {
            "boneName": "Bone069(mirrored)",
            "bindings": []
        },
        {
            "boneName": "Bone068(mirrored)",
            "bindings": []
        },
        {
            "boneName": "Bone067(mirrored)",
            "bindings": []
        },
        {
            "boneName": "Bone082(mirrored)",
            "bindings": []
        },
        {
            "boneName": "Bone081(mirrored)",
            "bindings": [
                {
                    "type": 1,
                    "rct": {
                        "center": [
                            -3.0,
                            0.0,
                            0.0
                        ],
                        "extension": [
                            9.0,
                            2.0,
                            2.0
                        ],
                        "rotation": [
                            0.0,
                            0.0,
                            0.4712388813495636
                        ],
                        "scale": [
                            1.0,
                            1.0,
                            1.0
                        ],
                        "translation": [
                            0.0,
                            0.0,
                            0.0
                        ]
                    },
                    "hex": {
                        "p1": [
                            0.0,
                            0.0,
                            0.0
                        ],
                        "p2": [
                            0.0,
                            0.0,
                            0.0
                        ],
                        "p3": [
                            0.0,
                            0.0,
                            0.0
                        ],
                        "p4": [
                            0.0,
                            0.0,
                            0.0
                        ],
                        "p5": [
                            0.0,
                            0.0,
                            0.0
                        ],
                        "p6": [
                            0.0,
                            0.0,
                            0.0
                        ],
                        "p7": [
                            0.0,
                            0.0,
                            0.0
                        ],
                        "p8": [
                            0.0,
                            0.0,
                            0.0
                        ],
                        "rotation": [
                            0.0,
                            0.0,
                            0.0
                        ],
                        "scale": [
                            1.0,
                            1.0,
                            1.0
                        ],
                        "translation": [
                            0.0,
                            0.0,
                            0.0
                        ]
                    }
                }
            ]
        },
        {
            "boneName": "Bone080(mirrored)",
            "bindings": []
        },
        {
            "boneName": "Bone079(mirrored)",
            "bindings": []
        },
        {
            "boneName": "Bone078(mirrored)",
            "bindings": []
        },
        {
            "boneName": "Dummy016",
            "bindings": []
        },
        {
            "boneName": "Bone054",
            "bindings": []
        },
        {
            "boneName": "Bone053",
            "bindings": [
                {
                    "type": 1,
                    "rct": {
                        "center": [
                            6.0,
                            0.0,
                            0.0
                        ],
                        "extension": [
                            11.0,
                            3.0,
                            1.0
                        ],
                        "rotation": [
                            0.0,
                            0.0,
                            0.0
                        ],
                        "scale": [
                            1.0,
                            1.0,
                            1.0
                        ],
                        "translation": [
                            0.0,
                            0.0,
                            0.0
                        ]
                    },
                    "hex": {
                        "p1": [
                            0.0,
                            0.0,
                            0.0
                        ],
                        "p2": [
                            0.0,
                            0.0,
                            0.0
                        ],
                        "p3": [
                            0.0,
                            0.0,
                            0.0
                        ],
                        "p4": [
                            0.0,
                            0.0,
                            0.0
                        ],
                        "p5": [
                            0.0,
                            0.0,
                            0.0
                        ],
                        "p6": [
                            0.0,
                            0.0,
                            0.0
                        ],
                        "p7": [
                            0.0,
                            0.0,
                            0.0
                        ],
                        "p8": [
                            0.0,
                            0.0,
                            0.0
                        ],
                        "rotation": [
                            0.0,
                            0.0,
                            0.0
                        ],
                        "scale": [
                            1.0,
                            1.0,
                            1.0
                        ],
                        "translation": [
                            0.0,
                            0.0,
                            0.0
                        ]
                    }
                }
            ]
        },
        {
            "boneName": "Bone052",
            "bindings": []
        },
        {
            "boneName": "Bone051",
            "bindings": []
        },
        {
            "boneName": "Bone050",
            "bindings": []
        },
        {
            "boneName": "Bone054(mirrored)",
            "bindings": []
        },
        {
            "boneName": "Bone053(mirrored)",
            "bindings": [
                {
                    "type": 1,
                    "rct": {
                        "center": [
                            7.0,
                            0.0,
                            0.0
                        ],
                        "extension": [
                            10.0,
                            3.0,
                            3.0
                        ],
                        "rotation": [
                            0.0,
                            0.0,
                            0.0
                        ],
                        "scale": [
                            1.0,
                            1.0,
                            1.0
                        ],
                        "translation": [
                            0.0,
                            0.0,
                            0.0
                        ]
                    },
                    "hex": {
                        "p1": [
                            0.0,
                            0.0,
                            0.0
                        ],
                        "p2": [
                            0.0,
                            0.0,
                            0.0
                        ],
                        "p3": [
                            0.0,
                            0.0,
                            0.0
                        ],
                        "p4": [
                            0.0,
                            0.0,
                            0.0
                        ],
                        "p5": [
                            0.0,
                            0.0,
                            0.0
                        ],
                        "p6": [
                            0.0,
                            0.0,
                            0.0
                        ],
                        "p7": [
                            0.0,
                            0.0,
                            0.0
                        ],
                        "p8": [
                            0.0,
                            0.0,
                            0.0
                        ],
                        "rotation": [
                            0.0,
                            0.0,
                            0.0
                        ],
                        "scale": [
                            1.0,
                            1.0,
                            1.0
                        ],
                        "translation": [
                            0.0,
                            0.0,
                            0.0
                        ]
                    }
                }
            ]
        },
        {
            "boneName": "Bone052(mirrored)",
            "bindings": []
        },
        {
            "boneName": "Bone051(mirrored)",
            "bindings": []
        },
        {
            "boneName": "Bone050(mirrored)",
            "bindings": []
        },
        {
            "boneName": "Bone058",
            "bindings": []
        },
        {
            "boneName": "Bone057",
            "bindings": []
        },
        {
            "boneName": "Bone056",
            "bindings": []
        },
        {
            "boneName": "Bone055",
            "bindings": []
        },
        {
            "boneName": "Bone062",
            "bindings": []
        },
        {
            "boneName": "Bone061",
            "bindings": []
        },
        {
            "boneName": "Bone060",
            "bindings": []
        },
        {
            "boneName": "Bone059",
            "bindings": []
        },
        {
            "boneName": "Bone066",
            "bindings": []
        },
        {
            "boneName": "Bone065",
            "bindings": []
        },
        {
            "boneName": "Bone064",
            "bindings": []
        },
        {
            "boneName": "Bone063",
            "bindings": []
        },
        {
            "boneName": "Dummy014",
            "bindings": []
        },
        {
            "boneName": "Bone043",
            "bindings": [
                {
                    "type": 1,
                    "rct": {
                        "center": [
                            -22.0,
                            13.0,
                            0.0
                        ],
                        "extension": [
                            19.0,
                            18.0,
                            14.0
                        ],
                        "rotation": [
                            0.0,
                            0.0,
                            0.0
                        ],
                        "scale": [
                            1.0,
                            1.0,
                            1.0
                        ],
                        "translation": [
                            0.0,
                            0.0,
                            0.0
                        ]
                    },
                    "hex": {
                        "p1": [
                            0.0,
                            0.0,
                            0.0
                        ],
                        "p2": [
                            0.0,
                            0.0,
                            0.0
                        ],
                        "p3": [
                            0.0,
                            0.0,
                            0.0
                        ],
                        "p4": [
                            0.0,
                            0.0,
                            0.0
                        ],
                        "p5": [
                            0.0,
                            0.0,
                            0.0
                        ],
                        "p6": [
                            0.0,
                            0.0,
                            0.0
                        ],
                        "p7": [
                            0.0,
                            0.0,
                            0.0
                        ],
                        "p8": [
                            0.0,
                            0.0,
                            0.0
                        ],
                        "rotation": [
                            0.0,
                            0.0,
                            0.0
                        ],
                        "scale": [
                            1.0,
                            1.0,
                            1.0
                        ],
                        "translation": [
                            0.0,
                            0.0,
                            0.0
                        ]
                    }
                }
            ]
        },
        {
            "boneName": "Bone042",
            "bindings": []
        },
        {
            "boneName": "Bone041",
            "bindings": []
        },
        {
            "boneName": "Bone040",
            "bindings": []
        },
        {
            "boneName": "Dummy011",
            "bindings": []
        },
        {
            "boneName": "Bone047",
            "bindings": []
        },
        {
            "boneName": "Bone046",
            "bindings": []
        },
        {
            "boneName": "Bone045",
            "bindings": []
        },
        {
            "boneName": "Bone044",
            "bindings": []
        },
        {
            "boneName": "Bone049",
            "bindings": []
        },
        {
            "boneName": "Bone048",
            "bindings": []
        },
        {
            "boneName": "Dummy012",
            "bindings": []
        },
        {
            "boneName": "Bone047(mirrored)",
            "bindings": []
        },
        {
            "boneName": "Bone046(mirrored)",
            "bindings": []
        },
        {
            "boneName": "Bone045(mirrored)",
            "bindings": []
        },
        {
            "boneName": "Bone044(mirrored)",
            "bindings": []
        },
        {
            "boneName": "Bone049(mirrored)",
            "bindings": []
        },
        {
            "boneName": "Bone048(mirrored)",
            "bindings": []
        },
        {
            "boneName": "Dummy013",
            "bindings": []
        },
        {
            "boneName": "Bone058(mirrored)",
            "bindings": []
        },
        {
            "boneName": "Bone057(mirrored)",
            "bindings": []
        },
        {
            "boneName": "Bone056(mirrored)",
            "bindings": []
        },
        {
            "boneName": "Bone055(mirrored)",
            "bindings": []
        },
        {
            "boneName": "Bone062(mirrored)",
            "bindings": []
        },
        {
            "boneName": "Bone061(mirrored)",
            "bindings": []
        },
        {
            "boneName": "Bone060(mirrored)",
            "bindings": []
        },
        {
            "boneName": "Bone059(mirrored)",
            "bindings": []
        },
        {
            "boneName": "Bone066(mirrored)",
            "bindings": []
        },
        {
            "boneName": "Bone065(mirrored)",
            "bindings": []
        },
        {
            "boneName": "Bone064(mirrored)",
            "bindings": []
        },
        {
            "boneName": "Bone063(mirrored)",
            "bindings": []
        },
        {
            "boneName": "Dummy015",
            "bindings": []
        },
        {
            "boneName": "Bip001 Head",
            "bindings": [
                {
                    "type": 1,
                    "rct": {
                        "center": [
                            0.0,
                            0.0,
                            0.0
                        ],
                        "extension": [
                            6.0,
                            4.0,
                            10.0
                        ],
                        "rotation": [
                            0.0,
                            0.0,
                            0.0
                        ],
                        "scale": [
                            1.0,
                            1.0,
                            1.0
                        ],
                        "translation": [
                            0.0,
                            0.0,
                            0.0
                        ]
                    },
                    "hex": {
                        "p1": [
                            0.0,
                            0.0,
                            0.0
                        ],
                        "p2": [
                            0.0,
                            0.0,
                            0.0
                        ],
                        "p3": [
                            0.0,
                            0.0,
                            0.0
                        ],
                        "p4": [
                            0.0,
                            0.0,
                            0.0
                        ],
                        "p5": [
                            0.0,
                            0.0,
                            0.0
                        ],
                        "p6": [
                            0.0,
                            0.0,
                            0.0
                        ],
                        "p7": [
                            0.0,
                            0.0,
                            0.0
                        ],
                        "p8": [
                            0.0,
                            0.0,
                            0.0
                        ],
                        "rotation": [
                            0.0,
                            0.0,
                            0.0
                        ],
                        "scale": [
                            1.0,
                            1.0,
                            1.0
                        ],
                        "translation": [
                            0.0,
                            0.0,
                            0.0
                        ]
                    }
                }
            ]
        },
        {
            "boneName": "Bip001 Neck",
            "bindings": []
        },
        {
            "boneName": "Bone039",
            "bindings": []
        },
        {
            "boneName": "Bone038",
            "bindings": []
        },
        {
            "boneName": "Bone037",
            "bindings": []
        },
        {
            "boneName": "Bone039(mirrored)",
            "bindings": []
        },
        {
            "boneName": "Bone038(mirrored)",
            "bindings": []
        },
        {
            "boneName": "Bone037(mirrored)",
            "bindings": []
        },
        {
            "boneName": "Bip001 Spine2",
            "bindings": [
                {
                    "type": 1,
                    "rct": {
                        "center": [
                            0.0,
                            0.0,
                            0.0
                        ],
                        "extension": [
                            12.0,
                            7.0,
                            9.0
                        ],
                        "rotation": [
                            0.0,
                            0.0,
                            0.0
                        ],
                        "scale": [
                            1.0,
                            1.0,
                            1.0
                        ],
                        "translation": [
                            0.0,
                            0.0,
                            0.0
                        ]
                    },
                    "hex": {
                        "p1": [
                            0.0,
                            0.0,
                            0.0
                        ],
                        "p2": [
                            0.0,
                            0.0,
                            0.0
                        ],
                        "p3": [
                            0.0,
                            0.0,
                            0.0
                        ],
                        "p4": [
                            0.0,
                            0.0,
                            0.0
                        ],
                        "p5": [
                            0.0,
                            0.0,
                            0.0
                        ],
                        "p6": [
                            0.0,
                            0.0,
                            0.0
                        ],
                        "p7": [
                            0.0,
                            0.0,
                            0.0
                        ],
                        "p8": [
                            0.0,
                            0.0,
                            0.0
                        ],
                        "rotation": [
                            0.0,
                            0.0,
                            0.0
                        ],
                        "scale": [
                            1.0,
                            1.0,
                            1.0
                        ],
                        "translation": [
                            0.0,
                            0.0,
                            0.0
                        ]
                    }
                }
            ]
        },
        {
            "boneName": "Bip001 Spine1",
            "bindings": []
        },
        {
            "boneName": "Bip001 Spine",
            "bindings": []
        },
        {
            "boneName": "Bone033",
            "bindings": []
        },
        {
            "boneName": "Bone032",
            "bindings": []
        },
        {
            "boneName": "Bone031",
            "bindings": []
        },
        {
            "boneName": "Bone030",
            "bindings": []
        },
        {
            "boneName": "Bone029",
            "bindings": []
        },
        {
            "boneName": "Dummy006",
            "bindings": []
        },
        {
            "boneName": "Bone028",
            "bindings": []
        },
        {
            "boneName": "Bone027",
            "bindings": []
        },
        {
            "boneName": "Bone026",
            "bindings": []
        },
        {
            "boneName": "Bone025",
            "bindings": []
        },
        {
            "boneName": "Bone024",
            "bindings": []
        },
        {
            "boneName": "Bone023",
            "bindings": []
        },
        {
            "boneName": "Dummy007",
            "bindings": []
        },
        {
            "boneName": "Bone022",
            "bindings": []
        },
        {
            "boneName": "Bone021",
            "bindings": []
        },
        {
            "boneName": "Bone020",
            "bindings": []
        },
        {
            "boneName": "Bone019",
            "bindings": []
        },
        {
            "boneName": "Bone018",
            "bindings": []
        },
        {
            "boneName": "Dummy008",
            "bindings": []
        },
        {
            "boneName": "Bone033(mirrored)",
            "bindings": []
        },
        {
            "boneName": "Bone032(mirrored)",
            "bindings": []
        },
        {
            "boneName": "Bone031(mirrored)",
            "bindings": []
        },
        {
            "boneName": "Bone030(mirrored)",
            "bindings": []
        },
        {
            "boneName": "Bone029(mirrored)",
            "bindings": []
        },
        {
            "boneName": "Dummy003",
            "bindings": []
        },
        {
            "boneName": "Bone028(mirrored)",
            "bindings": []
        },
        {
            "boneName": "Bone027(mirrored)",
            "bindings": []
        },
        {
            "boneName": "Bone026(mirrored)",
            "bindings": []
        },
        {
            "boneName": "Bone025(mirrored)",
            "bindings": []
        },
        {
            "boneName": "Bone024(mirrored)",
            "bindings": []
        },
        {
            "boneName": "Bone023(mirrored)",
            "bindings": []
        },
        {
            "boneName": "Dummy004",
            "bindings": []
        },
        {
            "boneName": "Bone022(mirrored)",
            "bindings": []
        },
        {
            "boneName": "Bone021(mirrored)",
            "bindings": []
        },
        {
            "boneName": "Bone020(mirrored)",
            "bindings": []
        },
        {
            "boneName": "Bone019(mirrored)",
            "bindings": []
        },
        {
            "boneName": "Bone018(mirrored)",
            "bindings": []
        },
        {
            "boneName": "Dummy005",
            "bindings": []
        },
        {
            "boneName": "Bip001 Pelvis",
            "bindings": []
        },
        {
            "boneName": "Bip001",
            "bindings": []
        },
        {
            "boneName": "Bone009",
            "bindings": []
        },
        {
            "boneName": "Bone014",
            "bindings": []
        },
        {
            "boneName": "Bone013",
            "bindings": []
        },
        {
            "boneName": "Bone012",
            "bindings": [
                {
                    "type": 1,
                    "rct": {
                        "center": [
                            0.0,
                            0.0,
                            0.0
                        ],
                        "extension": [
                            14.0,
                            9.0,
                            3.0
                        ],
                        "rotation": [
                            0.0,
                            0.0,
                            0.22689279913902284
                        ],
                        "scale": [
                            1.0,
                            1.0,
                            1.0
                        ],
                        "translation": [
                            0.0,
                            0.0,
                            0.0
                        ]
                    },
                    "hex": {
                        "p1": [
                            0.0,
                            0.0,
                            0.0
                        ],
                        "p2": [
                            0.0,
                            0.0,
                            0.0
                        ],
                        "p3": [
                            0.0,
                            0.0,
                            0.0
                        ],
                        "p4": [
                            0.0,
                            0.0,
                            0.0
                        ],
                        "p5": [
                            0.0,
                            0.0,
                            0.0
                        ],
                        "p6": [
                            0.0,
                            0.0,
                            0.0
                        ],
                        "p7": [
                            0.0,
                            0.0,
                            0.0
                        ],
                        "p8": [
                            0.0,
                            0.0,
                            0.0
                        ],
                        "rotation": [
                            0.0,
                            0.0,
                            0.0
                        ],
                        "scale": [
                            1.0,
                            1.0,
                            1.0
                        ],
                        "translation": [
                            0.0,
                            0.0,
                            0.0
                        ]
                    }
                }
            ]
        },
        {
            "boneName": "Bone011",
            "bindings": []
        },
        {
            "boneName": "Bone010",
            "bindings": []
        },
        {
            "boneName": "Bone014(mirrored)",
            "bindings": []
        },
        {
            "boneName": "Bone013(mirrored)",
            "bindings": []
        },
        {
            "boneName": "Bone012(mirrored)",
            "bindings": [
                {
                    "type": 1,
                    "rct": {
                        "center": [
                            0.0,
                            0.0,
                            0.0
                        ],
                        "extension": [
                            13.0,
                            9.0,
                            4.0
                        ],
                        "rotation": [
                            0.0,
                            0.0,
                            -0.12217304855585098
                        ],
                        "scale": [
                            1.0,
                            1.0,
                            1.0
                        ],
                        "translation": [
                            0.0,
                            0.0,
                            0.0
                        ]
                    },
                    "hex": {
                        "p1": [
                            0.0,
                            0.0,
                            0.0
                        ],
                        "p2": [
                            0.0,
                            0.0,
                            0.0
                        ],
                        "p3": [
                            0.0,
                            0.0,
                            0.0
                        ],
                        "p4": [
                            0.0,
                            0.0,
                            0.0
                        ],
                        "p5": [
                            0.0,
                            0.0,
                            0.0
                        ],
                        "p6": [
                            0.0,
                            0.0,
                            0.0
                        ],
                        "p7": [
                            0.0,
                            0.0,
                            0.0
                        ],
                        "p8": [
                            0.0,
                            0.0,
                            0.0
                        ],
                        "rotation": [
                            0.0,
                            0.0,
                            0.0
                        ],
                        "scale": [
                            1.0,
                            1.0,
                            1.0
                        ],
                        "translation": [
                            0.0,
                            0.0,
                            0.0
                        ]
                    }
                }
            ]
        },
        {
            "boneName": "Bone011(mirrored)",
            "bindings": []
        },
        {
            "boneName": "Bone010(mirrored)",
            "bindings": []
        },
        {
            "boneName": "Bone008",
            "bindings": [
                {
                    "type": 1,
                    "rct": {
                        "center": [
                            0.0,
                            0.0,
                            0.0
                        ],
                        "extension": [
                            19.0,
                            8.0,
                            9.0
                        ],
                        "rotation": [
                            0.0,
                            0.0,
                            0.0
                        ],
                        "scale": [
                            1.0,
                            1.0,
                            1.0
                        ],
                        "translation": [
                            0.0,
                            0.0,
                            0.0
                        ]
                    },
                    "hex": {
                        "p1": [
                            0.0,
                            0.0,
                            0.0
                        ],
                        "p2": [
                            0.0,
                            0.0,
                            0.0
                        ],
                        "p3": [
                            0.0,
                            0.0,
                            0.0
                        ],
                        "p4": [
                            0.0,
                            0.0,
                            0.0
                        ],
                        "p5": [
                            0.0,
                            0.0,
                            0.0
                        ],
                        "p6": [
                            0.0,
                            0.0,
                            0.0
                        ],
                        "p7": [
                            0.0,
                            0.0,
                            0.0
                        ],
                        "p8": [
                            0.0,
                            0.0,
                            0.0
                        ],
                        "rotation": [
                            0.0,
                            0.0,
                            0.0
                        ],
                        "scale": [
                            1.0,
                            1.0,
                            1.0
                        ],
                        "translation": [
                            0.0,
                            0.0,
                            0.0
                        ]
                    }
                }
            ]
        },
        {
            "boneName": "Bone007",
            "bindings": []
        },
        {
            "boneName": "Bone017",
            "bindings": []
        },
        {
            "boneName": "Bone016",
            "bindings": []
        },
        {
            "boneName": "Bone015",
            "bindings": []
        },
        {
            "boneName": "Bone017(mirrored)",
            "bindings": []
        },
        {
            "boneName": "Bone016(mirrored)",
            "bindings": []
        },
        {
            "boneName": "Bone015(mirrored)",
            "bindings": []
        },
        {
            "boneName": "Bone006",
            "bindings": []
        },
        {
            "boneName": "Bone005",
            "bindings": []
        },
        {
            "boneName": "Bone004",
            "bindings": [
                {
                    "type": 1,
                    "rct": {
                        "center": [
                            0.0,
                            0.0,
                            0.0
                        ],
                        "extension": [
                            15.0,
                            8.0,
                            13.0
                        ],
                        "rotation": [
                            0.0,
                            0.0,
                            0.0
                        ],
                        "scale": [
                            1.0,
                            1.0,
                            1.0
                        ],
                        "translation": [
                            0.0,
                            0.0,
                            0.0
                        ]
                    },
                    "hex": {
                        "p1": [
                            0.0,
                            0.0,
                            0.0
                        ],
                        "p2": [
                            0.0,
                            0.0,
                            0.0
                        ],
                        "p3": [
                            0.0,
                            0.0,
                            0.0
                        ],
                        "p4": [
                            0.0,
                            0.0,
                            0.0
                        ],
                        "p5": [
                            0.0,
                            0.0,
                            0.0
                        ],
                        "p6": [
                            0.0,
                            0.0,
                            0.0
                        ],
                        "p7": [
                            0.0,
                            0.0,
                            0.0
                        ],
                        "p8": [
                            0.0,
                            0.0,
                            0.0
                        ],
                        "rotation": [
                            0.0,
                            0.0,
                            0.0
                        ],
                        "scale": [
                            1.0,
                            1.0,
                            1.0
                        ],
                        "translation": [
                            0.0,
                            0.0,
                            0.0
                        ]
                    }
                }
            ]
        },
        {
            "boneName": "Bone003",
            "bindings": []
        },
        {
            "boneName": "Bone002",
            "bindings": []
        },
        {
            "boneName": "Bone001",
            "bindings": [
                {
                    "type": 1,
                    "rct": {
                        "center": [
                            0.0,
                            0.0,
                            0.0
                        ],
                        "extension": [
                            14.0,
                            11.0,
                            17.0
                        ],
                        "rotation": [
                            0.0,
                            0.0,
                            0.0
                        ],
                        "scale": [
                            1.0,
                            1.0,
                            1.0
                        ],
                        "translation": [
                            0.0,
                            0.0,
                            0.0
                        ]
                    },
                    "hex": {
                        "p1": [
                            0.0,
                            0.0,
                            0.0
                        ],
                        "p2": [
                            0.0,
                            0.0,
                            0.0
                        ],
                        "p3": [
                            0.0,
                            0.0,
                            0.0
                        ],
                        "p4": [
                            0.0,
                            0.0,
                            0.0
                        ],
                        "p5": [
                            0.0,
                            0.0,
                            0.0
                        ],
                        "p6": [
                            0.0,
                            0.0,
                            0.0
                        ],
                        "p7": [
                            0.0,
                            0.0,
                            0.0
                        ],
                        "p8": [
                            0.0,
                            0.0,
                            0.0
                        ],
                        "rotation": [
                            0.0,
                            0.0,
                            0.0
                        ],
                        "scale": [
                            1.0,
                            1.0,
                            1.0
                        ],
                        "translation": [
                            0.0,
                            0.0,
                            0.0
                        ]
                    }
                }
            ]
        },
        {
            "boneName": "Dummy001",
            "bindings": []
        }
    ]
}