{
    "bindingConfig": [
        {
            "boneName": "Bone004",
            "bindings": []
        },
        {
            "boneName": "Bone021(mirrored)",
            "bindings": []
        },
        {
            "boneName": "Bone021",
            "bindings": []
        },
        {
            "boneName": "Bone003",
            "bindings": []
        },
        {
            "boneName": "Bone020(mirrored)",
            "bindings": []
        },
        {
            "boneName": "Bone011",
            "bindings": []
        },
        {
            "boneName": "Bone009",
            "bindings": []
        },
        {
            "boneName": "Bone020",
            "bindings": []
        },
        {
            "boneName": "Bone007",
            "bindings": []
        },
        {
            "boneName": "Bone013(mirrored)",
            "bindings": []
        },
        {
            "boneName": "Bone015(mirrored)",
            "bindings": []
        },
        {
            "boneName": "Bone017",
            "bindings": []
        },
        {
            "boneName": "Bone015",
            "bindings": []
        },
        {
            "boneName": "Bone017(mirrored)",
            "bindings": []
        },
        {
            "boneName": "Bone016(mirrored)(mirrored)(mirrored)",
            "bindings": []
        },
        {
            "boneName": "Bone016(mirrored)(mirrored)(mirrored)(mirrored)",
            "bindings": []
        },
        {
            "boneName": "Bone013(mirrored)(mirrored)",
            "bindings": []
        },
        {
            "boneName": "Bone006",
            "bindings": []
        },
        {
            "boneName": "Bip01",
            "bindings": [
                {
                    "type": 1,
                    "rct": {
                        "center": [
                            0.0,
                            0.0,
                            0.0
                        ],
                        "extension": [
                            265.0,
                            271.0,
                            246.0
                        ],
                        "rotation": [
                            0.0,
                            0.0,
                            0.0
                        ],
                        "scale": [
                            1.0,
                            1.0,
                            1.0
                        ],
                        "translation": [
                            0.0,
                            0.0,
                            0.0
                        ]
                    },
                    "hex": {
                        "p1": [
                            0.0,
                            0.0,
                            0.0
                        ],
                        "p2": [
                            0.0,
                            0.0,
                            0.0
                        ],
                        "p3": [
                            0.0,
                            0.0,
                            0.0
                        ],
                        "p4": [
                            0.0,
                            0.0,
                            0.0
                        ],
                        "p5": [
                            0.0,
                            0.0,
                            0.0
                        ],
                        "p6": [
                            0.0,
                            0.0,
                            0.0
                        ],
                        "p7": [
                            0.0,
                            0.0,
                            0.0
                        ],
                        "p8": [
                            0.0,
                            0.0,
                            0.0
                        ],
                        "rotation": [
                            0.0,
                            0.0,
                            0.0
                        ],
                        "scale": [
                            1.0,
                            1.0,
                            1.0
                        ],
                        "translation": [
                            0.0,
                            0.0,
                            0.0
                        ]
                    }
                }
            ]
        }
    ]
}