{
    "bindingConfig": [
        {
            "boneName": "Bone002",
            "bindings": []
        },
        {
            "boneName": "Bone010",
            "bindings": []
        },
        {
            "boneName": "Bone012",
            "bindings": []
        },
        {
            "boneName": "Bone011",
            "bindings": []
        },
        {
            "boneName": "Bone038",
            "bindings": []
        },
        {
            "boneName": "Bone037",
            "bindings": []
        },
        {
            "boneName": "Bone038(mirrored)",
            "bindings": []
        },
        {
            "boneName": "Bone037(mirrored)",
            "bindings": []
        },
        {
            "boneName": "Bone014",
            "bindings": []
        },
        {
            "boneName": "Bone025",
            "bindings": []
        },
        {
            "boneName": "Bone034",
            "bindings": []
        },
        {
            "boneName": "Bone033",
            "bindings": []
        },
        {
            "boneName": "Bone032",
            "bindings": []
        },
        {
            "boneName": "Bone031",
            "bindings": []
        },
        {
            "boneName": "Bone036",
            "bindings": []
        },
        {
            "boneName": "Bone035",
            "bindings": [
                {
                    "type": 1,
                    "rct": {
                        "center": [
                            -2.0,
                            0.0,
                            -2.0
                        ],
                        "extension": [
                            11.0,
                            7.0,
                            8.0
                        ],
                        "rotation": [
                            0.48869219422340395,
                            -0.8377580642700195,
                            0.05235987901687622
                        ],
                        "scale": [
                            1.0,
                            1.0,
                            1.0
                        ],
                        "translation": [
                            0.0,
                            0.0,
                            0.0
                        ]
                    },
                    "hex": {
                        "p1": [
                            0.0,
                            0.0,
                            0.0
                        ],
                        "p2": [
                            0.0,
                            0.0,
                            0.0
                        ],
                        "p3": [
                            0.0,
                            0.0,
                            0.0
                        ],
                        "p4": [
                            0.0,
                            0.0,
                            0.0
                        ],
                        "p5": [
                            0.0,
                            0.0,
                            0.0
                        ],
                        "p6": [
                            0.0,
                            0.0,
                            0.0
                        ],
                        "p7": [
                            0.0,
                            0.0,
                            0.0
                        ],
                        "p8": [
                            0.0,
                            0.0,
                            0.0
                        ],
                        "rotation": [
                            0.0,
                            0.0,
                            0.0
                        ],
                        "scale": [
                            1.0,
                            1.0,
                            1.0
                        ],
                        "translation": [
                            0.0,
                            0.0,
                            0.0
                        ]
                    }
                }
            ]
        },
        {
            "boneName": "Bone039YPy",
            "bindings": []
        },
        {
            "boneName": "Dummy001yanY",
            "bindings": []
        },
        {
            "boneName": "Bone024",
            "bindings": []
        },
        {
            "boneName": "Bone023",
            "bindings": []
        },
        {
            "boneName": "Bone025(mirrored)",
            "bindings": []
        },
        {
            "boneName": "Bone034(mirrored)",
            "bindings": []
        },
        {
            "boneName": "Bone033(mirrored)",
            "bindings": []
        },
        {
            "boneName": "Bone032(mirrored)",
            "bindings": []
        },
        {
            "boneName": "Bone031(mirrored)",
            "bindings": []
        },
        {
            "boneName": "Bone036(mirrored)",
            "bindings": []
        },
        {
            "boneName": "Bone035(mirrored)",
            "bindings": [
                {
                    "type": 1,
                    "rct": {
                        "center": [
                            -5.0,
                            -2.0,
                            0.0
                        ],
                        "extension": [
                            12.0,
                            7.0,
                            6.0
                        ],
                        "rotation": [
                            0.01745329238474369,
                            -0.7853981852531433,
                            0.5410520434379578
                        ],
                        "scale": [
                            1.0,
                            1.0,
                            1.0
                        ],
                        "translation": [
                            0.0,
                            0.0,
                            0.0
                        ]
                    },
                    "hex": {
                        "p1": [
                            0.0,
                            0.0,
                            0.0
                        ],
                        "p2": [
                            0.0,
                            0.0,
                            0.0
                        ],
                        "p3": [
                            0.0,
                            0.0,
                            0.0
                        ],
                        "p4": [
                            0.0,
                            0.0,
                            0.0
                        ],
                        "p5": [
                            0.0,
                            0.0,
                            0.0
                        ],
                        "p6": [
                            0.0,
                            0.0,
                            0.0
                        ],
                        "p7": [
                            0.0,
                            0.0,
                            0.0
                        ],
                        "p8": [
                            0.0,
                            0.0,
                            0.0
                        ],
                        "rotation": [
                            0.0,
                            0.0,
                            0.0
                        ],
                        "scale": [
                            1.0,
                            1.0,
                            1.0
                        ],
                        "translation": [
                            0.0,
                            0.0,
                            0.0
                        ]
                    }
                }
            ]
        },
        {
            "boneName": "Bone039YPz",
            "bindings": []
        },
        {
            "boneName": "Dummy001yanZ",
            "bindings": []
        },
        {
            "boneName": "Bone024(mirrored)",
            "bindings": []
        },
        {
            "boneName": "Bone023(mirrored)",
            "bindings": []
        },
        {
            "boneName": "Bone013",
            "bindings": [
                {
                    "type": 1,
                    "rct": {
                        "center": [
                            -1.0,
                            -2.0,
                            0.0
                        ],
                        "extension": [
                            9.0,
                            14.0,
                            13.0
                        ],
                        "rotation": [
                            0.0,
                            0.0,
                            0.0
                        ],
                        "scale": [
                            1.0,
                            1.0,
                            1.0
                        ],
                        "translation": [
                            0.0,
                            0.0,
                            0.0
                        ]
                    },
                    "hex": {
                        "p1": [
                            0.0,
                            0.0,
                            0.0
                        ],
                        "p2": [
                            0.0,
                            0.0,
                            0.0
                        ],
                        "p3": [
                            0.0,
                            0.0,
                            0.0
                        ],
                        "p4": [
                            0.0,
                            0.0,
                            0.0
                        ],
                        "p5": [
                            0.0,
                            0.0,
                            0.0
                        ],
                        "p6": [
                            0.0,
                            0.0,
                            0.0
                        ],
                        "p7": [
                            0.0,
                            0.0,
                            0.0
                        ],
                        "p8": [
                            0.0,
                            0.0,
                            0.0
                        ],
                        "rotation": [
                            0.0,
                            0.0,
                            0.0
                        ],
                        "scale": [
                            1.0,
                            1.0,
                            1.0
                        ],
                        "translation": [
                            0.0,
                            0.0,
                            0.0
                        ]
                    }
                }
            ]
        },
        {
            "boneName": "Bone009",
            "bindings": []
        },
        {
            "boneName": "Bone008",
            "bindings": []
        },
        {
            "boneName": "Bone020",
            "bindings": []
        },
        {
            "boneName": "Bone019",
            "bindings": [
                {
                    "type": 1,
                    "rct": {
                        "center": [
                            -4.0,
                            1.0,
                            0.0
                        ],
                        "extension": [
                            14.0,
                            5.0,
                            3.0
                        ],
                        "rotation": [
                            -0.03490658476948738,
                            0.0,
                            -0.20943951606750489
                        ],
                        "scale": [
                            1.0,
                            1.0,
                            1.0
                        ],
                        "translation": [
                            0.0,
                            0.0,
                            0.0
                        ]
                    },
                    "hex": {
                        "p1": [
                            0.0,
                            0.0,
                            0.0
                        ],
                        "p2": [
                            0.0,
                            0.0,
                            0.0
                        ],
                        "p3": [
                            0.0,
                            0.0,
                            0.0
                        ],
                        "p4": [
                            0.0,
                            0.0,
                            0.0
                        ],
                        "p5": [
                            0.0,
                            0.0,
                            0.0
                        ],
                        "p6": [
                            0.0,
                            0.0,
                            0.0
                        ],
                        "p7": [
                            0.0,
                            0.0,
                            0.0
                        ],
                        "p8": [
                            0.0,
                            0.0,
                            0.0
                        ],
                        "rotation": [
                            0.0,
                            0.0,
                            0.0
                        ],
                        "scale": [
                            1.0,
                            1.0,
                            1.0
                        ],
                        "translation": [
                            0.0,
                            0.0,
                            0.0
                        ]
                    }
                }
            ]
        },
        {
            "boneName": "Bone018",
            "bindings": []
        },
        {
            "boneName": "Bone022",
            "bindings": [
                {
                    "type": 1,
                    "rct": {
                        "center": [
                            -9.0,
                            0.0,
                            0.0
                        ],
                        "extension": [
                            10.0,
                            4.0,
                            2.0
                        ],
                        "rotation": [
                            0.0,
                            0.0,
                            0.0
                        ],
                        "scale": [
                            1.0,
                            1.0,
                            1.0
                        ],
                        "translation": [
                            0.0,
                            0.0,
                            0.0
                        ]
                    },
                    "hex": {
                        "p1": [
                            0.0,
                            0.0,
                            0.0
                        ],
                        "p2": [
                            0.0,
                            0.0,
                            0.0
                        ],
                        "p3": [
                            0.0,
                            0.0,
                            0.0
                        ],
                        "p4": [
                            0.0,
                            0.0,
                            0.0
                        ],
                        "p5": [
                            0.0,
                            0.0,
                            0.0
                        ],
                        "p6": [
                            0.0,
                            0.0,
                            0.0
                        ],
                        "p7": [
                            0.0,
                            0.0,
                            0.0
                        ],
                        "p8": [
                            0.0,
                            0.0,
                            0.0
                        ],
                        "rotation": [
                            0.0,
                            0.0,
                            0.0
                        ],
                        "scale": [
                            1.0,
                            1.0,
                            1.0
                        ],
                        "translation": [
                            0.0,
                            0.0,
                            0.0
                        ]
                    }
                }
            ]
        },
        {
            "boneName": "Bone021",
            "bindings": []
        },
        {
            "boneName": "Bone007",
            "bindings": [
                {
                    "type": 1,
                    "rct": {
                        "center": [
                            0.0,
                            0.0,
                            0.0
                        ],
                        "extension": [
                            4.0,
                            7.0,
                            5.0
                        ],
                        "rotation": [
                            0.0,
                            0.0,
                            0.0
                        ],
                        "scale": [
                            1.0,
                            1.0,
                            1.0
                        ],
                        "translation": [
                            0.0,
                            0.0,
                            0.0
                        ]
                    },
                    "hex": {
                        "p1": [
                            0.0,
                            0.0,
                            0.0
                        ],
                        "p2": [
                            0.0,
                            0.0,
                            0.0
                        ],
                        "p3": [
                            0.0,
                            0.0,
                            0.0
                        ],
                        "p4": [
                            0.0,
                            0.0,
                            0.0
                        ],
                        "p5": [
                            0.0,
                            0.0,
                            0.0
                        ],
                        "p6": [
                            0.0,
                            0.0,
                            0.0
                        ],
                        "p7": [
                            0.0,
                            0.0,
                            0.0
                        ],
                        "p8": [
                            0.0,
                            0.0,
                            0.0
                        ],
                        "rotation": [
                            0.0,
                            0.0,
                            0.0
                        ],
                        "scale": [
                            1.0,
                            1.0,
                            1.0
                        ],
                        "translation": [
                            0.0,
                            0.0,
                            0.0
                        ]
                    }
                }
            ]
        },
        {
            "boneName": "Bone006",
            "bindings": [
                {
                    "type": 1,
                    "rct": {
                        "center": [
                            1.0,
                            2.0,
                            0.0
                        ],
                        "extension": [
                            7.0,
                            11.0,
                            11.0
                        ],
                        "rotation": [
                            0.0,
                            0.0,
                            0.0
                        ],
                        "scale": [
                            1.0,
                            1.0,
                            1.0
                        ],
                        "translation": [
                            0.0,
                            0.0,
                            0.0
                        ]
                    },
                    "hex": {
                        "p1": [
                            0.0,
                            0.0,
                            0.0
                        ],
                        "p2": [
                            0.0,
                            0.0,
                            0.0
                        ],
                        "p3": [
                            0.0,
                            0.0,
                            0.0
                        ],
                        "p4": [
                            0.0,
                            0.0,
                            0.0
                        ],
                        "p5": [
                            0.0,
                            0.0,
                            0.0
                        ],
                        "p6": [
                            0.0,
                            0.0,
                            0.0
                        ],
                        "p7": [
                            0.0,
                            0.0,
                            0.0
                        ],
                        "p8": [
                            0.0,
                            0.0,
                            0.0
                        ],
                        "rotation": [
                            0.0,
                            0.0,
                            0.0
                        ],
                        "scale": [
                            1.0,
                            1.0,
                            1.0
                        ],
                        "translation": [
                            0.0,
                            0.0,
                            0.0
                        ]
                    }
                }
            ]
        },
        {
            "boneName": "Bone030",
            "bindings": [
                {
                    "type": 1,
                    "rct": {
                        "center": [
                            -4.0,
                            0.0,
                            0.0
                        ],
                        "extension": [
                            6.0,
                            3.0,
                            3.0
                        ],
                        "rotation": [
                            0.0,
                            0.0,
                            0.0
                        ],
                        "scale": [
                            1.0,
                            1.0,
                            1.0
                        ],
                        "translation": [
                            0.0,
                            0.0,
                            0.0
                        ]
                    },
                    "hex": {
                        "p1": [
                            0.0,
                            0.0,
                            0.0
                        ],
                        "p2": [
                            0.0,
                            0.0,
                            0.0
                        ],
                        "p3": [
                            0.0,
                            0.0,
                            0.0
                        ],
                        "p4": [
                            0.0,
                            0.0,
                            0.0
                        ],
                        "p5": [
                            0.0,
                            0.0,
                            0.0
                        ],
                        "p6": [
                            0.0,
                            0.0,
                            0.0
                        ],
                        "p7": [
                            0.0,
                            0.0,
                            0.0
                        ],
                        "p8": [
                            0.0,
                            0.0,
                            0.0
                        ],
                        "rotation": [
                            0.0,
                            0.0,
                            0.0
                        ],
                        "scale": [
                            1.0,
                            1.0,
                            1.0
                        ],
                        "translation": [
                            0.0,
                            0.0,
                            0.0
                        ]
                    }
                }
            ]
        },
        {
            "boneName": "Bone029",
            "bindings": []
        },
        {
            "boneName": "Bone030(mirrored)",
            "bindings": [
                {
                    "type": 1,
                    "rct": {
                        "center": [
                            -5.0,
                            0.0,
                            0.0
                        ],
                        "extension": [
                            8.0,
                            4.0,
                            1.0
                        ],
                        "rotation": [
                            0.0,
                            0.0,
                            0.0
                        ],
                        "scale": [
                            1.0,
                            1.0,
                            1.0
                        ],
                        "translation": [
                            0.0,
                            0.0,
                            0.0
                        ]
                    },
                    "hex": {
                        "p1": [
                            0.0,
                            0.0,
                            0.0
                        ],
                        "p2": [
                            0.0,
                            0.0,
                            0.0
                        ],
                        "p3": [
                            0.0,
                            0.0,
                            0.0
                        ],
                        "p4": [
                            0.0,
                            0.0,
                            0.0
                        ],
                        "p5": [
                            0.0,
                            0.0,
                            0.0
                        ],
                        "p6": [
                            0.0,
                            0.0,
                            0.0
                        ],
                        "p7": [
                            0.0,
                            0.0,
                            0.0
                        ],
                        "p8": [
                            0.0,
                            0.0,
                            0.0
                        ],
                        "rotation": [
                            0.0,
                            0.0,
                            0.0
                        ],
                        "scale": [
                            1.0,
                            1.0,
                            1.0
                        ],
                        "translation": [
                            0.0,
                            0.0,
                            0.0
                        ]
                    }
                }
            ]
        },
        {
            "boneName": "Bone029(mirrored)",
            "bindings": []
        },
        {
            "boneName": "Bone005",
            "bindings": [
                {
                    "type": 1,
                    "rct": {
                        "center": [
                            0.0,
                            5.0,
                            0.0
                        ],
                        "extension": [
                            9.0,
                            19.0,
                            19.0
                        ],
                        "rotation": [
                            0.0,
                            0.0,
                            0.0
                        ],
                        "scale": [
                            1.0,
                            1.0,
                            1.0
                        ],
                        "translation": [
                            0.0,
                            0.0,
                            0.0
                        ]
                    },
                    "hex": {
                        "p1": [
                            0.0,
                            0.0,
                            0.0
                        ],
                        "p2": [
                            0.0,
                            0.0,
                            0.0
                        ],
                        "p3": [
                            0.0,
                            0.0,
                            0.0
                        ],
                        "p4": [
                            0.0,
                            0.0,
                            0.0
                        ],
                        "p5": [
                            0.0,
                            0.0,
                            0.0
                        ],
                        "p6": [
                            0.0,
                            0.0,
                            0.0
                        ],
                        "p7": [
                            0.0,
                            0.0,
                            0.0
                        ],
                        "p8": [
                            0.0,
                            0.0,
                            0.0
                        ],
                        "rotation": [
                            0.0,
                            0.0,
                            0.0
                        ],
                        "scale": [
                            1.0,
                            1.0,
                            1.0
                        ],
                        "translation": [
                            0.0,
                            0.0,
                            0.0
                        ]
                    }
                }
            ]
        },
        {
            "boneName": "Bone004",
            "bindings": [
                {
                    "type": 1,
                    "rct": {
                        "center": [
                            0.0,
                            5.0,
                            0.0
                        ],
                        "extension": [
                            7.0,
                            17.0,
                            17.0
                        ],
                        "rotation": [
                            0.0,
                            0.0,
                            0.0
                        ],
                        "scale": [
                            1.0,
                            1.0,
                            1.0
                        ],
                        "translation": [
                            0.0,
                            0.0,
                            0.0
                        ]
                    },
                    "hex": {
                        "p1": [
                            0.0,
                            0.0,
                            0.0
                        ],
                        "p2": [
                            0.0,
                            0.0,
                            0.0
                        ],
                        "p3": [
                            0.0,
                            0.0,
                            0.0
                        ],
                        "p4": [
                            0.0,
                            0.0,
                            0.0
                        ],
                        "p5": [
                            0.0,
                            0.0,
                            0.0
                        ],
                        "p6": [
                            0.0,
                            0.0,
                            0.0
                        ],
                        "p7": [
                            0.0,
                            0.0,
                            0.0
                        ],
                        "p8": [
                            0.0,
                            0.0,
                            0.0
                        ],
                        "rotation": [
                            0.0,
                            0.0,
                            0.0
                        ],
                        "scale": [
                            1.0,
                            1.0,
                            1.0
                        ],
                        "translation": [
                            0.0,
                            0.0,
                            0.0
                        ]
                    }
                }
            ]
        },
        {
            "boneName": "Bone017",
            "bindings": []
        },
        {
            "boneName": "Bone016",
            "bindings": [
                {
                    "type": 1,
                    "rct": {
                        "center": [
                            -4.0,
                            0.0,
                            1.0
                        ],
                        "extension": [
                            14.0,
                            8.0,
                            4.0
                        ],
                        "rotation": [
                            -0.12217304855585098,
                            0.0,
                            -0.19198621809482575
                        ],
                        "scale": [
                            1.0,
                            1.0,
                            1.0
                        ],
                        "translation": [
                            0.0,
                            0.0,
                            0.0
                        ]
                    },
                    "hex": {
                        "p1": [
                            0.0,
                            0.0,
                            0.0
                        ],
                        "p2": [
                            0.0,
                            0.0,
                            0.0
                        ],
                        "p3": [
                            0.0,
                            0.0,
                            0.0
                        ],
                        "p4": [
                            0.0,
                            0.0,
                            0.0
                        ],
                        "p5": [
                            0.0,
                            0.0,
                            0.0
                        ],
                        "p6": [
                            0.0,
                            0.0,
                            0.0
                        ],
                        "p7": [
                            0.0,
                            0.0,
                            0.0
                        ],
                        "p8": [
                            0.0,
                            0.0,
                            0.0
                        ],
                        "rotation": [
                            0.0,
                            0.0,
                            0.0
                        ],
                        "scale": [
                            1.0,
                            1.0,
                            1.0
                        ],
                        "translation": [
                            0.0,
                            0.0,
                            0.0
                        ]
                    }
                }
            ]
        },
        {
            "boneName": "Bone015",
            "bindings": []
        },
        {
            "boneName": "Bone028",
            "bindings": []
        },
        {
            "boneName": "Bone027",
            "bindings": [
                {
                    "type": 1,
                    "rct": {
                        "center": [
                            -3.0,
                            0.0,
                            0.0
                        ],
                        "extension": [
                            19.0,
                            6.0,
                            3.0
                        ],
                        "rotation": [
                            0.0,
                            0.0,
                            0.1745329201221466
                        ],
                        "scale": [
                            1.0,
                            1.0,
                            1.0
                        ],
                        "translation": [
                            0.0,
                            0.0,
                            0.0
                        ]
                    },
                    "hex": {
                        "p1": [
                            0.0,
                            0.0,
                            0.0
                        ],
                        "p2": [
                            0.0,
                            0.0,
                            0.0
                        ],
                        "p3": [
                            0.0,
                            0.0,
                            0.0
                        ],
                        "p4": [
                            0.0,
                            0.0,
                            0.0
                        ],
                        "p5": [
                            0.0,
                            0.0,
                            0.0
                        ],
                        "p6": [
                            0.0,
                            0.0,
                            0.0
                        ],
                        "p7": [
                            0.0,
                            0.0,
                            0.0
                        ],
                        "p8": [
                            0.0,
                            0.0,
                            0.0
                        ],
                        "rotation": [
                            0.0,
                            0.0,
                            0.0
                        ],
                        "scale": [
                            1.0,
                            1.0,
                            1.0
                        ],
                        "translation": [
                            0.0,
                            0.0,
                            0.0
                        ]
                    }
                }
            ]
        },
        {
            "boneName": "Bone026",
            "bindings": []
        },
        {
            "boneName": "Bone028(mirrored)",
            "bindings": []
        },
        {
            "boneName": "Bone027(mirrored)",
            "bindings": [
                {
                    "type": 1,
                    "rct": {
                        "center": [
                            -1.0,
                            0.0,
                            0.0
                        ],
                        "extension": [
                            18.0,
                            6.0,
                            3.0
                        ],
                        "rotation": [
                            0.0,
                            0.0,
                            -0.13962633907794953
                        ],
                        "scale": [
                            1.0,
                            1.0,
                            1.0
                        ],
                        "translation": [
                            0.0,
                            0.0,
                            0.0
                        ]
                    },
                    "hex": {
                        "p1": [
                            0.0,
                            0.0,
                            0.0
                        ],
                        "p2": [
                            0.0,
                            0.0,
                            0.0
                        ],
                        "p3": [
                            0.0,
                            0.0,
                            0.0
                        ],
                        "p4": [
                            0.0,
                            0.0,
                            0.0
                        ],
                        "p5": [
                            0.0,
                            0.0,
                            0.0
                        ],
                        "p6": [
                            0.0,
                            0.0,
                            0.0
                        ],
                        "p7": [
                            0.0,
                            0.0,
                            0.0
                        ],
                        "p8": [
                            0.0,
                            0.0,
                            0.0
                        ],
                        "rotation": [
                            0.0,
                            0.0,
                            0.0
                        ],
                        "scale": [
                            1.0,
                            1.0,
                            1.0
                        ],
                        "translation": [
                            0.0,
                            0.0,
                            0.0
                        ]
                    }
                }
            ]
        },
        {
            "boneName": "Bone026(mirrored)",
            "bindings": []
        },
        {
            "boneName": "Bone003",
            "bindings": [
                {
                    "type": 1,
                    "rct": {
                        "center": [
                            -3.0,
                            8.0,
                            0.0
                        ],
                        "extension": [
                            11.0,
                            20.0,
                            18.0
                        ],
                        "rotation": [
                            0.0,
                            0.0,
                            0.0
                        ],
                        "scale": [
                            1.0,
                            1.0,
                            1.0
                        ],
                        "translation": [
                            0.0,
                            0.0,
                            0.0
                        ]
                    },
                    "hex": {
                        "p1": [
                            0.0,
                            0.0,
                            0.0
                        ],
                        "p2": [
                            0.0,
                            0.0,
                            0.0
                        ],
                        "p3": [
                            0.0,
                            0.0,
                            0.0
                        ],
                        "p4": [
                            0.0,
                            0.0,
                            0.0
                        ],
                        "p5": [
                            0.0,
                            0.0,
                            0.0
                        ],
                        "p6": [
                            0.0,
                            0.0,
                            0.0
                        ],
                        "p7": [
                            0.0,
                            0.0,
                            0.0
                        ],
                        "p8": [
                            0.0,
                            0.0,
                            0.0
                        ],
                        "rotation": [
                            0.0,
                            0.0,
                            0.0
                        ],
                        "scale": [
                            1.0,
                            1.0,
                            1.0
                        ],
                        "translation": [
                            0.0,
                            0.0,
                            0.0
                        ]
                    }
                }
            ]
        },
        {
            "boneName": "Bone001",
            "bindings": []
        },
        {
            "boneName": "Dummy001bip",
            "bindings": []
        }
    ]
}