{"skeleton":{"hash":"vC/d0QHnbP8TJX2Mt9WYOlU5QbI","spine":"3.6.37","width":329,"height":410.82,"images":"./slwh_cjxc_images/"},"bones":[{"name":"root"},{"name":"hip","parent":"root"},{"name":"slwh_cj","parent":"hip","color":"ff9a00ff"},{"name":"slwh_xchouzibody","parent":"slwh_cj","x":-11.7,"y":-38.31,"color":"ff9a00ff"},{"name":"bone","parent":"slwh_xchouzibody","length":29.75,"rotation":90.65,"x":1.01,"y":9.13,"color":"ff9a00ff"},{"name":"bone2","parent":"bone","length":41.13,"rotation":-6.78,"x":29.75,"color":"ff9a00ff"},{"name":"slwh_xchouzihead","parent":"bone2","length":129.1,"rotation":6.65,"x":40.72,"y":-0.12,"color":"ff9a00ff"},{"name":"bone3","parent":"slwh_xchouzihead","length":23.42,"rotation":28.35,"x":143.59,"y":-13.02,"color":"ff9a00ff"},{"name":"slwh_xchouzilfoot","parent":"slwh_xchouzibody","length":57.6,"rotation":25.73,"x":16.67,"y":-12.82,"color":"ff9a00ff"},{"name":"骨骼2","parent":"slwh_xchouzilfoot","rotation":-103.09,"x":63.59,"y":1.03,"color":"ff9a00ff"},{"name":"slwh_xchouzilhand","parent":"bone2","length":29.88,"rotation":-119.08,"x":28.94,"y":-17.95,"color":"ff9a00ff"},{"name":"bone4","parent":"slwh_xchouzilhand","length":43.18,"rotation":-14.8,"x":29.49,"y":0.08,"color":"ff9a00ff"},{"name":"bone5","parent":"bone4","length":17.87,"rotation":-27.36,"x":43.18,"color":"ff9a00ff"},{"name":"bone6","parent":"bone5","length":11.98,"rotation":-18.11,"x":17.79,"y":0.07,"color":"ff9a00ff"},{"name":"bone7","parent":"slwh_xchouzihead","rotation":18.15,"x":67.33,"y":-6.22,"color":"ff9a00ff"},{"name":"slwh_xchouzirhand","parent":"bone2","length":50.28,"rotation":134.65,"x":18.27,"y":16.38,"color":"ff9a00ff"},{"name":"bone8","parent":"slwh_xchouzirhand","length":33.03,"rotation":-109.97,"x":50.28,"color":"ff9a00ff"},{"name":"bone9","parent":"bone8","length":36.99,"rotation":7.2,"x":32.86,"y":0.11,"color":"ff9a00ff"},{"name":"bone10","parent":"bone9","length":14.22,"rotation":3.99,"x":36.99,"color":"ff9a00ff"},{"name":"bone11","parent":"bone10","length":15.89,"rotation":-20.52,"x":14.22,"color":"ff9a00ff"},{"name":"bone12","parent":"slwh_xchouzihead","rotation":17.84,"x":59.51,"y":63.7,"color":"ff9a00ff"},{"name":"slwh_xchouziweiba","parent":"slwh_xchouzibody","length":33.3,"rotation":-75.37,"x":19.4,"y":-14.52,"color":"ff9a00ff"},{"name":"bone13","parent":"slwh_xchouziweiba","length":26.9,"rotation":-34.88,"x":33.3,"color":"ff9a00ff"},{"name":"bone14","parent":"bone13","length":27.98,"rotation":-57.94,"x":27.53,"y":-0.15,"color":"ff9a00ff"},{"name":"bone15","parent":"bone14","length":26.12,"rotation":-46.48,"x":27.98,"color":"ff9a00ff"},{"name":"bone16","parent":"bone15","length":25.59,"rotation":-73.26,"x":25.97,"y":-0.1,"color":"ff9a00ff"},{"name":"bone17","parent":"bone16","length":25.5,"rotation":-93.05,"x":25.59,"color":"ff9a00ff"},{"name":"bone18","parent":"slwh_xchouzihead","x":65.85,"y":-58.21,"color":"a3824fff"},{"name":"bone19","parent":"slwh_xchouzihead","rotation":4.38,"x":37.07,"y":80.59,"color":"a3824fff"},{"name":"bone20","parent":"bone4","length":12.86,"rotation":-12.18,"x":32.41,"y":-22.34,"color":"ff9a00ff"},{"name":"slwh_xchouzilerjik","parent":"slwh_xchouzihead","x":132.19,"y":-25.59,"color":"a3824fff"},{"name":"slwh_xchouzilerji","parent":"slwh_xchouzilerjik","x":-57.94,"y":-77.24,"color":"a3824fff"},{"name":"slwh_xchouzileye1","parent":"slwh_xchouzihead","x":55.02,"y":-15.62,"color":"ff9a00ff"},{"name":"slwh_xchouziltoe","parent":"slwh_xchouzibody","length":17.14,"rotation":-150.62,"x":15.28,"y":-12.56,"color":"ff9a00ff"},{"name":"slwh_xchouzirerji","parent":"slwh_xchouzilerjik","x":-93.3,"y":97.4,"color":"a3824fff"},{"name":"slwh_xchouzireye1","parent":"slwh_xchouzihead","x":45.53,"y":51.65,"color":"ff9a00ff"},{"name":"slwh_xchouzirfoot","parent":"slwh_xchouzibody","length":48.86,"rotation":163.45,"x":-9.99,"y":-10.18,"color":"ff9a00ff"},{"name":"slwh_xchouzirfoot1","parent":"slwh_xchouzibody","length":50.98,"rotation":154.38,"x":-11.15,"y":-18.59,"color":"ff9a00ff"},{"name":"slwh_xchouzirtoe","parent":"slwh_xchouzibody","length":22.25,"rotation":-134.48,"x":-4.92,"y":-7.79,"color":"ff9a00ff"}],"slots":[{"name":"slwh_xchouziyy","bone":"slwh_cj","attachment":"slwh_xchouziyy"},{"name":"slwh_xchouzilerjik","bone":"slwh_xchouzilerjik","attachment":"slwh_xchouzilerjik"},{"name":"slwh_xchouzirhand","bone":"slwh_xchouzirhand","attachment":"slwh_xchouzirhand"},{"name":"slwh_xchouzirerji","bone":"slwh_xchouzirerji","attachment":"slwh_xchouzirerji"},{"name":"slwh_xchouziweiba","bone":"slwh_xchouziweiba","attachment":"slwh_xchouziweiba"},{"name":"slwh_xchouzibody","bone":"slwh_xchouzibody","attachment":"slwh_xchouzibody"},{"name":"slwh_xchouzirfoot","bone":"slwh_xchouzirfoot","attachment":"slwh_xchouzirfoot"},{"name":"slwh_xchouzilfoot","bone":"slwh_xchouzilfoot","attachment":"slwh_xchouzilfoot"},{"name":"slwh_xchouzirfoot1","bone":"slwh_xchouzirfoot1","attachment":"slwh_xchouzirfoot1"},{"name":"slwh_xchouzirtoe","bone":"slwh_xchouzirtoe","attachment":"slwh_xchouzirtoe"},{"name":"slwh_xchouziltoe","bone":"slwh_xchouziltoe","attachment":"slwh_xchouziltoe"},{"name":"slwh_xchouzilhand","bone":"slwh_xchouzilhand","attachment":"slwh_xchouzilhand"},{"name":"slwh_xchouzileye2","bone":"slwh_xchouzihead","attachment":"slwh_xchouzileye2"},{"name":"slwh_xchouzileye1","bone":"slwh_xchouzileye1","attachment":"slwh_xchouzileye1"},{"name":"slwh_xchouzireye2","bone":"slwh_xchouzihead","attachment":"slwh_xchouzireye2"},{"name":"slwh_xchouzireye1","bone":"slwh_xchouzireye1","attachment":"slwh_xchouzireye1"},{"name":"slwh_xchouzihead","bone":"slwh_xchouzihead","attachment":"slwh_xchouzihead"},{"name":"slwh_xchouzilerji","bone":"slwh_xchouzilerji","attachment":"slwh_xchouzilerji"},{"name":"slwh_cjxctextdb","bone":"slwh_cj","attachment":"slwh_cjxctextdb"},{"name":"slwh_cjxctext","bone":"slwh_cj","attachment":"slwh_cjxctext"}],"ik":[{"name":"hz_Rshou","order":0,"bones":["slwh_xchouzilhand","bone4"],"target":"骨骼2","bendPositive":false}],"skins":{"default":{"slwh_cjxctext":{"slwh_cjxctext":{"x":-1,"y":-101.5,"width":198,"height":89}},"slwh_cjxctextdb":{"slwh_cjxctextdb":{"x":-0.5,"y":-128,"width":329,"height":160}},"slwh_xchouzibody":{"slwh_xchouzibody":{"type":"mesh","uvs":[0.69,4.0E-5,0.3721,9.0E-5,0.23432,0,0.11722,0.18485,0.04391,0.38167,0,0.57656,0,0.73448,0.34188,1,0.80552,1,1,0.73095,0.99999,0.59938,0.9824,0.40218,0.95737,0.19949,0.87933,0,0.29176,0.70477,0.65681,0.69808,0.2935,0.35989,0.66094,0.36118,0.28798,0.511,0.65549,0.5165,0.31446,0.16874,0.67754,0.16403],"triangles":[21,0,13,12,21,13,17,12,11,4,3,16,16,20,17,17,21,12,17,20,21,16,3,20,3,2,20,20,1,21,20,2,1,21,1,0,6,5,14,15,10,9,5,18,14,14,19,15,14,18,19,15,19,10,19,11,10,5,4,18,18,16,19,19,17,11,19,16,17,18,4,16,7,15,8,8,15,9,6,14,7,7,14,15],"vertices":[3,4,65.98,-17.18,0.006,5,38.01,-12.78,0.49,10,-8.93,5.42,0.504,2,5,35.46,10.92,0.552,15,-15.96,-8.39,0.448,3,4,66.38,16.99,1.0E-4,5,34.37,21.2,0.5679,15,-7.88,-14.84,0.432,4,3,-25.51,57.19,3.0E-5,4,48.36,25.98,0.06186,5,15.42,28,0.49011,15,10.27,-6.13,0.448,3,3,-31.01,37.9,0.03291,4,29.14,31.7,0.55206,5,-4.35,31.4,0.41503,3,3,-34.3,18.8,0.22057,4,10.08,35.21,0.7057,5,-23.69,32.64,0.07372,3,3,-34.3,3.33,0.45559,4,-5.4,35.38,0.53801,5,-39.08,30.98,0.0064,1,3,-8.66,-22.69,1,2,3,26.11,-22.69,0.84702,4,-32.1,-24.73,0.15298,3,3,40.7,3.67,0.34926,4,-5.9,-39.62,0.62836,5,-30.72,-43.55,0.02238,3,3,40.69,16.57,0.17049,4,6.99,-39.76,0.73797,5,-17.9,-42.17,0.09154,3,3,39.38,35.89,0.01963,4,26.33,-38.66,0.59329,5,1.17,-38.8,0.38708,3,4,46.21,-37.01,0.10865,5,20.72,-34.81,0.38735,10,18.72,1.01,0.504,3,4,65.83,-31.38,0.02055,5,39.54,-26.9,0.47545,10,2.67,13.61,0.504,3,3,-12.42,6.24,0.4568,4,-2.74,13.47,0.54283,5,-33.84,9.54,3.7E-4,3,3,14.96,6.89,0.31523,4,-2.39,-13.92,0.68077,5,-30.27,-17.61,0.004,3,3,-12.29,40.04,0.00355,4,31.06,12.95,0.4356,5,-0.23,13.02,0.56085,3,3,15.27,39.91,1.6E-4,4,30.62,-14.6,0.47841,5,2.59,-14.4,0.52144,3,3,-12.71,25.23,0.04543,4,16.26,13.54,0.88073,5,-14.99,11.85,0.07384,3,3,14.86,24.69,0.01753,4,15.4,-14.02,0.89893,5,-12.59,-15.61,0.08354,3,4,49.77,11.17,0.0096,5,18.57,13.46,0.5424,15,-2.29,1.85,0.448,3,4,49.92,-16.07,0.0306,5,21.93,-13.57,0.4654,10,-0.43,-8.25,0.504],"hull":14,"edges":[14,16,16,18,12,28,28,30,30,18,8,32,32,34,34,22,8,10,10,12,10,36,36,38,18,20,20,22,38,20,4,6,6,8,6,40,40,42,22,24,24,26,42,24,28,36,36,32,32,40,4,2,40,2,2,0,0,26,0,42,42,34,34,38,38,30,28,14,12,14,30,16],"width":75,"height":98}},"slwh_xchouzihead":{"slwh_xchouzihead":{"type":"mesh","uvs":[0.44053,0,0.43595,0.14087,0.24497,0.22198,0.06547,0.2943,0,0.45658,0,0.62614,0,0.76329,0.09979,0.96919,0.34605,0.99999,0.56557,0.96008,0.77163,0.92138,1,0.81388,1,0.60475,1,0.46392,1,0.33896,0.6974,0.14125,0.52938,2.4E-4,0.28026,0.86006,0.25282,0.74792,0.28202,0.58023,0.08391,0.52685,0.25916,0.48565,0.46737,0.40789,0.80772,0.42972,0.37523,0.53208,0.49725,0.48536,0.65041,0.4966,0.84622,0.60111,0.32608,0.85593,0.37093,0.81763,0.50482,0.82553,0.70645,0.78161,0.24842,0.8568,0.17004,0.83956,0.11835,0.34857,0.24836,0.28502,0.44665,0.22304,0.75791,0.25122,0.20246,0.56421,0.12077,0.55743,0.04734,0.60154,0.03413,0.70249,0.84323,0.79664],"triangles":[1,0,16,1,16,15,8,7,32,7,33,32,32,17,8,17,28,8,8,30,9,8,29,30,8,28,29,7,6,33,9,31,10,9,30,31,10,42,11,10,31,42,28,17,18,18,17,32,32,33,18,28,18,29,6,41,33,33,41,18,41,38,18,38,41,39,40,39,41,29,24,30,24,25,30,30,26,31,30,25,26,18,19,29,29,19,24,42,12,11,42,27,12,42,31,27,31,26,27,6,5,41,18,38,19,41,5,40,40,5,20,27,13,12,40,20,39,20,5,4,26,23,27,27,23,13,38,21,19,19,21,24,38,39,21,39,20,21,24,22,25,24,21,22,20,34,21,20,4,34,23,26,22,34,35,21,21,35,22,26,25,22,23,14,13,4,3,34,22,37,23,23,37,14,35,36,22,22,36,37,34,3,35,3,2,35,35,2,36,36,15,37,14,37,15,2,1,36,36,1,15],"vertices":[1,7,23.69,5.5,1,2,6,136.75,4.13,0.76,7,2.13,18.34,0.24,1,6,122.63,39.21,1,1,6,110.06,72.17,1,1,6,81.28,84.41,1,1,6,51.1,84.69,1,1,6,26.69,84.91,1,1,6,-10.12,66.98,1,1,6,-16.01,21.97,1,1,6,-9.28,-18.27,1,1,6,-2.73,-56.04,1,1,6,16.03,-98,1,1,6,53.25,-98.34,1,1,6,78.32,-98.57,1,1,6,100.56,-98.77,1,2,6,136.25,-43.71,0.704,7,-21.03,-23.53,0.296,1,7,15.8,-8.72,1,1,6,9,33.78,1,1,6,29.01,38.62,1,3,6,58.8,33,0.48416,14,4.11,39.93,0.22784,20,-10.08,-29,0.288,1,6,68.64,69.17,1,1,6,75.68,37.04,1,1,6,89.17,-1.19,1,1,6,84.72,-63.44,1,2,6,67.22,15.87,0.504,14,6.77,21.02,0.496,2,6,75.34,-6.53,0.504,14,7.5,-2.79,0.496,2,6,73.08,-34.54,0.504,14,-3.36,-28.71,0.496,1,6,54.15,-70.21,1,1,6,9.66,25.39,1,1,6,16.4,17.12,1,1,6,14.77,-7.37,1,1,6,22.26,-44.34,1,1,6,9.63,39.6,1,1,6,12.83,53.91,1,1,6,100.31,62.58,1,1,6,111.41,38.69,1,1,6,122.11,2.3,1,1,6,116.58,-54.61,1,2,6,61.79,47.54,0.528,20,-2.78,-16.08,0.472,2,6,63.13,62.48,0.528,20,3.07,-2.27,0.472,2,6,55.4,75.98,0.528,20,-0.15,12.96,0.472,2,6,37.46,78.56,0.712,20,-16.44,20.91,0.288,1,6,19.35,-69.34,1],"hull":17,"edges":[0,2,6,8,0,32,16,18,16,34,34,36,36,38,2,4,4,6,8,10,10,12,10,40,42,38,40,42,42,44,44,46,26,28,46,26,38,48,48,50,50,52,52,54,22,24,24,26,54,24,34,56,56,58,58,60,60,62,34,64,64,66,12,14,66,14,14,16,8,68,4,70,70,42,68,70,70,72,72,74,74,28,28,30,30,32,38,76,76,78,78,80,80,82,82,12,44,72,72,2,44,50,30,74,74,46,46,54,22,84,84,62,54,84,18,20,20,22,84,20,40,68,6,68],"width":183,"height":178}},"slwh_xchouzilerji":{"slwh_xchouzilerji":{"type":"mesh","uvs":[0.13653,0.1199,1.0E-5,0.34087,0.01733,0.67673,0.15474,0.86827,0.37771,0.98944,0.67353,1,1,0.88654,1,0.05783,0.43482,0.01378,0.61055,0.94231,0.39001,0.88716,0.22775,0.74165,0.13323,0.5316,0.14425,0.29925,0.25925,0.1467,0.41994,0.08686,0.73164,0.92497],"triangles":[4,9,5,1,0,13,4,3,10,2,1,12,3,2,11,3,11,10,13,14,15,10,11,15,4,10,9,15,8,7,8,14,0,15,14,8,16,15,7,15,9,10,7,6,16,16,9,15,5,9,16,5,16,6,13,0,14,13,15,12,15,11,12,12,1,13,2,12,11],"vertices":[1,27,42.82,-2.3,1,1,27,21.25,7.86,1,1,27,-11.67,6.9,1,1,27,-30.53,-2.96,1,1,27,-42.55,-19.13,1,1,27,-43.78,-40.72,1,1,31,-41.28,-20.03,1,1,31,39.93,-20.77,1,2,31,44.62,20.45,0.84766,27,53.02,-24.17,0.15234,1,31,-46.49,8.45,1,1,31,-40.93,24.5,1,1,31,-26.57,36.21,1,1,31,-5.92,42.93,1,1,31,16.84,41.91,1,1,31,31.71,33.38,1,1,31,37.47,21.6,1,1,31,-44.87,-0.41,1],"hull":9,"edges":[0,2,2,4,4,6,6,8,8,10,18,20,20,22,22,24,24,26,26,28,28,30,14,16,30,14,16,0,10,12,12,14,12,32,32,18,10,32],"width":73,"height":98}},"slwh_xchouzilerjik":{"slwh_xchouzilerjik":{"type":"mesh","uvs":[0,0,0.55634,0,0.99999,0.78445,1,1,0.78654,0.99999,0.69862,0.86176,0,0.91514],"triangles":[4,2,3,4,5,2,5,1,2,6,1,5,6,0,1],"vertices":[1,30,6.14,5.52,1,1,30,5.77,-35.65,1,1,31,43.02,8.94,1,1,31,37.41,8.99,1,1,31,37.56,24.79,1,2,30,-16.73,-45.97,0.512,31,41.21,31.26,0.488,1,30,-17.65,5.73,1],"hull":7,"edges":[0,2,2,4,4,6,6,8,8,10,10,12,12,0],"width":74,"height":26}},"slwh_xchouzileye1":{"slwh_xchouzileye1":{"x":-2.19,"y":0.58,"rotation":-90.52,"width":30,"height":30}},"slwh_xchouzileye2":{"slwh_xchouzileye2":{"x":48.85,"y":-13,"scaleX":1.1,"scaleY":1.1,"rotation":-90.52,"width":48,"height":42}},"slwh_xchouzilfoot":{"slwh_xchouzilfoot":{"x":31.21,"y":-3.25,"rotation":-25.73,"width":77,"height":57}},"slwh_xchouzilhand":{"slwh_xchouzilhand":{"type":"mesh","uvs":[0,0.21874,0.19329,0.51004,0.29368,0.47836,0.33997,0.56886,0.36621,0.83448,0.51866,0.92533,0.60385,0.88765,0.61298,0.81396,0.56167,0.75497,0.58142,0.74932,0.62821,0.82591,0.61335,0.99022,0.82845,1,0.96,0.97956,1,0.84093,1,0.62152,1,0.53751,0.70086,0.37124,0.5894,0.32653,0.75409,0.2526,0.20313,0,0,0,0.42952,0.31097,0.80608,0.64696,0.8299,0.83409,0.53871,0.41366],"triangles":[7,5,8,7,6,5,5,4,8,12,10,24,12,24,13,11,10,12,10,23,24,24,15,14,15,23,16,23,10,9,24,23,15,13,24,14,22,20,19,18,22,19,25,22,18,25,18,17,2,22,25,3,2,25,23,17,16,25,17,23,9,25,23,8,3,25,9,8,25,4,3,8,0,21,20,0,20,22,2,0,22,1,0,2],"vertices":[1,10,1.57,-12.49,1,3,10,28.53,-25.55,0.89303,11,5.62,-25.03,0.10683,12,-21.86,-39.49,1.4E-4,3,10,33.03,-18.88,0.63077,11,8.27,-17.43,0.36268,12,-22.99,-31.52,0.00655,3,10,40.57,-23.54,0.17544,11,16.75,-20,0.76716,12,-14.28,-29.91,0.0574,2,11,36.32,-33.86,0.48,29,6.26,-10.44,0.52,1,29,18.82,-4.14,1,1,29,18.8,3.09,1,1,29,13.26,6.79,1,4,10,63.81,-27.64,0.00132,11,40.26,-18.03,0.6425,12,5.7,-17.35,0.33627,13,-6.08,-20.32,0.01992,4,10,64.73,-26.37,8.6E-4,11,40.83,-16.57,0.54201,12,5.53,-15.8,0.40929,13,-6.73,-18.89,0.04784,2,12,13.02,-13.88,0.44,13,-0.2,-14.74,0.56,1,13,14.63,-14.44,1,1,13,13.97,1.7,1,2,12,31.96,7.38,0.592,13,11.19,11.35,0.408,2,12,20.44,13.03,0.41992,13,-1.51,13.15,0.58008,3,11,52.19,14.87,0.26945,12,1.17,17.35,0.72902,13,-21.17,11.26,0.00153,2,11,46.4,19.73,0.4867,12,-6.2,19.01,0.5133,1,11,20.52,12.16,1,2,10,43.28,5.07,0.50443,11,12.06,8.35,0.49557,1,11,14.9,22.08,1,1,10,2.66,12.38,1,1,10,-9.79,3.59,1,2,10,32.67,-0.7,0.496,11,3.28,0.06,0.504,2,11,44.6,2.26,0.3068,12,0.22,2.66,0.6932,2,12,17.05,0.72,0.55211,13,-0.91,0.39,0.44789,1,11,15.62,0.39,1],"hull":22,"edges":[0,2,2,4,36,38,38,40,40,42,0,42,4,44,44,36,8,10,10,12,12,14,20,22,18,46,30,32,46,30,26,28,28,30,28,48,48,20,46,48,22,24,24,26,48,24,4,6,6,8,44,50,50,46,6,50,32,34,34,36,50,34,14,16,16,18,18,20],"width":75,"height":90}},"slwh_xchouziltoe":{"slwh_xchouziltoe":{"x":10.81,"y":-1.34,"rotation":150.62,"width":35,"height":36}},"slwh_xchouzirerji":{"slwh_xchouzirerji":{"type":"mesh","uvs":[0.55965,0,0.25676,0.24041,0,0.37894,1.0E-5,0.73427,0.32326,0.99999,1,0.99998,1,0.89069,1,0.27183,1,0.00149,0.51902,0.90748,0.28291,0.76622,0.21191,0.57445,0.30391,0.37051,0.50191,0.27311,0.57177,0.85894,0.36185,0.73724,0.30129,0.57321,0.40424,0.39649,0.62014,0.27281],"triangles":[15,16,17,15,17,14,16,12,17,14,17,18,9,15,14,10,16,15,3,2,11,3,11,10,3,10,4,12,11,2,16,11,12,18,0,8,18,8,7,13,1,0,18,13,0,12,1,13,2,1,12,17,12,13,17,13,18,18,7,6,14,18,6,14,6,5,9,14,5,4,9,5,10,11,16,10,15,9,4,10,9],"vertices":[1,34,65.68,-5.53,1,1,34,41.06,11.05,1,1,34,26.92,25.04,1,1,34,-9.68,25.37,1,1,34,-37.2,8.16,1,1,34,-37.53,-28.38,1,1,34,-26.28,-28.48,1,1,34,37.46,-29.06,1,1,34,65.31,-29.31,1,1,34,-27.77,-2.49,1,1,34,-13.11,10.13,1,1,34,6.68,13.78,1,1,34,27.64,8.62,1,1,34,37.57,-2.16,1,1,28,-21.99,-12.51,1,1,28,-8.53,-2.29,1,1,28,8.58,-0.48,1,1,28,26.24,-7.57,1,1,34,37.55,-8.54,1],"hull":9,"edges":[0,2,2,4,4,6,0,16,18,20,20,22,22,24,24,26,2,26,14,16,6,8,8,10,18,10,10,12,12,14,12,28,28,30,30,32,32,34,14,36,36,26,34,36],"width":54,"height":103}},"slwh_xchouzireye1":{"slwh_xchouzireye1":{"x":-2.02,"y":2.14,"rotation":-90.52,"width":27,"height":28}},"slwh_xchouzireye2":{"slwh_xchouzireye2":{"type":"mesh","uvs":[0,0.01654,0,1,1,0.99244,1,0],"triangles":[0,3,2,1,0,2],"vertices":[60.75,72.65,22.89,72.99,22.83,34.49,61.03,34.15],"hull":4,"edges":[2,4,4,6,0,6,0,2],"width":35,"height":35}},"slwh_xchouzirfoot":{"slwh_xchouzirfoot":{"x":25.1,"y":-0.87,"rotation":-163.45,"width":51,"height":33}},"slwh_xchouzirfoot1":{"slwh_xchouzirfoot1":{"x":24.26,"y":5.21,"rotation":-154.38,"width":75,"height":53}},"slwh_xchouzirhand":{"slwh_xchouzirhand":{"type":"mesh","uvs":[1,0.72584,0.75654,1,0.44586,0.99999,0.31903,0.97821,0.17129,0.70265,0.01662,0.4386,1.0E-5,0.19087,0,0,0.18028,0,0.21516,0.12919,0.46043,0.13919,0.65493,0.47284,0.54367,0.65563,0.5776,0.73658,0.57958,0.66616,1,0.46337,0.42695,0.63206,0.51033,0.90499,0.28081,0.28507],"triangles":[9,7,8,9,6,7,18,6,9,18,9,10,18,5,6,16,18,11,16,4,18,18,10,11,4,5,18,12,16,11,13,16,12,3,4,16,3,16,17,2,3,17,13,17,16,14,15,0,13,14,0,1,13,0,17,13,1,2,17,1],"vertices":[1,15,1.42,13.59,1,1,15,36.17,21.68,1,2,15,58.29,4.07,0.40943,16,-6.56,6.13,0.59057,2,15,65.94,-4.85,0.00764,16,-0.78,16.37,0.99236,2,16,30.14,20.17,0.44,17,-0.19,20.24,0.56,2,17,30.19,21.22,0.488,18,-5.31,21.64,0.512,2,18,17.38,10.42,0.512,19,-0.7,10.86,0.488,1,19,18.52,7.74,1,1,19,15.89,-8.45,1,2,18,13.13,-9.7,0.512,19,2.37,-9.47,0.488,2,17,40.15,-28.42,0.488,18,1.17,-28.57,0.512,2,16,38.36,-29.01,0.44,17,1.81,-29.58,0.56,1,16,23.91,-13.48,1,2,15,32.18,-9.48,0.48343,16,15.1,-13.78,0.51657,1,15,27.57,-14.99,1,1,15,-15.25,-7.36,1,2,16,29.56,-4.17,0.44,17,-3.81,-3.84,0.56,1,15,47.67,0.14,1,2,17,33.85,-7.24,0.488,18,-3.64,-7,0.512],"hull":16,"edges":[0,2,12,14,14,16,16,18,18,20,20,22,0,30,2,4,4,6,6,8,8,32,32,22,4,34,34,26,32,34,10,12,18,36,36,32,10,36,36,20,12,18,8,10,22,24,24,26,26,28,28,30],"width":91,"height":102}},"slwh_xchouzirtoe":{"slwh_xchouzirtoe":{"x":10.09,"y":-1.14,"rotation":134.48,"width":39,"height":37}},"slwh_xchouziweiba":{"slwh_xchouziweiba":{"x":29.88,"y":-30.75,"rotation":75.37,"width":81,"height":69}},"slwh_xchouziyy":{"slwh_xchouziyy":{"type":"mesh","uvs":[1,0.19267,1,0.36499,1,1,0.4157,1,0,1,0,0.44374,0,0,0.44005,0,1,0,0.09939,0.21339,0.13798,0.65358,0.10702,0.79176,0.24041,0.85723,0.25254,0.94716,0.58107,0.95663,0.60753,0.83357,0.7255,0.817,0.83574,0.71366,0.76629,0.60164,0.70124,0.48884],"triangles":[17,18,1,16,17,2,17,1,2,16,18,17,18,15,19,15,10,19,11,12,13,15,12,10,4,13,3,4,11,13,12,15,3,12,3,13,3,14,2,2,14,16,14,15,16,15,14,3,15,18,16,4,5,11,10,12,11,11,5,10,18,19,1,10,5,9,9,7,19,1,19,0,19,7,0,9,6,7,7,8,0,19,10,9,5,6,9],"vertices":[1,6,90.15,-123.38,1,1,6,31.39,-122.84,1,2,22,19.82,113.77,0.57798,12,129.35,26.53,0.42202,4,37,-33.87,79.25,0.00151,23,38.91,24.74,0.28224,24,-10.42,24.96,0.71625,15,102.75,127.16,0,4,37,57.59,123.1,0.26112,24,73.01,82.66,0.3499,25,-65.71,68.88,0.38898,15,182.12,64,0,5,36,129.02,-60.94,0.00504,37,139.6,-47.94,0.01203,16,74.66,41.72,0.06456,17,46.68,36.04,0.20493,18,12.18,35.27,0.71344,1,6,158.06,120.02,1,1,6,157.09,12.65,1,1,6,155.85,-123.97,1,1,6,85.08,96.43,1,7,36,76.36,-1.94,0.16162,37,78.31,2.03,0.33601,24,112.52,-33.65,0.00268,25,57.05,73.21,0.04762,15,82.22,-7.47,0.02564,16,-3.89,32.56,0.39661,17,-32.39,36.8,0.02982,6,36,70.18,45.38,0.02105,37,64.74,47.78,0.48811,24,91.92,9.41,0.08685,25,9.9,65.9,0.35879,16,-46.16,54.71,0.04454,17,-71.55,64.08,6.6E-4,4,37,25.74,53.84,0.24265,24,52.45,9.25,0.19051,25,-1.33,28.06,0.56684,15,105.9,62.44,0,4,37,9.81,80.21,0.11035,24,32.58,32.79,0.63055,25,-29.59,15.8,0.2591,15,122.68,88.28,0,3,22,41.31,12.75,0.3598,23,-3.61,18.53,0.6098,12,92.55,-69.98,0.03041,3,21,35.51,3.68,0.37341,22,-0.3,4.28,0.60889,12,53.02,-54.49,0.0177,4,8,26.88,-45.67,0.0192,21,37.31,32.96,0.26795,22,-15.55,29.33,0.39974,12,53.8,-25.17,0.31311,5,21,10.01,67.89,0.00707,22,-57.92,42.38,0.04443,15,-38.24,114.58,0,11,69.69,-3.82,0.00783,12,25.3,8.79,0.94067,4,6,-48.79,-65.09,0.00766,15,-48.77,74.14,0,11,29.53,7.74,0.8949,12,-15.68,0.61,0.09744,6,6,-10.18,-49.57,0.1485,22,-118.5,-14.94,0,15,-60.3,34.16,0,10,24.87,22.3,0.61127,11,-10.14,20.31,0.21297,12,-56.68,-6.46,0.02726],"hull":9,"edges":[12,14,14,16,14,18,8,10,10,12,18,10,10,20,20,22,22,24,24,26,4,6,6,8,26,6,6,28,28,30,30,32,32,34,34,36,36,38,4,2,38,2,2,0,0,16,0,14],"width":61,"height":85}}}},"animations":{"animation":{"bones":{"slwh_xchouzibody":{"rotate":[{"time":0,"angle":0,"curve":"stepped"},{"time":2.4,"angle":0,"curve":"stepped"},{"time":4.8,"angle":0}],"translate":[{"time":0,"x":0,"y":0,"curve":"stepped"},{"time":2.4,"x":0,"y":0,"curve":"stepped"},{"time":4.8,"x":0,"y":0}],"scale":[{"time":0,"x":1,"y":1,"curve":"stepped"},{"time":2.4,"x":1,"y":1,"curve":"stepped"},{"time":4.8,"x":1,"y":1}]},"bone":{"rotate":[{"time":0,"angle":0,"curve":[0.25,0,0.75,1]},{"time":1.2,"angle":-1.75,"curve":[0.25,0,0.75,1]},{"time":2.4,"angle":0,"curve":[0.25,0,0.75,1]},{"time":3.6,"angle":-1.75,"curve":[0.25,0,0.75,1]},{"time":4.8,"angle":0}],"translate":[{"time":0,"x":0,"y":0,"curve":[0.25,0,0.75,1]},{"time":1.2,"x":0,"y":0.87,"curve":[0.25,0,0.75,1]},{"time":2.4,"x":0,"y":0,"curve":[0.25,0,0.75,1]},{"time":3.6,"x":0,"y":0.87,"curve":[0.25,0,0.75,1]},{"time":4.8,"x":0,"y":0}],"scale":[{"time":0,"x":1,"y":1,"curve":"stepped"},{"time":2.4,"x":1,"y":1,"curve":"stepped"},{"time":4.8,"x":1,"y":1}]},"bone2":{"rotate":[{"time":0,"angle":-0.17,"curve":[0.382,0.57,0.735,1]},{"time":0.4,"angle":0,"curve":[0.25,0,0.75,1]},{"time":1.6,"angle":-0.61,"curve":[0.25,0,1,1]},{"time":2.4,"angle":-0.17,"curve":[0.382,0.57,0.735,1]},{"time":2.8,"angle":0,"curve":[0.25,0,0.75,1]},{"time":4,"angle":-0.61,"curve":[0.25,0,1,1]},{"time":4.8,"angle":-0.17}],"translate":[{"time":0,"x":0.25,"y":-0.03,"curve":[0.382,0.57,0.735,1]},{"time":0.4,"x":0,"y":0,"curve":[0.25,0,0.75,1]},{"time":1.6,"x":0.89,"y":-0.11,"curve":[0.25,0,1,1]},{"time":2.4,"x":0.25,"y":-0.03,"curve":[0.382,0.57,0.735,1]},{"time":2.8,"x":0,"y":0,"curve":[0.25,0,0.75,1]},{"time":4,"x":0.89,"y":-0.11,"curve":[0.25,0,1,1]},{"time":4.8,"x":0.25,"y":-0.03}],"scale":[{"time":0,"x":1,"y":1,"curve":"stepped"},{"time":2.4,"x":1,"y":1,"curve":"stepped"},{"time":4.8,"x":1,"y":1}]},"slwh_xchouzihead":{"rotate":[{"time":0,"angle":-1.47,"curve":[0.25,0,0.75,1]},{"time":0.8,"angle":0,"curve":[0.25,0,0.75,1]},{"time":2,"angle":-2.71,"curve":[0.25,0,1,1]},{"time":2.4,"angle":-2.39,"curve":[0.25,0,0.75,1]},{"time":3.2,"angle":0,"curve":[0.25,0,0.75,1]},{"time":4.4,"angle":-2.05,"curve":[0.25,0,1,1]},{"time":4.8,"angle":-1.47}],"translate":[{"time":0,"x":-0.99,"y":-0.08,"curve":[0.25,0,0.75,1]},{"time":0.8,"x":-1.7,"y":-0.19,"curve":[0.25,0,0.75,1]},{"time":2,"x":-0.7,"y":-0.04,"curve":[0.25,0,1,1]},{"time":2.4,"x":-0.99,"y":-0.08,"curve":[0.25,0,0.75,1]},{"time":3.2,"x":-1.7,"y":-0.19,"curve":[0.25,0,0.75,1]},{"time":4.4,"x":-0.7,"y":-0.04,"curve":[0.25,0,1,1]},{"time":4.8,"x":-0.99,"y":-0.08}],"scale":[{"time":0,"x":1,"y":1,"curve":"stepped"},{"time":2.4,"x":1,"y":1,"curve":"stepped"},{"time":4.8,"x":1,"y":1}]},"bone3":{"rotate":[{"time":0,"angle":0,"curve":[0.25,0,0.75,1]},{"time":1.2,"angle":10.69,"curve":[0.25,0,0.75,1]},{"time":2.4,"angle":0,"curve":[0.25,0,0.75,1]},{"time":3.6,"angle":10.69,"curve":[0.25,0,0.75,1]},{"time":4.8,"angle":0}],"translate":[{"time":0,"x":0,"y":0,"curve":[0.25,0,0.75,1]},{"time":1.2,"x":0.67,"y":0.51,"curve":[0.25,0,0.75,1]},{"time":2.4,"x":0,"y":0,"curve":[0.25,0,0.75,1]},{"time":3.6,"x":0.67,"y":0.51,"curve":[0.25,0,0.75,1]},{"time":4.8,"x":0,"y":0}],"scale":[{"time":0,"x":1,"y":1,"curve":"stepped"},{"time":2.4,"x":1,"y":1,"curve":"stepped"},{"time":4.8,"x":1,"y":1}]},"slwh_xchouzilfoot":{"rotate":[{"time":0,"angle":0,"curve":[0.25,0,0.75,1]},{"time":1.2,"angle":-2.31,"curve":[0.25,0,0.75,1]},{"time":2.4,"angle":0,"curve":[0.25,0,0.75,1]},{"time":3.6,"angle":-2.31,"curve":[0.25,0,0.75,1]},{"time":4.8,"angle":0}],"translate":[{"time":0,"x":0,"y":0,"curve":"stepped"},{"time":2.4,"x":0,"y":0,"curve":"stepped"},{"time":4.8,"x":0,"y":0}],"scale":[{"time":0,"x":1,"y":1,"curve":"stepped"},{"time":2.4,"x":1,"y":1,"curve":"stepped"},{"time":4.8,"x":1,"y":1}]},"骨骼2":{"rotate":[{"time":0,"angle":0,"curve":"stepped"},{"time":2.4,"angle":0,"curve":"stepped"},{"time":4.8,"angle":0}],"translate":[{"time":0,"x":0,"y":0,"curve":"stepped"},{"time":2.4,"x":0,"y":0,"curve":"stepped"},{"time":4.8,"x":0,"y":0}],"scale":[{"time":0,"x":1,"y":1,"curve":"stepped"},{"time":2.4,"x":1,"y":1,"curve":"stepped"},{"time":4.8,"x":1,"y":1}]},"slwh_xchouzilhand":{"rotate":[{"time":0,"angle":0,"curve":"stepped"},{"time":2.4,"angle":0,"curve":"stepped"},{"time":4.8,"angle":0}],"translate":[{"time":0,"x":0,"y":0,"curve":[0.25,0,0.75,1]},{"time":1.2,"x":0.11,"y":-0.72,"curve":[0.25,0,0.75,1]},{"time":2.4,"x":0,"y":0,"curve":[0.25,0,0.75,1]},{"time":3.6,"x":0.11,"y":-0.72,"curve":[0.25,0,0.75,1]},{"time":4.8,"x":0,"y":0}],"scale":[{"time":0,"x":1,"y":1,"curve":"stepped"},{"time":2.4,"x":1,"y":1,"curve":"stepped"},{"time":4.8,"x":1,"y":1}]},"bone4":{"rotate":[{"time":0,"angle":0,"curve":"stepped"},{"time":2.4,"angle":0,"curve":[0.25,0,0.75,1]},{"time":4.8,"angle":3.81}],"translate":[{"time":0,"x":0,"y":0,"curve":[0.25,0,0.75,1]},{"time":1.2,"x":0.88,"y":0.68,"curve":[0.25,0,0.75,1]},{"time":2.4,"x":0,"y":0,"curve":[0.25,0,0.75,1]},{"time":3.6,"x":0.88,"y":0.68,"curve":[0.25,0,0.75,1]},{"time":4.8,"x":0,"y":0}],"scale":[{"time":0,"x":1,"y":1,"curve":"stepped"},{"time":2.4,"x":1,"y":1,"curve":"stepped"},{"time":4.8,"x":1,"y":1}]},"slwh_xchouziltoe":{"rotate":[{"time":0,"angle":0,"curve":"stepped"},{"time":2.4,"angle":0,"curve":"stepped"},{"time":4.8,"angle":0}],"translate":[{"time":0,"x":0,"y":0,"curve":"stepped"},{"time":2.4,"x":0,"y":0,"curve":"stepped"},{"time":4.8,"x":0,"y":0}],"scale":[{"time":0,"x":1,"y":1,"curve":"stepped"},{"time":2.4,"x":1,"y":1,"curve":"stepped"},{"time":4.8,"x":1,"y":1}],"shear":[{"time":0,"x":0,"y":0,"curve":[0.25,0,0.75,1]},{"time":1.2,"x":0,"y":-3.3,"curve":[0.25,0,0.75,1]},{"time":2.4,"x":0,"y":0,"curve":[0.25,0,0.75,1]},{"time":3.6,"x":0,"y":-3.3,"curve":[0.25,0,0.75,1]},{"time":4.8,"x":0,"y":0}]},"slwh_xchouzirfoot":{"rotate":[{"time":0,"angle":0.21,"curve":[0.25,0,0.75,1]},{"time":0.2333,"angle":0,"curve":[0.25,0,0.75,1]},{"time":1.4333,"angle":1.62,"curve":[0.25,0,0.75,1]},{"time":2.4,"angle":0.21,"curve":[0.25,0,0.75,1]},{"time":2.6333,"angle":0,"curve":[0.25,0,0.75,1]},{"time":3.8333,"angle":1.62,"curve":[0.25,0,0.75,1]},{"time":4.8,"angle":0.21}],"translate":[{"time":0,"x":0,"y":0,"curve":"stepped"},{"time":2.4,"x":0,"y":0,"curve":"stepped"},{"time":4.8,"x":0,"y":0}],"scale":[{"time":0,"x":1,"y":1,"curve":"stepped"},{"time":2.4,"x":1,"y":1,"curve":"stepped"},{"time":4.8,"x":1,"y":1}]},"slwh_xchouzirfoot1":{"rotate":[{"time":0,"angle":0.21,"curve":[0.25,0,0.75,1]},{"time":0.2333,"angle":0,"curve":[0.25,0,0.75,1]},{"time":1.4333,"angle":1.62,"curve":[0.25,0,0.75,1]},{"time":2.4,"angle":0.21,"curve":[0.25,0,0.75,1]},{"time":2.6333,"angle":0,"curve":[0.25,0,0.75,1]},{"time":3.8333,"angle":1.62,"curve":[0.25,0,0.75,1]},{"time":4.8,"angle":0.21}],"translate":[{"time":0,"x":0,"y":0,"curve":"stepped"},{"time":2.4,"x":0,"y":0,"curve":"stepped"},{"time":4.8,"x":0,"y":0}],"scale":[{"time":0,"x":1,"y":1,"curve":"stepped"},{"time":2.4,"x":1,"y":1,"curve":"stepped"},{"time":4.8,"x":1,"y":1}]},"slwh_xchouzirtoe":{"rotate":[{"time":0,"angle":0,"curve":[0.25,0,0.75,1]},{"time":0.8333,"angle":-3.15,"curve":[0.243,0,0.68,0.71]},{"time":1.2333,"angle":2.42,"curve":[0.25,0,0.75,1]},{"time":2.4,"angle":0,"curve":"stepped"},{"time":4.8,"angle":0}],"translate":[{"time":0,"x":0,"y":0,"curve":"stepped"},{"time":2.4,"x":0,"y":0,"curve":"stepped"},{"time":4.8,"x":0,"y":0}],"scale":[{"time":0,"x":1,"y":1,"curve":"stepped"},{"time":2.4,"x":1,"y":1,"curve":"stepped"},{"time":4.8,"x":1,"y":1}],"shear":[{"time":0,"x":0,"y":0.85,"curve":[0.25,0,0.75,1]},{"time":0.3333,"x":0,"y":0,"curve":[0.25,0,0.75,1]},{"time":1.5,"x":0,"y":4.2,"curve":[0.25,0,1,1]},{"time":2.4,"x":0,"y":0.85,"curve":[0.25,0,0.75,1]},{"time":2.7,"x":0,"y":0,"curve":[0.25,0,0.75,1]},{"time":3.9,"x":0,"y":4.2,"curve":[0.25,0,1,1]},{"time":4.8,"x":0,"y":0.85}]},"slwh_xchouzirhand":{"rotate":[{"time":0,"angle":0.46,"curve":[0.118,0.15,0.75,1]},{"time":0.6,"angle":0,"curve":[0.25,0,0.75,1]},{"time":1.8,"angle":0.92,"curve":[0.25,0,1,1]},{"time":2.4,"angle":0.46,"curve":[0.118,0.15,0.75,1]},{"time":3,"angle":0,"curve":[0.25,0,0.75,1]},{"time":4.2,"angle":0.92,"curve":[0.25,0,1,1]},{"time":4.8,"angle":0.46}],"translate":[{"time":0,"x":-0.05,"y":0.35,"curve":[0.118,0.15,0.75,1]},{"time":0.6,"x":0,"y":0,"curve":[0.25,0,0.75,1]},{"time":1.8,"x":-0.1,"y":0.69,"curve":[0.25,0,1,1]},{"time":2.4,"x":-0.05,"y":0.35,"curve":[0.118,0.15,0.75,1]},{"time":3,"x":0,"y":0,"curve":[0.25,0,0.75,1]},{"time":4.2,"x":-0.1,"y":0.69,"curve":[0.25,0,1,1]},{"time":4.8,"x":-0.05,"y":0.35}],"scale":[{"time":0,"x":1,"y":1,"curve":"stepped"},{"time":2.4,"x":1,"y":1,"curve":"stepped"},{"time":4.8,"x":1,"y":1}]},"bone8":{"rotate":[{"time":0,"angle":1.4,"curve":[0.118,0.15,0.75,1]},{"time":0.8,"angle":0,"curve":[0.25,0,0.75,1]},{"time":2,"angle":1.96,"curve":[0.25,0,1,1]},{"time":2.4,"angle":1.4,"curve":[0.118,0.15,0.75,1]},{"time":3.2,"angle":0,"curve":[0.25,0,0.75,1]},{"time":4.4,"angle":1.96,"curve":[0.25,0,1,1]},{"time":4.8,"angle":1.4}],"translate":[{"time":0,"x":0,"y":0,"curve":"stepped"},{"time":2.4,"x":0,"y":0,"curve":"stepped"},{"time":4.8,"x":0,"y":0}],"scale":[{"time":0,"x":1,"y":1,"curve":"stepped"},{"time":2.4,"x":1,"y":1,"curve":"stepped"},{"time":4.8,"x":1,"y":1}]},"bone5":{"rotate":[{"time":0,"angle":0,"curve":[0.25,0,0.75,1]},{"time":1.2,"angle":-1.55,"curve":[0.25,0,0.75,1]},{"time":2.4,"angle":0,"curve":[0.25,0,0.625,0.5]},{"time":3.6,"angle":-1.55,"curve":[0.25,0,0.75,1]},{"time":4.8,"angle":0}],"translate":[{"time":0,"x":0,"y":0,"curve":"stepped"},{"time":2.4,"x":0,"y":0,"curve":"stepped"},{"time":4.8,"x":0,"y":0}],"scale":[{"time":0,"x":1,"y":1,"curve":"stepped"},{"time":2.4,"x":1,"y":1,"curve":"stepped"},{"time":4.8,"x":1,"y":1}]},"bone6":{"rotate":[{"time":0,"angle":0,"curve":[0.25,0,0.75,1]},{"time":1.2,"angle":-1.55,"curve":[0.25,0,0.75,1]},{"time":2.4,"angle":0,"curve":[0.25,0,0.75,1]},{"time":3.6,"angle":-1.55,"curve":[0.25,0,0.75,1]},{"time":4.8,"angle":0}],"translate":[{"time":0,"x":0,"y":0,"curve":"stepped"},{"time":2.4,"x":0,"y":0,"curve":"stepped"},{"time":4.8,"x":0,"y":0}],"scale":[{"time":0,"x":1,"y":1,"curve":"stepped"},{"time":2.4,"x":1,"y":1,"curve":"stepped"},{"time":4.8,"x":1,"y":1}]},"slwh_xchouzilerjik":{"rotate":[{"time":0,"angle":0,"curve":"stepped"},{"time":2.4,"angle":0,"curve":"stepped"},{"time":4.8,"angle":0}],"translate":[{"time":0,"x":0,"y":0,"curve":"stepped"},{"time":2.4,"x":0,"y":0,"curve":"stepped"},{"time":4.8,"x":0,"y":0}],"scale":[{"time":0,"x":1,"y":1,"curve":"stepped"},{"time":2.4,"x":1,"y":1,"curve":"stepped"},{"time":4.8,"x":1,"y":1}]},"slwh_xchouzilerji":{"rotate":[{"time":0,"angle":0,"curve":"stepped"},{"time":2.4,"angle":0,"curve":"stepped"},{"time":4.8,"angle":0}],"translate":[{"time":0,"x":0,"y":0,"curve":[0.245,0,0.637,0.56]},{"time":0.4,"x":0,"y":-0.94,"curve":[0.214,0.7,0.756,1]},{"time":1.2,"x":0,"y":0,"curve":[0.25,0,0.75,1]},{"time":1.5667,"x":0,"y":-0.94,"curve":[0.214,0.7,0.756,1]},{"time":2,"x":0,"y":0,"curve":"stepped"},{"time":2.4,"x":0,"y":0,"curve":[0.25,0,0.75,1]},{"time":2.6333,"x":0,"y":-1.49,"curve":[0.214,0.7,0.756,1]},{"time":2.9667,"x":0,"y":0,"curve":[0.25,0,0.75,1]},{"time":3.2,"x":0,"y":-1.49,"curve":[0,0.6,0.75,1]},{"time":3.6667,"x":0,"y":0,"curve":[0.209,0.56,0.656,0.88]},{"time":3.9,"x":0,"y":-1.39,"curve":[0.386,0.68,0.734,1]},{"time":4.2,"x":0,"y":-1.49,"curve":[0.214,0.7,0.756,1]},{"time":4.4667,"x":0,"y":0,"curve":"stepped"},{"time":4.8,"x":0,"y":0}],"scale":[{"time":0,"x":1,"y":1,"curve":"stepped"},{"time":2.4,"x":1,"y":1,"curve":"stepped"},{"time":4.8,"x":1,"y":1}]},"slwh_xchouzirerji":{"rotate":[{"time":0,"angle":0,"curve":"stepped"},{"time":2.4,"angle":0,"curve":"stepped"},{"time":4.8,"angle":0}],"translate":[{"time":0,"x":0,"y":0,"curve":[0.245,0,0.637,0.56]},{"time":0.4,"x":-0.01,"y":0.45,"curve":[0.381,0.55,0.742,1]},{"time":1.2,"x":0,"y":0,"curve":[0.25,0,0.75,1]},{"time":1.5667,"x":-0.01,"y":0.45,"curve":[0.381,0.55,0.742,1]},{"time":2,"x":0,"y":0,"curve":"stepped"},{"time":2.4,"x":0,"y":0,"curve":[0.25,0,0.75,1]},{"time":2.6333,"x":-0.01,"y":0.71,"curve":[0.214,0.7,0.756,1]},{"time":2.9667,"x":0,"y":0,"curve":[0.25,0,0.75,1]},{"time":3.2,"x":-0.01,"y":0.71,"curve":[0.214,0.7,0.756,1]},{"time":3.6667,"x":0,"y":0,"curve":[0.242,0,0.667,0.67]},{"time":3.9,"x":-0.01,"y":0.58,"curve":[0.379,0.6,0.724,1]},{"time":4.2,"x":-0.01,"y":0.71,"curve":[0.214,0.7,0.756,1]},{"time":4.4667,"x":0,"y":0,"curve":"stepped"},{"time":4.8,"x":0,"y":0}],"scale":[{"time":0,"x":1,"y":1,"curve":"stepped"},{"time":2.4,"x":1,"y":1,"curve":"stepped"},{"time":4.8,"x":1,"y":1}]},"slwh_xchouzileye1":{"rotate":[{"time":0,"angle":0,"curve":"stepped"},{"time":2.4,"angle":0,"curve":"stepped"},{"time":4.8,"angle":0}],"translate":[{"time":0,"x":0,"y":0,"curve":[0.25,0,0.75,1]},{"time":1.2,"x":0,"y":-1.93,"curve":[0.25,0,0.75,1]},{"time":2.4,"x":0,"y":0,"curve":[0.25,0,0.75,1]},{"time":3.8,"x":-2.04,"y":-1.93,"curve":[0.25,0,0.75,1]},{"time":4.8,"x":0,"y":0}],"scale":[{"time":0,"x":1,"y":1,"curve":"stepped"},{"time":2.4,"x":1,"y":1,"curve":"stepped"},{"time":4.8,"x":1,"y":1}]},"slwh_xchouzireye1":{"rotate":[{"time":0,"angle":0,"curve":"stepped"},{"time":2.4,"angle":0,"curve":"stepped"},{"time":4.8,"angle":0}],"translate":[{"time":0,"x":0,"y":0,"curve":[0.25,0,0.75,1]},{"time":1.2,"x":0,"y":-1.93,"curve":[0.25,0,0.75,1]},{"time":2.4,"x":0,"y":0,"curve":[0.25,0,0.75,1]},{"time":3.8,"x":-2.04,"y":-1.93,"curve":[0.25,0,0.75,1]},{"time":4.8,"x":0,"y":0}],"scale":[{"time":0,"x":1,"y":1,"curve":"stepped"},{"time":2.4,"x":1,"y":1,"curve":"stepped"},{"time":4.8,"x":1,"y":1}]},"bone7":{"rotate":[{"time":0,"angle":0,"curve":"stepped"},{"time":2.4,"angle":0,"curve":"stepped"},{"time":4.8,"angle":0}],"translate":[{"time":0,"x":0,"y":0,"curve":"stepped"},{"time":2.4,"x":0,"y":0,"curve":[0.25,0,0.75,1]},{"time":3.5,"x":-4.13,"y":-1.35,"curve":[0.25,0,0.75,1]},{"time":4.8,"x":0,"y":0}],"scale":[{"time":0,"x":1,"y":1,"curve":"stepped"},{"time":2.4,"x":1,"y":1,"curve":"stepped"},{"time":4.8,"x":1,"y":1}]},"bone12":{"rotate":[{"time":0,"angle":0,"curve":"stepped"},{"time":2.4,"angle":0,"curve":"stepped"},{"time":4.8,"angle":0}],"translate":[{"time":0,"x":0,"y":0,"curve":"stepped"},{"time":2.4,"x":0,"y":0,"curve":[0.25,0,0.75,1]},{"time":3.5,"x":-4.13,"y":-1.33,"curve":[0.25,0,0.75,1]},{"time":4.8,"x":0,"y":0}],"scale":[{"time":0,"x":1,"y":1,"curve":"stepped"},{"time":2.4,"x":1,"y":1,"curve":"stepped"},{"time":4.8,"x":1,"y":1}]},"slwh_xchouziweiba":{"rotate":[{"time":0,"angle":0,"curve":"stepped"},{"time":2.4,"angle":0,"curve":"stepped"},{"time":4.8,"angle":0}],"translate":[{"time":0,"x":0,"y":0,"curve":"stepped"},{"time":2.4,"x":0,"y":0,"curve":"stepped"},{"time":4.8,"x":0,"y":0}],"scale":[{"time":0,"x":1,"y":1,"curve":"stepped"},{"time":2.4,"x":1,"y":1,"curve":"stepped"},{"time":4.8,"x":1,"y":1}]},"bone13":{"rotate":[{"time":0,"angle":0,"curve":"stepped"},{"time":2.4,"angle":0,"curve":"stepped"},{"time":4.8,"angle":0}],"translate":[{"time":0,"x":0,"y":0,"curve":"stepped"},{"time":2.4,"x":0,"y":0,"curve":"stepped"},{"time":4.8,"x":0,"y":0}],"scale":[{"time":0,"x":1,"y":1,"curve":"stepped"},{"time":2.4,"x":1,"y":1,"curve":"stepped"},{"time":4.8,"x":1,"y":1}]},"bone14":{"rotate":[{"time":0,"angle":0,"curve":"stepped"},{"time":2.4,"angle":0,"curve":"stepped"},{"time":4.8,"angle":0}],"translate":[{"time":0,"x":0,"y":0,"curve":"stepped"},{"time":2.4,"x":0,"y":0,"curve":"stepped"},{"time":4.8,"x":0,"y":0}],"scale":[{"time":0,"x":1,"y":1,"curve":"stepped"},{"time":2.4,"x":1,"y":1,"curve":"stepped"},{"time":4.8,"x":1,"y":1}]},"bone15":{"rotate":[{"time":0,"angle":0,"curve":"stepped"},{"time":2.4,"angle":0,"curve":"stepped"},{"time":4.8,"angle":0}],"translate":[{"time":0,"x":0,"y":0,"curve":"stepped"},{"time":2.4,"x":0,"y":0,"curve":"stepped"},{"time":4.8,"x":0,"y":0}],"scale":[{"time":0,"x":1,"y":1,"curve":"stepped"},{"time":2.4,"x":1,"y":1,"curve":"stepped"},{"time":4.8,"x":1,"y":1}]},"bone16":{"rotate":[{"time":0,"angle":0,"curve":"stepped"},{"time":2.4,"angle":0,"curve":"stepped"},{"time":4.8,"angle":0}],"translate":[{"time":0,"x":0,"y":0,"curve":"stepped"},{"time":2.4,"x":0,"y":0,"curve":"stepped"},{"time":4.8,"x":0,"y":0}],"scale":[{"time":0,"x":1,"y":1,"curve":"stepped"},{"time":2.4,"x":1,"y":1,"curve":"stepped"},{"time":4.8,"x":1,"y":1}]},"bone17":{"rotate":[{"time":0,"angle":0,"curve":"stepped"},{"time":2.4,"angle":0,"curve":"stepped"},{"time":4.8,"angle":0}],"translate":[{"time":0,"x":0,"y":0,"curve":"stepped"},{"time":2.4,"x":0,"y":0,"curve":"stepped"},{"time":4.8,"x":0,"y":0}],"scale":[{"time":0,"x":1,"y":1,"curve":"stepped"},{"time":2.4,"x":1,"y":1,"curve":"stepped"},{"time":4.8,"x":1,"y":1}]},"bone18":{"rotate":[{"time":0,"angle":0,"curve":"stepped"},{"time":2.4,"angle":0,"curve":"stepped"},{"time":4.8,"angle":0}],"translate":[{"time":0,"x":0,"y":0,"curve":"stepped"},{"time":2.4,"x":0,"y":0,"curve":"stepped"},{"time":4.8,"x":0,"y":0}],"scale":[{"time":0,"x":1,"y":1,"curve":"stepped"},{"time":2.4,"x":1,"y":1,"curve":"stepped"},{"time":4.8,"x":1,"y":1}]},"bone19":{"rotate":[{"time":0,"angle":0,"curve":"stepped"},{"time":2.4,"angle":0,"curve":"stepped"},{"time":4.8,"angle":0}],"translate":[{"time":0,"x":0,"y":0,"curve":"stepped"},{"time":2.4,"x":0,"y":0,"curve":"stepped"},{"time":4.8,"x":0,"y":0}],"scale":[{"time":0,"x":1,"y":1,"curve":"stepped"},{"time":2.4,"x":1,"y":1,"curve":"stepped"},{"time":4.8,"x":1,"y":1}]},"bone9":{"rotate":[{"time":0,"angle":-1.67,"curve":[0.118,0.15,0.75,1]},{"time":0.6667,"angle":0,"curve":[0.25,0,0.75,1]},{"time":1.8667,"angle":-2.47,"curve":[0.25,0,1,1]},{"time":2.4,"angle":-1.67,"curve":[0.118,0.15,0.75,1]},{"time":3.0667,"angle":3.23,"curve":[0.25,0,0.75,1]},{"time":4.2667,"angle":-3.99,"curve":[0.25,0,1,1]},{"time":4.8,"angle":-1.67}],"translate":[{"time":0,"x":0,"y":0,"curve":"stepped"},{"time":2.4,"x":0,"y":0,"curve":"stepped"},{"time":4.8,"x":0,"y":0}],"scale":[{"time":0,"x":1,"y":1,"curve":"stepped"},{"time":2.4,"x":1,"y":1,"curve":"stepped"},{"time":4.8,"x":1,"y":1}]},"bone10":{"rotate":[{"time":0,"angle":-1.67,"curve":[0.118,0.15,0.75,1]},{"time":0.6667,"angle":0,"curve":[0.25,0,0.75,1]},{"time":1.8667,"angle":-2.47,"curve":[0.25,0,1,1]},{"time":2.4,"angle":-1.67,"curve":[0.118,0.15,0.75,1]},{"time":3.0667,"angle":0,"curve":[0.25,0,0.75,1]},{"time":4.2667,"angle":-2.47,"curve":[0.25,0,1,1]},{"time":4.8,"angle":-1.67}],"translate":[{"time":0,"x":0,"y":0,"curve":"stepped"},{"time":2.4,"x":0,"y":0,"curve":"stepped"},{"time":4.8,"x":0,"y":0}],"scale":[{"time":0,"x":1,"y":1,"curve":"stepped"},{"time":2.4,"x":1,"y":1,"curve":"stepped"},{"time":4.8,"x":1,"y":1}]},"bone11":{"rotate":[{"time":0,"angle":-1.67,"curve":[0.118,0.15,0.75,1]},{"time":0.6667,"angle":0,"curve":[0.25,0,0.75,1]},{"time":1.8667,"angle":-2.47,"curve":[0.25,0,1,1]},{"time":2.4,"angle":-1.67,"curve":[0.118,0.15,0.75,1]},{"time":3.0667,"angle":0,"curve":[0.25,0,0.75,1]},{"time":4.2667,"angle":-2.47,"curve":[0.25,0,1,1]},{"time":4.8,"angle":-1.67}],"translate":[{"time":0,"x":0,"y":0,"curve":"stepped"},{"time":2.4,"x":0,"y":0,"curve":"stepped"},{"time":4.8,"x":0,"y":0}],"scale":[{"time":0,"x":1,"y":1,"curve":"stepped"},{"time":2.4,"x":1,"y":1,"curve":"stepped"},{"time":4.8,"x":1,"y":1}]},"bone20":{"rotate":[{"time":0,"angle":0,"curve":"stepped"},{"time":2.4,"angle":0,"curve":[0.246,0,0.636,0.55]},{"time":3.0333,"angle":-4.04,"curve":[0.214,0.7,0.756,1]},{"time":3.2667,"angle":1.95,"curve":[0.25,0,0.75,1]},{"time":3.9,"angle":-2,"curve":[0.214,0.7,0.756,1]},{"time":4.4,"angle":1.95,"curve":[0.25,0,0.75,1]},{"time":4.8,"angle":0}],"translate":[{"time":0,"x":0,"y":0,"curve":"stepped"},{"time":2.4,"x":0,"y":0,"curve":"stepped"},{"time":4.8,"x":0,"y":0}],"scale":[{"time":0,"x":1,"y":1,"curve":"stepped"},{"time":2.4,"x":1,"y":1,"curve":"stepped"},{"time":4.8,"x":1,"y":1}]}},"deform":{"default":{"slwh_xchouzibody":{"slwh_xchouzibody":[{"time":0,"curve":[0.25,0,0.75,1]},{"time":1.0333,"offset":24,"vertices":[-0.47949,-1.0E-4,-0.00818,0.48047,-0.06732,0.47546,-0.53418,-2.0E-5,-0.00903,0.53516,-0.07488,0.52908,0,0,0,0,0,0,0,0,0,0,0,0,0,0,0,0,0,0,0.51489,-2.0E-5,0.00865,-0.51382,0.07245,-0.50946,0.50479,-8.0E-5,0.00838,-0.50372,0.07095,-0.49893,0,0,0,0,0,0,0,0,0,0,0,0,-0.42005,-0.17891,-0.18688,0.41655,-0.23892,0.38907,0.35987,-0.17126,-0.16434,-0.36308,-0.1163,-0.38118,-0.94008,0.78637,0.76876,0.95622,0.64082,1.04658,0.73996,0.75348,0.76711,-0.72421,0.85331,-0.62016,-0.98024,1.49735,1.47889,1.00996,1.33817,1.19108,0.70029,1.4591,1.47184,-0.67106,1.54545,-0.47679,0.61901,0.22816,0.58452,0.30589,-0.19313,-0.63081,0.61926,-0.28043,0.65018,-0.19845,-0.17862,0.6559],"curve":[0.25,0,0.75,1]},{"time":2.4,"curve":[0.25,0,0.75,1]},{"time":3.4333,"offset":78,"vertices":[-0.42005,-0.17891,-0.18688,0.41655,-0.23892,0.38907,0.35987,-0.17126,-0.16434,-0.36308,-0.1163,-0.38118,-0.71385,0.78648,0.77272,0.72875,0.67256,0.82209,0.56268,0.75362,0.76426,-0.54818,0.82839,-0.44532,-0.74141,1.49737,1.48296,0.76988,1.3716,0.95424,0.53553,1.45912,1.46911,-0.50755,1.52216,-0.31437,0.61901,0.22816,0.58452,0.30589,-0.19313,-0.63081,0.61926,-0.28043,0.65018,-0.19845,-0.17862,0.6559],"curve":[0.25,0,0.75,1]},{"time":4.8}]},"slwh_xchouzihead":{"slwh_xchouzihead":[{"time":0,"curve":[0.25,0,0.75,1]},{"time":1.2,"vertices":[-9.75989,-6.56503,1.40615,-1.67681,0.52554,-2.48756,0.14229,-3.63723,-0.04335,1.10716,-0.04335,1.10716,-0.04335,1.10716,-0.04335,1.10716,-0.04335,1.10716,0.14229,-3.63723,0.1204,-3.07766,0.02188,-0.55958,-0.06501,1.66071,-0.06501,1.66071,-0.06501,1.66071,-0.06501,1.66071,-0.06501,1.66071,0.73143,1.49234,-7.67329,-2.30679,2.41734,-3.97837,2.40593,-3.68659,2.40023,-3.54071,1.17751,-4.11216,1.19955,-4.10646,2.33455,-1.86199,2.40023,-3.54071,2.37834,-2.98113,2.27983,-0.46305,2.37834,-2.98113,1.33103,-3.57361,2.37834,-2.98113,1.33103,-3.57361,2.31266,-1.30241,1.79163,-1.95795,2.27983,-0.46305,3.77303,-5.4785,3.75865,-5.34195,2.54704,-3.55898,2.90763,-1.57135,2.63651,-2.5717,2.33455,-1.86199,0.07661,-1.95851,0.14229,-3.63723,0.1204,-3.07766,0.02188,-0.55958,2.33455,-1.86199,1.65147,-2.48838,2.33455,-1.86199,1.65147,-2.48838,0.05472,-1.39893,-0.37661,-1.3484,2.31266,-1.30241,1.80212,-1.94901,2.27983,-0.46305],"curve":[0.25,0,0.75,1]},{"time":2.4,"curve":[0.25,0,0.75,1]},{"time":3.6,"vertices":[-1.35516,-2.7659,0.1204,-3.07766,-1.35516,-2.7659,0.14229,-3.63723,-0.04335,1.10716,-0.04335,1.10716,-0.04335,1.10716,-0.04335,1.10716,-0.04335,1.10716,0.14229,-3.63723,0.1204,-3.07766,0.02188,-0.55958,-0.06501,1.66071,-0.06501,1.66071,-0.06501,1.66071,-0.06501,1.66071,-0.06501,1.66071,0.73143,1.49234,0.73143,1.49234,0.1594,-4.0749,0.14799,-3.78312,0.14229,-3.63723,-0.99796,-3.50059,-0.97917,-3.50584,0.07661,-1.95851,0.14229,-3.63723,0.1204,-3.07766,0.02188,-0.55958,0.1204,-3.07766,-0.84443,-2.96204,0.1204,-3.07766,-0.84443,-2.96204,0.05472,-1.39893,-0.38383,-1.34638,0.02188,-0.55958,1.25966,-5.33884,0.11028,-4.50818,0.2891,-3.65551,0.64968,-1.66788,0.27491,-3.16466,0.07661,-1.95851,0.07661,-1.95851,0.14229,-3.63723,0.1204,-3.07766,0.02188,-0.55958,0.07661,-1.95851,-0.52726,-1.88776,0.07661,-1.95851,-0.52726,-1.88776,0.05472,-1.39893,-0.37661,-1.3484,0.05472,-1.39893,-0.37661,-1.3484,0.02188,-0.55958],"curve":[0.25,0,0.75,1]},{"time":4.8}]},"slwh_xchouzilerji":{"slwh_xchouzilerji":[{"time":0,"curve":[0.25,0,0.75,1]},{"time":1.2,"vertices":[0.03777,-0.9642,0.03777,-0.9642,0.03777,-0.9642,0.03777,-0.9642,0.03777,-0.9642,0.02265,-0.57853,-0.14346,3.66522,-0.14346,3.66522,0.03777,-0.96416,0.03777,-0.9642,0.09067,-2.31394,0.09067,-2.31394,0.09067,-2.31394,0.09067,-2.31394,0.09067,-2.31394,0.09067,-2.31394,0.09067,-2.31394,0.02266,-0.57852],"curve":[0.25,0,0.75,1]},{"time":2.4,"curve":[0.25,0,0.75,1]},{"time":3.6,"vertices":[0.03777,-0.9642,0.03777,-0.9642,0.03777,-0.9642,0.03777,-0.9642,0.03777,-0.9642,0.02265,-0.57853,-0.14346,3.66522,-0.14346,3.66522,0.03777,-0.96416,0.03777,-0.9642,0.09067,-2.31394,0.09067,-2.31394,0.09067,-2.31394,0.09067,-2.31394,0.09067,-2.31394,0.09067,-2.31394,0.09067,-2.31394,0.02266,-0.57852],"curve":[0.25,0,0.75,1]},{"time":4.8}]},"slwh_xchouzilerjik":{"slwh_xchouzilerjik":[{"time":0,"curve":[0.25,0,0.75,1]},{"time":1.2,"offset":4,"vertices":[0.05262,-1.34286,0.05262,-1.34286,0.05262,-1.34286,0.05244,-1.34297,0.05262,-1.34286],"curve":[0.25,0,0.75,1]},{"time":2.4,"curve":[0.25,0,0.75,1]},{"time":3.6,"offset":4,"vertices":[0.05262,-1.34286,0.05262,-1.34286,0.05262,-1.34286,0.05244,-1.34297,0.05262,-1.34286],"curve":[0.25,0,0.75,1]},{"time":4.8}]},"slwh_xchouzirerji":{"slwh_xchouzirerji":[{"time":0,"curve":[0.25,0,0.75,1]},{"time":1.2,"offset":2,"vertices":[-0.02549,0.65144,-0.02549,0.65144,-0.02549,0.65144,-0.02549,0.65144,0,0,0,0,0,0,0,0,0.0255,-0.65149,0.0255,-0.65149,0.0255,-0.65149,0.0255,-0.65149,0.0255,-0.65149],"curve":[0.25,0,0.75,1]},{"time":2.4,"curve":[0.25,0,0.75,1]},{"time":3.6,"offset":2,"vertices":[-0.02549,0.65144,-0.02549,0.65144,-0.02549,0.65144,-0.02549,0.65144,0,0,0,0,0,0,0,0,0.0255,-0.65149,0.0255,-0.65149,0.0255,-0.65149,0.0255,-0.65149,0.0255,-0.65149],"curve":[0.25,0,0.75,1]},{"time":4.8}]},"slwh_xchouzireye2":{"slwh_xchouzireye2":[{"time":0,"curve":[0.25,0,0.75,1]},{"time":1.2,"vertices":[0.19771,-1.50688,0.19771,-1.50688,0.19771,-1.50688,0.19771,-1.50688],"curve":[0.25,0,0.75,1]},{"time":2.4,"curve":[0.25,0,0.75,1]},{"time":3.6,"vertices":[0.19771,-1.50688,0.19771,-1.50688,0.19771,-1.50688,0.19771,-1.50688],"curve":[0.25,0,0.75,1]},{"time":4.8}]}}}}}}