{"skeleton":{"hash":"U1Yvgn5f1kt5TwOUmGZGG70ks3E","spine":"3.6.37","width":404,"height":564,"images":"./slwh_cjxc_images/"},"bones":[{"name":"root"},{"name":"hip","parent":"root"},{"name":"slwh_cjxclg","parent":"hip","y":2.09,"scaleX":4,"scaleY":4}],"slots":[{"name":"slwh_cjxclg","bone":"slwh_cjxclg","attachment":"slwh_cjxclg0","blend":"additive"}],"skins":{"default":{"slwh_cjxclg":{"slwh_cjxclg0":{"width":101,"height":141},"slwh_cjxclg1":{"width":101,"height":141},"slwh_cjxclg2":{"width":101,"height":141},"slwh_cjxclg3":{"width":101,"height":141},"slwh_cjxclg4":{"width":101,"height":141},"slwh_cjxclg5":{"width":101,"height":141},"slwh_cjxclg6":{"width":101,"height":141},"slwh_cjxclg7":{"width":101,"height":141},"slwh_cjxclg8":{"width":101,"height":141},"slwh_cjxclg9":{"width":101,"height":141},"slwh_cjxclg10":{"width":101,"height":141},"slwh_cjxclg11":{"width":101,"height":141},"slwh_cjxclg12":{"width":101,"height":141},"slwh_cjxclg13":{"width":101,"height":141},"slwh_cjxclg14":{"width":101,"height":141},"slwh_cjxclg15":{"width":101,"height":141},"slwh_cjxclg16":{"width":101,"height":141},"slwh_cjxclg17":{"width":101,"height":141},"slwh_cjxclg18":{"width":101,"height":141},"slwh_cjxclg19":{"width":101,"height":141},"slwh_cjxclg20":{"width":101,"height":141},"slwh_cjxclg21":{"width":101,"height":141},"slwh_cjxclg22":{"width":101,"height":141},"slwh_cjxclg23":{"width":101,"height":141},"slwh_cjxclg24":{"width":101,"height":141},"slwh_cjxclg25":{"width":101,"height":141},"slwh_cjxclg26":{"width":101,"height":141},"slwh_cjxclg27":{"width":101,"height":141},"slwh_cjxclg28":{"width":101,"height":141},"slwh_cjxclg29":{"width":101,"height":141},"slwh_cjxclg30":{"width":101,"height":141},"slwh_cjxclg31":{"width":101,"height":141},"slwh_cjxclg32":{"width":101,"height":141},"slwh_cjxclg33":{"width":101,"height":141},"slwh_cjxclg34":{"width":101,"height":141},"slwh_cjxclg35":{"width":101,"height":141}}}},"animations":{"animation":{"slots":{"slwh_cjxclg":{"attachment":[{"time":0,"name":"slwh_cjxclg0"},{"time":0.0667,"name":"slwh_cjxclg1"},{"time":0.1333,"name":"slwh_cjxclg2"},{"time":0.2,"name":"slwh_cjxclg3"},{"time":0.2667,"name":"slwh_cjxclg4"},{"time":0.3333,"name":"slwh_cjxclg5"},{"time":0.4,"name":"slwh_cjxclg6"},{"time":0.4667,"name":"slwh_cjxclg7"},{"time":0.5333,"name":"slwh_cjxclg8"},{"time":0.6,"name":"slwh_cjxclg9"},{"time":0.6667,"name":"slwh_cjxclg10"},{"time":0.7333,"name":"slwh_cjxclg11"},{"time":0.8,"name":"slwh_cjxclg12"},{"time":0.8667,"name":"slwh_cjxclg13"},{"time":0.9333,"name":"slwh_cjxclg14"},{"time":1,"name":"slwh_cjxclg15"},{"time":1.0667,"name":"slwh_cjxclg16"},{"time":1.1333,"name":"slwh_cjxclg17"},{"time":1.2,"name":"slwh_cjxclg18"},{"time":1.2667,"name":"slwh_cjxclg19"},{"time":1.3333,"name":"slwh_cjxclg20"},{"time":1.4,"name":"slwh_cjxclg21"},{"time":1.4667,"name":"slwh_cjxclg22"},{"time":1.5333,"name":"slwh_cjxclg23"},{"time":1.6,"name":"slwh_cjxclg24"},{"time":1.6667,"name":"slwh_cjxclg25"},{"time":1.7333,"name":"slwh_cjxclg26"},{"time":1.8,"name":"slwh_cjxclg27"},{"time":1.8667,"name":"slwh_cjxclg28"},{"time":1.9333,"name":"slwh_cjxclg29"},{"time":2,"name":"slwh_cjxclg30"},{"time":2.0667,"name":"slwh_cjxclg31"},{"time":2.1333,"name":"slwh_cjxclg32"},{"time":2.2,"name":"slwh_cjxclg33"},{"time":2.2667,"name":"slwh_cjxclg34"},{"time":2.3333,"name":"slwh_cjxclg35"},{"time":2.4,"name":"slwh_cjxclg0"},{"time":2.4667,"name":"slwh_cjxclg1"},{"time":2.5333,"name":"slwh_cjxclg2"},{"time":2.6,"name":"slwh_cjxclg3"},{"time":2.6667,"name":"slwh_cjxclg4"},{"time":2.7333,"name":"slwh_cjxclg5"},{"time":2.8,"name":"slwh_cjxclg6"},{"time":2.8667,"name":"slwh_cjxclg7"},{"time":2.9333,"name":"slwh_cjxclg8"},{"time":3,"name":"slwh_cjxclg9"},{"time":3.0667,"name":"slwh_cjxclg10"},{"time":3.1333,"name":"slwh_cjxclg11"},{"time":3.2,"name":"slwh_cjxclg12"},{"time":3.2667,"name":"slwh_cjxclg13"},{"time":3.3333,"name":"slwh_cjxclg14"},{"time":3.4,"name":"slwh_cjxclg15"},{"time":3.4667,"name":"slwh_cjxclg16"},{"time":3.5333,"name":"slwh_cjxclg17"},{"time":3.6,"name":"slwh_cjxclg18"},{"time":3.6667,"name":"slwh_cjxclg19"},{"time":3.7333,"name":"slwh_cjxclg20"},{"time":3.8,"name":"slwh_cjxclg21"},{"time":3.8667,"name":"slwh_cjxclg22"},{"time":3.9333,"name":"slwh_cjxclg23"},{"time":4,"name":"slwh_cjxclg24"},{"time":4.0667,"name":"slwh_cjxclg25"},{"time":4.1333,"name":"slwh_cjxclg26"},{"time":4.2,"name":"slwh_cjxclg27"},{"time":4.2667,"name":"slwh_cjxclg28"},{"time":4.3333,"name":"slwh_cjxclg29"},{"time":4.4,"name":"slwh_cjxclg30"},{"time":4.4667,"name":"slwh_cjxclg31"},{"time":4.5333,"name":"slwh_cjxclg32"},{"time":4.6,"name":"slwh_cjxclg33"},{"time":4.6667,"name":"slwh_cjxclg34"},{"time":4.7333,"name":"slwh_cjxclg35"},{"time":4.8,"name":"slwh_cjxclg0"}]}}}}}