<exporter version="1.0">
    <!-- identifier of the exporter -->
    <name>kwik2</name>

    <!-- for compatiblility only: allow referencing the exporter as "Kwik 2" -->
    <nameAlias>Kwik 2</nameAlias>

    <!-- display name of the exporter for the combo box -->
    <displayName>Kwik 2 (image sheet)</displayName>
	
    <!-- description of the exporter -->
    <description>Exporter for Kwik 2 using new image sheet format.</description>

    <!-- exporter version -->
    <version>1.0</version>
	
    <!-- currently only one file allowed - more to come with update -->
    <files>
        <file>
            <!-- name of this file variable -->
            <name>lua</name>

            <!-- human readable name (for GUI) -->
            <displayName>Kwik lua file</displayName>

            <!-- file extension for the file -->
            <fileExtension>lua</fileExtension>

            <!-- name of the template file -->
            <template>K2.lua</template>
        </file>
    </files>

    <!-- target framework supports trimming -->
    <supportsTrimming>false</supportsTrimming>

    <!-- target framework supports rotated sprites -->
    <supportsRotation>false</supportsRotation>

    <!-- rotated sprites direction (cw/ccw) -->
    <rotationDirection>cw</rotationDirection>

    <!-- supports npot sizes -->
    <supportsNPOT>true</supportsNPOT>

    <!-- supports file name stripping (remove .png etc) -->
    <supportsTrimSpriteNames>yes</supportsTrimSpriteNames>

    <!-- supports texure subpath -->
    <supportsTextureSubPath>yes</supportsTextureSubPath>

</exporter>


