{"skeleton":{"hash":"qMkWYPjhyXztMevFjD03tah56PU","spine":"3.6.37","width":2208.64,"height":1020,"images":"./images/"},"bones":[{"name":"root"},{"name":"slwh_caijineffect","parent":"root","scaleX":8.2,"scaleY":8.2},{"name":"slwh_caijinfire","parent":"root","y":-62.47,"scaleX":2.72,"scaleY":2.72},{"name":"slwh_caijingm","parent":"root","scaleX":17,"scaleY":17}],"slots":[{"name":"bg","bone":"root"},{"name":"slwh_caijineffect","bone":"slwh_caijineffect","attachment":"slwh_caijineffect12","blend":"additive"},{"name":"slwh_caijinfire","bone":"slwh_caijinfire","attachment":"slwh_caijinfire11","blend":"additive"},{"name":"slwh_caijingm","bone":"slwh_caijingm","attachment":"slwh_caijingm0","blend":"additive"}],"skins":{"default":{"slwh_caijineffect":{"slwh_caijineffect2":{"width":203,"height":93},"slwh_caijineffect4":{"width":203,"height":93},"slwh_caijineffect6":{"width":203,"height":93},"slwh_caijineffect8":{"width":203,"height":93},"slwh_caijineffect10":{"width":203,"height":93},"slwh_caijineffect12":{"width":203,"height":93},"slwh_caijineffect14":{"width":203,"height":93},"slwh_caijineffect16":{"width":203,"height":93},"slwh_caijineffect18":{"width":203,"height":93},"slwh_caijineffect20":{"width":203,"height":93},"slwh_caijineffect22":{"width":203,"height":93},"slwh_caijineffect24":{"width":203,"height":93},"slwh_caijineffect26":{"width":203,"height":93},"slwh_caijineffect28":{"width":203,"height":93},"slwh_caijineffect30":{"width":203,"height":93},"slwh_caijineffect32":{"width":203,"height":93},"slwh_caijineffect34":{"width":203,"height":93},"slwh_caijineffect36":{"width":203,"height":93}},"slwh_caijinfire":{"slwh_caijinfire0":{"width":270,"height":158},"slwh_caijinfire1":{"width":270,"height":158},"slwh_caijinfire2":{"width":270,"height":158},"slwh_caijinfire3":{"width":270,"height":158},"slwh_caijinfire4":{"width":270,"height":158},"slwh_caijinfire5":{"width":270,"height":158},"slwh_caijinfire6":{"width":270,"height":158},"slwh_caijinfire7":{"width":270,"height":158},"slwh_caijinfire8":{"width":270,"height":158},"slwh_caijinfire9":{"width":270,"height":158},"slwh_caijinfire10":{"width":270,"height":158},"slwh_caijinfire11":{"width":270,"height":158}},"slwh_caijingm":{"slwh_caijingm0":{"width":81,"height":46},"slwh_caijingm2":{"width":81,"height":46},"slwh_caijingm4":{"width":81,"height":46},"slwh_caijingm6":{"width":81,"height":46},"slwh_caijingm8":{"width":81,"height":46},"slwh_caijingm10":{"width":81,"height":46},"slwh_caijingm12":{"width":81,"height":46},"slwh_caijingm14":{"width":81,"height":46},"slwh_caijingm16":{"width":81,"height":46},"slwh_caijingm18":{"width":81,"height":46},"slwh_caijingm20":{"width":81,"height":46},"slwh_caijingm22":{"width":81,"height":46},"slwh_caijingm24":{"width":81,"height":46},"slwh_caijingm26":{"width":81,"height":46},"slwh_caijingm28":{"width":81,"height":46},"slwh_caijingm30":{"width":81,"height":46},"slwh_caijingm32":{"width":81,"height":46}}}},"animations":{"animation":{"slots":{"slwh_caijineffect":{"color":[{"time":0,"color":"ffffffff","curve":"stepped"},{"time":1.8333,"color":"ffffffff","curve":[0.25,0,0.75,1]},{"time":2.2333,"color":"ffffff00"}],"attachment":[{"time":0,"name":null},{"time":0.7,"name":"slwh_caijineffect2"},{"time":0.7667,"name":"slwh_caijineffect4"},{"time":0.8333,"name":"slwh_caijineffect6"},{"time":0.9,"name":"slwh_caijineffect8"},{"time":0.9667,"name":"slwh_caijineffect10"},{"time":1.0333,"name":"slwh_caijineffect12"},{"time":1.1,"name":"slwh_caijineffect14"},{"time":1.1667,"name":"slwh_caijineffect16"},{"time":1.2333,"name":"slwh_caijineffect18"},{"time":1.3,"name":"slwh_caijineffect20"},{"time":1.3667,"name":"slwh_caijineffect22"},{"time":1.4333,"name":"slwh_caijineffect24"},{"time":1.5,"name":"slwh_caijineffect26"},{"time":1.5667,"name":"slwh_caijineffect28"},{"time":1.6333,"name":"slwh_caijineffect30"},{"time":1.7,"name":"slwh_caijineffect32"},{"time":1.7667,"name":"slwh_caijineffect34"},{"time":1.8333,"name":"slwh_caijineffect36"},{"time":2.2333,"name":null}]},"slwh_caijinfire":{"color":[{"time":0,"color":"ffffff00","curve":"stepped"},{"time":0.7,"color":"ffffff00","curve":[0.25,0,0.75,1]},{"time":0.8333,"color":"ffffffff","curve":"stepped"},{"time":2,"color":"ffffffff","curve":[0.25,0,0.75,1]},{"time":2.4,"color":"ffffff00"}],"attachment":[{"time":0,"name":null},{"time":0.0333,"name":"slwh_caijinfire1"},{"time":0.0667,"name":"slwh_caijinfire2"},{"time":0.1,"name":"slwh_caijinfire3"},{"time":0.1333,"name":"slwh_caijinfire4"},{"time":0.1667,"name":"slwh_caijinfire5"},{"time":0.2,"name":"slwh_caijinfire6"},{"time":0.2333,"name":"slwh_caijinfire7"},{"time":0.2667,"name":"slwh_caijinfire8"},{"time":0.3,"name":"slwh_caijinfire9"},{"time":0.3333,"name":"slwh_caijinfire10"},{"time":0.3667,"name":"slwh_caijinfire11"},{"time":0.4,"name":"slwh_caijinfire0"},{"time":0.4333,"name":"slwh_caijinfire1"},{"time":0.4667,"name":"slwh_caijinfire2"},{"time":0.5,"name":"slwh_caijinfire3"},{"time":0.5333,"name":"slwh_caijinfire4"},{"time":0.5667,"name":"slwh_caijinfire5"},{"time":0.6,"name":"slwh_caijinfire6"},{"time":0.6333,"name":"slwh_caijinfire7"},{"time":0.6667,"name":"slwh_caijinfire8"},{"time":0.7,"name":"slwh_caijinfire9"},{"time":0.7333,"name":"slwh_caijinfire10"},{"time":0.7667,"name":"slwh_caijinfire11"},{"time":0.8,"name":"slwh_caijinfire0"},{"time":0.8333,"name":"slwh_caijinfire1"},{"time":0.8667,"name":"slwh_caijinfire2"},{"time":0.9,"name":"slwh_caijinfire3"},{"time":0.9333,"name":"slwh_caijinfire4"},{"time":0.9667,"name":"slwh_caijinfire5"},{"time":1,"name":"slwh_caijinfire6"},{"time":1.0333,"name":"slwh_caijinfire7"},{"time":1.0667,"name":"slwh_caijinfire8"},{"time":1.1,"name":"slwh_caijinfire9"},{"time":1.1333,"name":"slwh_caijinfire10"},{"time":1.1667,"name":"slwh_caijinfire11"},{"time":1.2,"name":"slwh_caijinfire0"},{"time":1.2333,"name":"slwh_caijinfire1"},{"time":1.2667,"name":"slwh_caijinfire2"},{"time":1.3,"name":"slwh_caijinfire3"},{"time":1.3333,"name":"slwh_caijinfire4"},{"time":1.3667,"name":"slwh_caijinfire5"},{"time":1.4,"name":"slwh_caijinfire6"},{"time":1.4333,"name":"slwh_caijinfire7"},{"time":1.4667,"name":"slwh_caijinfire8"},{"time":1.5,"name":"slwh_caijinfire9"},{"time":1.5333,"name":"slwh_caijinfire10"},{"time":1.5667,"name":"slwh_caijinfire11"},{"time":1.6,"name":"slwh_caijinfire0"},{"time":1.6333,"name":"slwh_caijinfire1"},{"time":1.6667,"name":"slwh_caijinfire2"},{"time":1.7,"name":"slwh_caijinfire3"},{"time":1.7333,"name":"slwh_caijinfire4"},{"time":1.7667,"name":"slwh_caijinfire5"},{"time":1.8,"name":"slwh_caijinfire6"},{"time":1.8333,"name":"slwh_caijinfire7"},{"time":1.8667,"name":"slwh_caijinfire8"},{"time":1.9,"name":"slwh_caijinfire9"},{"time":1.9333,"name":"slwh_caijinfire10"},{"time":1.9667,"name":"slwh_caijinfire11"},{"time":2,"name":"slwh_caijinfire0"},{"time":2.0333,"name":"slwh_caijinfire1"},{"time":2.0667,"name":"slwh_caijinfire2"},{"time":2.1,"name":"slwh_caijinfire3"},{"time":2.1333,"name":"slwh_caijinfire4"},{"time":2.1667,"name":"slwh_caijinfire5"},{"time":2.2,"name":"slwh_caijinfire6"},{"time":2.2333,"name":"slwh_caijinfire7"},{"time":2.2667,"name":"slwh_caijinfire8"},{"time":2.3,"name":"slwh_caijinfire9"},{"time":2.3333,"name":"slwh_caijinfire10"},{"time":2.3667,"name":"slwh_caijinfire11"},{"time":2.4,"name":null}]},"slwh_caijingm":{"color":[{"time":0,"color":"ffffff00","curve":"stepped"},{"time":0.7333,"color":"ffffff00","curve":[0.25,0,0.75,1]},{"time":0.8333,"color":"ffffffff","curve":"stepped"},{"time":2,"color":"ffffffff","curve":[0.25,0,0.75,1]},{"time":2.3,"color":"ffffff00"}],"attachment":[{"time":0,"name":null},{"time":0.0667,"name":"slwh_caijingm2"},{"time":0.1333,"name":"slwh_caijingm4"},{"time":0.2,"name":"slwh_caijingm6"},{"time":0.2667,"name":"slwh_caijingm8"},{"time":0.3333,"name":"slwh_caijingm10"},{"time":0.4,"name":"slwh_caijingm12"},{"time":0.4667,"name":"slwh_caijingm14"},{"time":0.5333,"name":"slwh_caijingm16"},{"time":0.6,"name":"slwh_caijingm18"},{"time":0.6667,"name":"slwh_caijingm20"},{"time":0.7333,"name":"slwh_caijingm22"},{"time":0.8,"name":"slwh_caijingm24"},{"time":0.8667,"name":"slwh_caijingm26"},{"time":0.9333,"name":"slwh_caijingm28"},{"time":1,"name":"slwh_caijingm30"},{"time":1.0667,"name":"slwh_caijingm32"},{"time":1.1333,"name":"slwh_caijingm0"},{"time":1.2,"name":"slwh_caijingm2"},{"time":1.2667,"name":"slwh_caijingm4"},{"time":1.3333,"name":"slwh_caijingm6"},{"time":1.4,"name":"slwh_caijingm8"},{"time":1.4667,"name":"slwh_caijingm10"},{"time":1.5333,"name":"slwh_caijingm12"},{"time":1.6,"name":"slwh_caijingm14"},{"time":1.6667,"name":"slwh_caijingm16"},{"time":1.7333,"name":"slwh_caijingm18"},{"time":1.8,"name":"slwh_caijingm20"},{"time":1.8667,"name":"slwh_caijingm22"},{"time":1.9333,"name":"slwh_caijingm24"},{"time":2,"name":"slwh_caijingm26"},{"time":2.0667,"name":"slwh_caijingm28"},{"time":2.1333,"name":"slwh_caijingm30"},{"time":2.2,"name":"slwh_caijingm32"},{"time":2.2667,"name":"slwh_caijingm0"},{"time":2.3,"name":null}]}},"bones":{"slwh_caijineffect":{"scale":[{"time":0,"x":1,"y":1,"curve":"stepped"},{"time":1.8333,"x":1,"y":1,"curve":[0.25,0,0.75,1]},{"time":2.2333,"x":1.012,"y":1.012}]},"slwh_caijingm":{"scale":[{"time":0,"x":0.3,"y":0.3,"curve":"stepped"},{"time":0.7333,"x":0.3,"y":0.3,"curve":[0.25,0,0.75,1]},{"time":0.8333,"x":1,"y":1,"curve":"stepped"},{"time":2,"x":1,"y":1,"curve":[0.25,0,0.75,1]},{"time":2.3,"x":1.05,"y":1.05}]}}}}}