{"skeleton":{"hash":"eW/tdBe6wUfgRLREXXAECdbbANM","spine":"3.6.37","width":243,"height":243,"images":"./images/"},"bones":[{"name":"root"},{"name":"slwh_stagewater","parent":"root"}],"slots":[{"name":"slwh_stagewater","bone":"slwh_stagewater","attachment":"slwh_stagewater0"}],"skins":{"default":{"slwh_stagewater":{"slwh_stagewater0":{"width":243,"height":243},"slwh_stagewater1":{"width":243,"height":243},"slwh_stagewater2":{"width":243,"height":243},"slwh_stagewater3":{"width":243,"height":243},"slwh_stagewater4":{"width":243,"height":243},"slwh_stagewater5":{"width":243,"height":243},"slwh_stagewater6":{"width":243,"height":243},"slwh_stagewater7":{"width":243,"height":243},"slwh_stagewater8":{"width":243,"height":243},"slwh_stagewater9":{"width":243,"height":243},"slwh_stagewater10":{"width":243,"height":243},"slwh_stagewater11":{"width":243,"height":243}}}},"animations":{"animation":{"slots":{"slwh_stagewater":{"attachment":[{"time":0,"name":"slwh_stagewater0"},{"time":0.0667,"name":"slwh_stagewater1"},{"time":0.1333,"name":"slwh_stagewater2"},{"time":0.2,"name":"slwh_stagewater3"},{"time":0.2667,"name":"slwh_stagewater4"},{"time":0.3333,"name":"slwh_stagewater5"},{"time":0.4,"name":"slwh_stagewater6"},{"time":0.4667,"name":"slwh_stagewater7"},{"time":0.5333,"name":"slwh_stagewater8"},{"time":0.6,"name":"slwh_stagewater9"},{"time":0.6667,"name":"slwh_stagewater10"},{"time":0.7333,"name":"slwh_stagewater11"},{"time":0.8,"name":"slwh_stagewater0"}]}}}}}