{"skeleton":{"hash":"uFcAYMXdxUlEwIBEJu3u2i5HRJ4","spine":"3.6.37","width":1200,"height":572,"images":"./images/"},"bones":[{"name":"root"},{"name":"slwh_dancinggs","parent":"root","scaleX":4,"scaleY":4}],"slots":[{"name":"slwh_dancinggs","bone":"slwh_dancinggs","attachment":"slwh_dancinggs0","blend":"additive"}],"skins":{"default":{"slwh_dancinggs":{"slwh_dancinggs0":{"y":-71.45,"width":300,"height":143},"slwh_dancinggs2":{"y":-71.45,"width":300,"height":143},"slwh_dancinggs4":{"y":-71.45,"width":300,"height":143},"slwh_dancinggs6":{"y":-71.45,"width":300,"height":143},"slwh_dancinggs8":{"y":-71.45,"width":300,"height":143},"slwh_dancinggs10":{"y":-71.45,"width":300,"height":143},"slwh_dancinggs12":{"y":-71.45,"width":300,"height":143},"slwh_dancinggs14":{"y":-71.45,"width":300,"height":143},"slwh_dancinggs16":{"y":-71.45,"width":300,"height":143},"slwh_dancinggs18":{"y":-71.45,"width":300,"height":143},"slwh_dancinggs20":{"y":-71.45,"width":300,"height":143}}}},"animations":{"animation":{"slots":{"slwh_dancinggs":{"attachment":[{"time":0,"name":"slwh_dancinggs0"},{"time":0.0667,"name":"slwh_dancinggs2"},{"time":0.1333,"name":"slwh_dancinggs4"},{"time":0.2,"name":"slwh_dancinggs6"},{"time":0.2667,"name":"slwh_dancinggs8"},{"time":0.3333,"name":"slwh_dancinggs10"},{"time":0.4,"name":"slwh_dancinggs12"},{"time":0.4667,"name":"slwh_dancinggs14"},{"time":0.5333,"name":"slwh_dancinggs16"},{"time":0.6,"name":"slwh_dancinggs18"},{"time":0.6667,"name":"slwh_dancinggs20"},{"time":0.7333,"name":"slwh_dancinggs0"}]}}}}}