{"skeleton":{"hash":"wiCZLXooaNiBVG5Tiaa8C6nCPHE","spine":"3.6.37","width":1624,"height":750,"images":"./images/"},"bones":[{"name":"root"},{"name":"hip","parent":"root"},{"name":"slwh_boomgc","parent":"hip"},{"name":"slwh_boomgq","parent":"hip"},{"name":"slwh_boomgq2","parent":"hip"},{"name":"slwh_boomgt","parent":"hip"},{"name":"slwh_boompoint","parent":"hip"},{"name":"slwh_dsx","parent":"hip"},{"name":"slwh_dsx_gx","parent":"hip","rotation":45.46,"scaleX":12,"scaleY":12},{"name":"slwh_dsx_gx2","parent":"hip","rotation":150,"scaleX":12,"scaleY":12},{"name":"slwh_dsx_gx3","parent":"hip","rotation":-175.65,"scaleX":12,"scaleY":12},{"name":"slwh_dsx_gx4","parent":"hip","rotation":-104.57,"scaleX":12,"scaleY":12},{"name":"slwh_dsx_gx5","parent":"hip","rotation":-13.8,"scaleX":12,"scaleY":12},{"name":"slwh_dsx_gx6","parent":"hip","rotation":19.1},{"name":"slwh_dsx_gx7","parent":"hip","rotation":-139.46},{"name":"slwh_dsx_gx8","parent":"hip","rotation":107.98},{"name":"slwh_dsx_gx9","parent":"hip","rotation":-13.93},{"name":"slwh_dsx_gx10","parent":"hip","rotation":173.21},{"name":"slwh_dsx_gxs1","parent":"hip"},{"name":"slwh_dsxnllizi","parent":"hip","rotation":90,"scaleX":12,"scaleY":12},{"name":"zhanshi","parent":"slwh_dsx","x":3,"y":223.34,"color":"cf00ffff"},{"name":"slwh_dsxtipstext","parent":"zhanshi","color":"ffe100ff"},{"name":"slwh_dsytext2sg2","parent":"slwh_dsxtipstext","x":3.23,"y":40.8,"scaleX":9.35,"scaleY":9.35}],"slots":[{"name":"bg","bone":"hip"},{"name":"slwh_boomgt","bone":"slwh_boomgt","blend":"additive"},{"name":"slwh_boomgc","bone":"slwh_boomgc","blend":"additive"},{"name":"slwh_boompoint","bone":"slwh_boompoint","blend":"additive"},{"name":"slwh_dsxtipstext","bone":"slwh_dsxtipstext"},{"name":"slwh_dsxtext2cy","bone":"slwh_dsxtipstext","blend":"additive"},{"name":"slwh_dsxnllizi","bone":"slwh_dsxnllizi","blend":"additive"},{"name":"slwh_boomgq","bone":"slwh_boomgq","blend":"additive"},{"name":"slwh_boomgq2","bone":"slwh_boomgq2","blend":"additive"},{"name":"slwh_dsx_gxs1","bone":"slwh_dsx_gxs1","blend":"additive"},{"name":"slwh_dsytext2sg2","bone":"slwh_dsytext2sg2","blend":"additive"},{"name":"slwh_dsx_gx","bone":"slwh_dsx_gx","blend":"additive"},{"name":"slwh_dsx_gx6","bone":"slwh_dsx_gx6","blend":"additive"},{"name":"slwh_dsx_gx7","bone":"slwh_dsx_gx7","blend":"additive"},{"name":"slwh_dsx_gx8","bone":"slwh_dsx_gx8","blend":"additive"},{"name":"slwh_dsx_gx9","bone":"slwh_dsx_gx9","blend":"additive"},{"name":"slwh_dsx_gx10","bone":"slwh_dsx_gx10","blend":"additive"},{"name":"slwh_dsx_gx5","bone":"slwh_dsx_gx5","blend":"additive"},{"name":"slwh_dsx_gx2","bone":"slwh_dsx_gx2","blend":"additive"},{"name":"slwh_dsx_gx3","bone":"slwh_dsx_gx3","blend":"additive"},{"name":"slwh_dsx_gx4","bone":"slwh_dsx_gx4","blend":"additive"}],"skins":{"default":{"slwh_boomgc":{"slwh_boomgc":{"scaleX":2,"scaleY":2,"width":128,"height":128}},"slwh_boomgq":{"slwh_boomgq":{"scaleX":2,"scaleY":2,"width":64,"height":64}},"slwh_boomgq2":{"slwh_boomgq":{"scaleX":2,"scaleY":2,"width":64,"height":64}},"slwh_boomgt":{"slwh_boomgt":{"scaleX":4,"scaleY":4,"rotation":-180,"width":266,"height":107}},"slwh_boompoint":{"slwh_boompoint":{"scaleX":2,"scaleY":2,"width":148,"height":154}},"slwh_dsx_gx":{"slwh_dsx_gx4":{"x":48.84,"width":141,"height":17}},"slwh_dsx_gx10":{"slwh_dsx_gx8":{"x":48.84,"width":196,"height":28}},"slwh_dsx_gx2":{"slwh_dsx_gx4":{"x":48.84,"width":141,"height":17}},"slwh_dsx_gx3":{"slwh_dsx_gx4":{"x":48.84,"width":141,"height":17}},"slwh_dsx_gx4":{"slwh_dsx_gx4":{"x":48.84,"width":141,"height":17}},"slwh_dsx_gx5":{"slwh_dsx_gx4":{"x":48.84,"width":141,"height":17}},"slwh_dsx_gx6":{"slwh_dsx_gx8":{"x":48.84,"width":196,"height":28}},"slwh_dsx_gx7":{"slwh_dsx_gx8":{"x":48.84,"width":196,"height":28}},"slwh_dsx_gx8":{"slwh_dsx_gx8":{"x":48.84,"width":196,"height":28}},"slwh_dsx_gx9":{"slwh_dsx_gx8":{"x":48.84,"width":196,"height":28}},"slwh_dsx_gxs1":{"slwh_dsx_gxs1":{"width":256,"height":256}},"slwh_dsxnllizi":{"slwh_dsxnllizi0":{"x":28.28,"width":119,"height":116},"slwh_dsxnllizi1":{"x":28.28,"width":119,"height":116},"slwh_dsxnllizi2":{"x":28.28,"width":119,"height":116},"slwh_dsxnllizi3":{"x":28.28,"width":119,"height":116},"slwh_dsxnllizi4":{"x":28.28,"width":119,"height":116},"slwh_dsxnllizi5":{"x":28.28,"width":119,"height":116},"slwh_dsxnllizi6":{"x":28.28,"width":119,"height":116},"slwh_dsxnllizi7":{"x":28.28,"width":119,"height":116},"slwh_dsxnllizi8":{"x":28.28,"width":119,"height":116},"slwh_dsxnllizi9":{"x":28.28,"width":119,"height":116},"slwh_dsxnllizi10":{"x":28.28,"width":119,"height":116},"slwh_dsxnllizi11":{"x":28.28,"width":119,"height":116},"slwh_dsxnllizi12":{"x":28.28,"width":119,"height":116},"slwh_dsxnllizi13":{"x":28.28,"width":119,"height":116},"slwh_dsxnllizi14":{"x":28.28,"width":119,"height":116},"slwh_dsxnllizi15":{"x":28.28,"width":119,"height":116},"slwh_dsxnllizi16":{"x":28.28,"width":119,"height":116},"slwh_dsxnllizi17":{"x":28.28,"width":119,"height":116},"slwh_dsxnllizi18":{"x":28.28,"width":119,"height":116},"slwh_dsxnllizi19":{"x":28.28,"width":119,"height":116}},"slwh_dsxtext2cy":{"slwh_dsytext2cy":{"y":3.74,"scaleX":12,"scaleY":12,"width":99,"height":58}},"slwh_dsxtipstext":{"slwh_dsytipstext":{"width":658,"height":191}},"slwh_dsytext2sg2":{"slwh_dsytext2sg1":{"width":92,"height":42},"slwh_dsytext2sg2":{"width":92,"height":42},"slwh_dsytext2sg3":{"width":92,"height":42},"slwh_dsytext2sg4":{"width":92,"height":42},"slwh_dsytext2sg5":{"width":92,"height":42},"slwh_dsytext2sg6":{"width":92,"height":42},"slwh_dsytext2sg7":{"width":92,"height":42},"slwh_dsytext2sg8":{"width":92,"height":42},"slwh_dsytext2sg9":{"width":92,"height":42},"slwh_dsytext2sg10":{"width":92,"height":42},"slwh_dsytext2sg11":{"width":92,"height":42},"slwh_dsytext2sg12":{"width":92,"height":42},"slwh_dsytext2sg13":{"width":92,"height":42},"slwh_dsytext2sg14":{"width":92,"height":42},"slwh_dsytext2sg15":{"width":92,"height":42},"slwh_dsytext2sg16":{"width":92,"height":42},"slwh_dsytext2sg17":{"width":92,"height":42},"slwh_dsytext2sg18":{"width":92,"height":42},"slwh_dsytext2sg19":{"width":92,"height":42},"slwh_dsytext2sg20":{"width":92,"height":42},"slwh_dsytext2sg21":{"width":92,"height":42},"slwh_dsytext2sg22":{"width":92,"height":42},"slwh_dsytext2sg23":{"width":92,"height":42},"slwh_dsytext2sg24":{"width":92,"height":42},"slwh_dsytext2sg25":{"width":92,"height":42},"slwh_dsytext2sg26":{"width":92,"height":42},"slwh_dsytext2sg27":{"width":92,"height":42},"slwh_dsytext2sg28":{"width":92,"height":42},"slwh_dsytext2sg29":{"width":92,"height":42},"slwh_dsytext2sg30":{"width":92,"height":42},"slwh_dsytext2sg31":{"width":92,"height":42},"slwh_dsytext2sg32":{"width":92,"height":42},"slwh_dsytext2sg33":{"width":92,"height":42}}}},"animations":{"animation":{"slots":{"slwh_boomgc":{"color":[{"time":0,"color":"ffffff00","curve":[0.311,0.8,0.582,1]},{"time":0.2,"color":"ffffff80","curve":[0.293,0.2,0.665,0.66]},{"time":0.8,"color":"ffffff00"}],"attachment":[{"time":0,"name":"slwh_boomgc"},{"time":0.8,"name":null}]},"slwh_boomgq":{"color":[{"time":0,"color":"ffffff00","curve":"stepped"},{"time":0.6667,"color":"ffffff00","curve":[0.292,0,0.63,0.37]},{"time":0.7,"color":"fffffffe"}],"attachment":[{"time":0,"name":"slwh_boomgq"}]},"slwh_boomgq2":{"color":[{"time":0,"color":"ffffff00","curve":"stepped"},{"time":0.6667,"color":"ffffff00","curve":[0.292,0,0.63,0.37]},{"time":0.9333,"color":"ffffff22"}],"attachment":[{"time":0,"name":"slwh_boomgq"}]},"slwh_boomgt":{"color":[{"time":0,"color":"ffffff00","curve":[0.311,0.8,0.582,1]},{"time":0.2,"color":"ffffff4a","curve":[0.293,0.2,0.665,0.66]},{"time":0.8,"color":"ffffff00"}],"attachment":[{"time":0,"name":"slwh_boomgt"},{"time":0.8,"name":null}]},"slwh_boompoint":{"color":[{"time":0,"color":"ffffff00","curve":"stepped"},{"time":0.4,"color":"ffffff00","curve":[0.311,0.8,0.582,1]},{"time":0.6,"color":"ffffff4a","curve":[0.293,0.2,0.665,0.66]},{"time":1.2,"color":"ffffff00"}],"attachment":[{"time":0,"name":"slwh_boompoint"},{"time":0.4,"name":"slwh_boompoint"},{"time":1.2,"name":null}]},"slwh_dsx_gx":{"color":[{"time":0,"color":"fffffffe","curve":[0.25,0,0.75,1]},{"time":0.4333,"color":"ffffff00"}],"attachment":[{"time":0,"name":"slwh_dsx_gx4"}]},"slwh_dsx_gx2":{"color":[{"time":0,"color":"fffffffe","curve":[0.25,0,0.75,1]},{"time":0.6667,"color":"ffffff00"}],"attachment":[{"time":0,"name":"slwh_dsx_gx4"}]},"slwh_dsx_gx3":{"color":[{"time":0,"color":"fffffffe","curve":[0.25,0,0.75,1]},{"time":0.4,"color":"ffffff00"}],"attachment":[{"time":0,"name":"slwh_dsx_gx4"}]},"slwh_dsx_gx4":{"color":[{"time":0,"color":"fffffffe","curve":[0.25,0,0.75,1]},{"time":0.6,"color":"ffffff00"}],"attachment":[{"time":0,"name":"slwh_dsx_gx4"}]},"slwh_dsx_gx5":{"color":[{"time":0,"color":"fffffffe","curve":[0.25,0,0.75,1]},{"time":0.5,"color":"ffffff00"}],"attachment":[{"time":0,"name":"slwh_dsx_gx4"}]},"slwh_dsx_gx6":{"color":[{"time":0,"color":"fffffffe","curve":[0.25,0,0.75,1]},{"time":0.4333,"color":"ffffff00"}],"attachment":[{"time":0,"name":"slwh_dsx_gx8"}]},"slwh_dsx_gx7":{"color":[{"time":0,"color":"fffffffe","curve":[0.25,0,0.75,1]},{"time":0.6,"color":"ffffff00"}],"attachment":[{"time":0,"name":"slwh_dsx_gx8"}]},"slwh_dsx_gx8":{"color":[{"time":0,"color":"fffffffe","curve":[0.25,0,0.75,1]},{"time":0.6,"color":"ffffff00"}],"attachment":[{"time":0,"name":"slwh_dsx_gx8"}]},"slwh_dsx_gx9":{"color":[{"time":0,"color":"fffffffe","curve":[0.25,0,0.75,1]},{"time":0.8,"color":"ffffff00"}],"attachment":[{"time":0,"name":"slwh_dsx_gx8"}]},"slwh_dsx_gx10":{"color":[{"time":0,"color":"fffffffe","curve":[0.25,0,0.75,1]},{"time":0.6667,"color":"ffffff00"}],"attachment":[{"time":0,"name":"slwh_dsx_gx8"}]},"slwh_dsx_gxs1":{"color":[{"time":0,"color":"ffffff00","curve":[0.311,0.8,0.582,1]},{"time":0.2,"color":"ffffff80","curve":[0.293,0.2,0.665,0.66]},{"time":0.8,"color":"ffffff00"}],"attachment":[{"time":0,"name":"slwh_dsx_gxs1"},{"time":0.8,"name":null}]},"slwh_dsxnllizi":{"color":[{"time":0,"color":"fffffffe","curve":"stepped"},{"time":0.4,"color":"fffffffe","curve":[0.347,0.38,0.757,1]},{"time":0.6667,"color":"ffffff00"}],"attachment":[{"time":0,"name":"slwh_dsxnllizi0"},{"time":0.0333,"name":"slwh_dsxnllizi1"},{"time":0.0667,"name":"slwh_dsxnllizi2"},{"time":0.1,"name":"slwh_dsxnllizi3"},{"time":0.1333,"name":"slwh_dsxnllizi4"},{"time":0.1667,"name":"slwh_dsxnllizi5"},{"time":0.2,"name":"slwh_dsxnllizi6"},{"time":0.2333,"name":"slwh_dsxnllizi7"},{"time":0.2667,"name":"slwh_dsxnllizi8"},{"time":0.3,"name":"slwh_dsxnllizi9"},{"time":0.3333,"name":"slwh_dsxnllizi10"},{"time":0.3667,"name":"slwh_dsxnllizi11"},{"time":0.4,"name":"slwh_dsxnllizi12"},{"time":0.4333,"name":"slwh_dsxnllizi13"},{"time":0.4667,"name":"slwh_dsxnllizi14"},{"time":0.5,"name":"slwh_dsxnllizi15"},{"time":0.5333,"name":"slwh_dsxnllizi16"},{"time":0.5667,"name":"slwh_dsxnllizi17"},{"time":0.6,"name":"slwh_dsxnllizi18"},{"time":0.6333,"name":"slwh_dsxnllizi19"},{"time":0.6667,"name":null}]},"slwh_dsxtext2cy":{"color":[{"time":0,"color":"ffffff00","curve":[0.265,0,0.618,0.43]},{"time":0.2,"color":"ffffff80","curve":[0.311,0.8,0.582,1]},{"time":1,"color":"ffffff00"}],"attachment":[{"time":0,"name":"slwh_dsytext2cy"}]},"slwh_dsxtipstext":{"color":[{"time":0,"color":"ffffff00","curve":[0.311,0.8,0.582,1]},{"time":0.2,"color":"fffffffe","curve":"stepped"},{"time":1,"color":"fffffffe","curve":[0.311,0.8,0.582,1]},{"time":1.5,"color":"ffffff00"}],"attachment":[{"time":0,"name":"slwh_dsytipstext"},{"time":0.6,"name":"slwh_dsytipstext"}]},"slwh_dsytext2sg2":{"color":[{"time":0,"color":"fffffffe"}],"attachment":[{"time":0,"name":"slwh_dsytext2sg1"},{"time":0.0333,"name":"slwh_dsytext2sg2"},{"time":0.0667,"name":"slwh_dsytext2sg3"},{"time":0.1,"name":"slwh_dsytext2sg4"},{"time":0.1333,"name":"slwh_dsytext2sg5"},{"time":0.1667,"name":"slwh_dsytext2sg6"},{"time":0.2,"name":"slwh_dsytext2sg7"},{"time":0.2333,"name":"slwh_dsytext2sg8"},{"time":0.2667,"name":"slwh_dsytext2sg9"},{"time":0.3,"name":"slwh_dsytext2sg10"},{"time":0.3333,"name":"slwh_dsytext2sg11"},{"time":0.3667,"name":"slwh_dsytext2sg12"},{"time":0.4,"name":"slwh_dsytext2sg13"},{"time":0.4333,"name":"slwh_dsytext2sg14"},{"time":0.4667,"name":"slwh_dsytext2sg15"},{"time":0.5,"name":"slwh_dsytext2sg16"},{"time":0.5333,"name":"slwh_dsytext2sg17"},{"time":0.5667,"name":"slwh_dsytext2sg18"},{"time":0.6,"name":"slwh_dsytext2sg19"},{"time":0.6333,"name":"slwh_dsytext2sg20"},{"time":0.6667,"name":"slwh_dsytext2sg21"},{"time":0.7,"name":"slwh_dsytext2sg22"},{"time":0.7333,"name":"slwh_dsytext2sg23"},{"time":0.7667,"name":"slwh_dsytext2sg24"},{"time":0.8,"name":"slwh_dsytext2sg25"},{"time":0.8333,"name":"slwh_dsytext2sg26"},{"time":0.8667,"name":"slwh_dsytext2sg27"},{"time":0.9,"name":"slwh_dsytext2sg28"},{"time":0.9333,"name":"slwh_dsytext2sg29"},{"time":0.9667,"name":"slwh_dsytext2sg30"},{"time":1,"name":"slwh_dsytext2sg31"},{"time":1.0333,"name":"slwh_dsytext2sg32"},{"time":1.0667,"name":"slwh_dsytext2sg33"},{"time":1.2,"name":null}]}},"bones":{"zhanshi":{"rotate":[{"time":0,"angle":0,"curve":"stepped"},{"time":0.6,"angle":0}],"translate":[{"time":0,"x":-3,"y":-223.34,"curve":"stepped"},{"time":0.6,"x":-3,"y":-223.34,"curve":"stepped"},{"time":1.3333,"x":-3,"y":-223.34,"curve":[0.265,0,0.618,0.43]},{"time":1.5,"x":-3,"y":-231.3}],"scale":[{"time":0,"x":1,"y":1,"curve":"stepped"},{"time":0.6,"x":1,"y":1}]},"slwh_dsx":{"rotate":[{"time":0,"angle":0}],"translate":[{"time":0,"x":0,"y":0}],"scale":[{"time":0,"x":1,"y":1}]},"slwh_dsxtipstext":{"rotate":[{"time":0,"angle":0,"curve":"stepped"},{"time":0.6,"angle":0,"curve":"stepped"},{"time":1.5,"angle":0}],"translate":[{"time":0,"x":0,"y":0,"curve":"stepped"},{"time":0.6,"x":0,"y":0,"curve":"stepped"},{"time":1.5,"x":0,"y":0}],"scale":[{"time":0,"x":4,"y":4,"curve":[0.311,0.8,0.582,1]},{"time":0.6,"x":1.02,"y":1.02,"curve":[0.25,0,0.75,1]},{"time":1,"x":1,"y":1,"curve":"stepped"},{"time":1.5,"x":1,"y":1}]},"slwh_dsxnllizi":{"scale":[{"time":0,"x":2.5,"y":2.5,"curve":[0.265,0,0.618,0.43]},{"time":0.6667,"x":1,"y":1}]},"slwh_boomgq":{"scale":[{"time":0,"x":1,"y":1,"curve":[0.25,0,0.75,1]},{"time":0.6667,"x":0,"y":0}]},"slwh_boomgc":{"scale":[{"time":0,"x":0,"y":0,"curve":[0.311,0.8,0.582,1]},{"time":0.8,"x":8,"y":8}]},"slwh_dsytext2sg2":{"rotate":[{"time":0,"angle":0}],"translate":[{"time":0,"x":0,"y":0}],"scale":[{"time":0,"x":1,"y":1}]},"slwh_boomgq2":{"scale":[{"time":0,"x":1,"y":1,"curve":[0.25,0,0.75,1]},{"time":0.6667,"x":0,"y":0}]},"slwh_boompoint":{"scale":[{"time":0,"x":1,"y":1,"curve":"stepped"},{"time":0.4,"x":1,"y":1,"curve":[0.25,0,0.75,1]},{"time":1.2,"x":12,"y":12}]},"slwh_boomgt":{"scale":[{"time":0,"x":0,"y":0,"curve":[0.311,0.8,0.582,1]},{"time":0.8,"x":8,"y":8}]},"slwh_dsx_gxs1":{"scale":[{"time":0,"x":12,"y":12,"curve":[0.311,0.8,0.582,1]},{"time":0.8,"x":8,"y":8}]},"slwh_dsx_gx":{"rotate":[{"time":0,"angle":0}],"translate":[{"time":0,"x":423.35,"y":430.2,"curve":[0.25,0,0.75,1]},{"time":0.4333,"x":0,"y":0}],"scale":[{"time":0,"x":1,"y":1}]},"slwh_dsx_gx2":{"rotate":[{"time":0,"angle":0}],"translate":[{"time":0,"x":-878.03,"y":506.93,"curve":[0.25,0,0.75,1]},{"time":0.6667,"x":0,"y":0}],"scale":[{"time":0,"x":1,"y":1}]},"slwh_dsx_gx3":{"rotate":[{"time":0,"angle":0}],"translate":[{"time":0,"x":-1099.51,"y":-83.73,"curve":[0.25,0,0.75,1]},{"time":0.4,"x":0,"y":0}],"scale":[{"time":0,"x":1,"y":1}]},"slwh_dsx_gx4":{"rotate":[{"time":0,"angle":0}],"translate":[{"time":0,"x":-110.54,"y":-425.23,"curve":[0.25,0,0.75,1]},{"time":0.6,"x":0,"y":0}],"scale":[{"time":0,"x":1,"y":1}]},"slwh_dsx_gx5":{"rotate":[{"time":0,"angle":0}],"translate":[{"time":0,"x":911.35,"y":-223.79,"curve":[0.25,0,0.75,1]},{"time":0.5,"x":0,"y":0}],"scale":[{"time":0,"x":1,"y":1}]},"slwh_dsx_gx6":{"rotate":[{"time":0,"angle":0}],"translate":[{"time":0,"x":1091,"y":377.82,"curve":[0.25,0,0.75,1]},{"time":0.4333,"x":416.16,"y":144.12}],"scale":[{"time":0,"x":1,"y":1}]},"slwh_dsx_gx7":{"rotate":[{"time":0,"angle":0}],"translate":[{"time":0,"x":-634.19,"y":-542.48,"curve":[0.25,0,0.75,1]},{"time":0.6,"x":-155.86,"y":-133.32}],"scale":[{"time":0,"x":1,"y":1}]},"slwh_dsx_gx8":{"rotate":[{"time":0,"angle":0}],"translate":[{"time":0,"x":-200.25,"y":616.95,"curve":[0.311,0.8,0.582,1]},{"time":0.6,"x":-57.67,"y":177.68}],"scale":[{"time":0,"x":1,"y":1}]},"slwh_dsx_gx9":{"rotate":[{"time":0,"angle":0}],"translate":[{"time":0,"x":848.02,"y":-210.35,"curve":[0.25,0,0.75,1]},{"time":0.8,"x":444.86,"y":-110.35}],"scale":[{"time":0,"x":1,"y":1}]},"slwh_dsx_gx10":{"rotate":[{"time":0,"angle":0}],"translate":[{"time":0,"x":-1011.67,"y":120.54,"curve":[0.25,0,0.75,1]},{"time":0.6667,"x":-347.36,"y":41.39}],"scale":[{"time":0,"x":1,"y":1}]}}}}}