{"skeleton":{"hash":"fzLbSBpgveEpvXpYiEoEK8geqzo","spine":"3.6.37","width":52,"height":51,"images":"./images/"},"bones":[{"name":"root"},{"name":"hip","parent":"root"},{"name":"number","parent":"hip"},{"name":"numberfg","parent":"hip"},{"name":"slwh_tbdjquan","parent":"hip"}],"slots":[{"name":"number2","bone":"number","attachment":"number"},{"name":"number1","bone":"number","attachment":"number"},{"name":"numberfg2","bone":"numberfg","attachment":"number","blend":"additive"},{"name":"numberfg1","bone":"numberfg","attachment":"number","blend":"additive"},{"name":"slwh_tbdjquan","bone":"slwh_tbdjquan","blend":"additive"}],"skins":{"default":{"slwh_tbdjquan":{"slwh_tbdjquan":{"width":128,"height":128}}},"0":{"number1":{"number":{"name":"slwh_number0","x":-13,"width":26,"height":51}},"number2":{"number":{"name":"slwh_number0","x":13,"width":26,"height":51}},"numberfg1":{"number":{"name":"slwh_number0","x":-13,"width":26,"height":51}},"numberfg2":{"number":{"name":"slwh_number0","x":13,"width":26,"height":51}}},"1":{"number1":{"number":{"name":"slwh_number0","x":-13,"width":26,"height":51}},"number2":{"number":{"name":"slwh_number1","x":13,"width":26,"height":51}},"numberfg1":{"number":{"name":"slwh_number0","x":-13,"width":26,"height":51}},"numberfg2":{"number":{"name":"slwh_number1","x":13,"width":26,"height":51}}},"2":{"number1":{"number":{"name":"slwh_number0","x":-13,"width":26,"height":51}},"number2":{"number":{"name":"slwh_number2","x":13,"width":26,"height":51}},"numberfg1":{"number":{"name":"slwh_number0","x":-13,"width":26,"height":51}},"numberfg2":{"number":{"name":"slwh_number2","x":13,"width":26,"height":51}}},"3":{"number1":{"number":{"name":"slwh_number0","x":-13,"width":26,"height":51}},"number2":{"number":{"name":"slwh_number3","x":13,"width":26,"height":51}},"numberfg1":{"number":{"name":"slwh_number0","x":-13,"width":26,"height":51}},"numberfg2":{"number":{"name":"slwh_number3","x":13,"width":26,"height":51}}},"4":{"number1":{"number":{"name":"slwh_number0","x":-13,"width":26,"height":51}},"number2":{"number":{"name":"slwh_number4","x":13,"width":26,"height":51}},"numberfg1":{"number":{"name":"slwh_number0","x":-13,"width":26,"height":51}},"numberfg2":{"number":{"name":"slwh_number4","x":13,"width":26,"height":51}}},"5":{"number1":{"number":{"name":"slwh_number0","x":-13,"width":26,"height":51}},"number2":{"number":{"name":"slwh_number5","x":13,"width":26,"height":51}},"numberfg1":{"number":{"name":"slwh_number0","x":-13,"width":26,"height":51}},"numberfg2":{"number":{"name":"slwh_number5","x":13,"width":26,"height":51}}}},"animations":{"animation":{"slots":{"number1":{"color":[{"time":0,"color":"ffffff7e","curve":[0.311,0.8,0.582,1]},{"time":0.3,"color":"fffffffe","curve":"stepped"},{"time":1,"color":"fffffffe"}]},"number2":{"color":[{"time":0,"color":"ffffff7e","curve":[0.311,0.8,0.582,1]},{"time":0.3,"color":"fffffffe","curve":"stepped"},{"time":1,"color":"fffffffe"}]},"numberfg1":{"color":[{"time":0,"color":"a3ff0000","curve":[0.311,0.8,0.582,1]},{"time":0.3,"color":"ffffff4a","curve":[0.311,0.8,0.582,1]},{"time":0.8,"color":"a3ff0000","curve":"stepped"},{"time":1,"color":"a3ff0000"}]},"numberfg2":{"color":[{"time":0,"color":"a3ff0000","curve":[0.311,0.8,0.582,1]},{"time":0.3,"color":"ffffff4a","curve":[0.311,0.8,0.582,1]},{"time":0.8,"color":"a3ff0000","curve":"stepped"},{"time":1,"color":"a3ff0000"}]},"slwh_tbdjquan":{"color":[{"time":0,"color":"ffffff00","curve":[0.311,0.8,0.582,1]},{"time":0.1,"color":"fffffffe","curve":[0.311,0.8,0.582,1]},{"time":0.4,"color":"ffffff00","curve":"stepped"},{"time":1,"color":"ffffff00"}],"attachment":[{"time":0,"name":"slwh_tbdjquan"},{"time":1,"name":null}]}},"bones":{"numberfg":{"rotate":[{"time":0,"angle":0,"curve":"stepped"},{"time":1,"angle":0}],"translate":[{"time":0,"x":0,"y":0,"curve":"stepped"},{"time":1,"x":0,"y":0}],"scale":[{"time":0,"x":0,"y":0,"curve":[0.311,0.8,0.582,1]},{"time":0.8,"x":2.36,"y":2.36,"curve":[0.311,0.8,0.582,1]},{"time":1,"x":3,"y":3}],"shear":[{"time":0,"x":0,"y":0,"curve":"stepped"},{"time":1,"x":0,"y":0}]},"number":{"rotate":[{"time":0,"angle":0,"curve":"stepped"},{"time":1,"angle":0}],"translate":[{"time":0,"x":0,"y":0,"curve":"stepped"},{"time":1,"x":0,"y":0}],"scale":[{"time":0,"x":0.5,"y":0.5,"curve":[0.311,0.8,0.582,1]},{"time":0.3,"x":1.2,"y":1.2,"curve":[0.311,0.8,0.582,1]},{"time":1,"x":1,"y":1}],"shear":[{"time":0,"x":0,"y":0,"curve":"stepped"},{"time":1,"x":0,"y":0}]},"slwh_tbdjquan":{"rotate":[{"time":0,"angle":0,"curve":[0.297,0,0.634,0.37]},{"time":0.1333,"angle":-2.4,"curve":[0.3,0.21,0.756,1]},{"time":1,"angle":0}],"translate":[{"time":0,"x":0,"y":0,"curve":"stepped"},{"time":1,"x":0,"y":0}],"scale":[{"time":0,"x":0,"y":0,"curve":[0.311,0.8,0.582,1]},{"time":0.4,"x":2,"y":2,"curve":[0.333,0.33,0.758,1]},{"time":1,"x":1.656,"y":1.656}],"shear":[{"time":0,"x":0,"y":0,"curve":"stepped"},{"time":1,"x":0,"y":0}]}}}}}