{"skeleton":{"hash":"RbWgbQFxLiU1OAo5kbPcrqfuTz4","spine":"3.6.37","width":1624,"height":750,"images":"./images/"},"bones":[{"name":"root"},{"name":"slwh_getlighteffect","parent":"root","scaleX":8.2,"scaleY":8.2}],"slots":[{"name":"bg","bone":"root"},{"name":"slwh_getlighteffect","bone":"slwh_getlighteffect","blend":"additive"}],"skins":{"default":{"slwh_getlighteffect":{"slwh_getlighteffect14":{"width":203,"height":93},"slwh_getlighteffect16":{"width":203,"height":93},"slwh_getlighteffect18":{"width":203,"height":93},"slwh_getlighteffect20":{"width":203,"height":93},"slwh_getlighteffect22":{"width":203,"height":93},"slwh_getlighteffect24":{"width":203,"height":93},"slwh_getlighteffect26":{"width":203,"height":93},"slwh_getlighteffect28":{"width":203,"height":93},"slwh_getlighteffect30":{"width":203,"height":93},"slwh_getlighteffect32":{"width":203,"height":93},"slwh_getlighteffect34":{"width":203,"height":93},"slwh_getlighteffect36":{"width":203,"height":93},"slwh_getlighteffect38":{"width":203,"height":93},"slwh_getlighteffect40":{"width":203,"height":93},"slwh_getlighteffect42":{"width":203,"height":93},"slwh_getlighteffect44":{"width":203,"height":93},"slwh_getlighteffect46":{"width":203,"height":93},"slwh_getlighteffect48":{"width":203,"height":93},"slwh_getlighteffect50":{"width":203,"height":93},"slwh_getlighteffect52":{"width":203,"height":93},"slwh_getlighteffect54":{"width":203,"height":93},"slwh_getlighteffect56":{"width":203,"height":93},"slwh_getlighteffect58":{"width":203,"height":93}}}},"animations":{"animation":{"slots":{"slwh_getlighteffect":{"color":[{"time":0,"color":"fffffffe","curve":"stepped"},{"time":1.8333,"color":"fffffffe","curve":[0.25,0,0.75,1]},{"time":2.2333,"color":"ffffff00"}],"attachment":[{"time":0,"name":null},{"time":0.4667,"name":"slwh_getlighteffect14"},{"time":0.5333,"name":"slwh_getlighteffect16"},{"time":0.6,"name":"slwh_getlighteffect18"},{"time":0.6667,"name":"slwh_getlighteffect20"},{"time":0.7333,"name":"slwh_getlighteffect22"},{"time":0.8,"name":"slwh_getlighteffect24"},{"time":0.8667,"name":"slwh_getlighteffect26"},{"time":0.9333,"name":"slwh_getlighteffect28"},{"time":1,"name":"slwh_getlighteffect30"},{"time":1.0667,"name":"slwh_getlighteffect32"},{"time":1.1333,"name":"slwh_getlighteffect34"},{"time":1.2,"name":"slwh_getlighteffect36"},{"time":1.2667,"name":"slwh_getlighteffect38"},{"time":1.3333,"name":"slwh_getlighteffect40"},{"time":1.4,"name":"slwh_getlighteffect42"},{"time":1.4667,"name":"slwh_getlighteffect44"},{"time":1.5333,"name":"slwh_getlighteffect46"},{"time":1.6,"name":"slwh_getlighteffect48"},{"time":1.6667,"name":"slwh_getlighteffect50"},{"time":1.7333,"name":"slwh_getlighteffect52"},{"time":1.8,"name":"slwh_getlighteffect54"},{"time":1.8667,"name":"slwh_getlighteffect56"},{"time":1.9333,"name":"slwh_getlighteffect58"},{"time":2,"name":null},{"time":2.2333,"name":null}]}},"bones":{"slwh_getlighteffect":{"scale":[{"time":0,"x":1,"y":1,"curve":"stepped"},{"time":1.8333,"x":1,"y":1,"curve":[0.25,0,0.75,1]},{"time":2.2333,"x":1.012,"y":1.012}]}}}}}