{"skeleton":{"hash":"km5/9i/HY5DevmPDEInfaZMe5PI","spine":"3.6.37","width":72,"height":72,"images":"./images/"},"bones":[{"name":"root"},{"name":"slwh_stagewateryy","parent":"root"}],"slots":[{"name":"slwh_stagewateryy","bone":"slwh_stagewateryy","color":"ffffff80","attachment":"slwh_stagewateryy0"}],"skins":{"default":{"slwh_stagewateryy":{"slwh_stagewateryy0":{"width":72,"height":72},"slwh_stagewateryy1":{"width":72,"height":72},"slwh_stagewateryy2":{"width":72,"height":72},"slwh_stagewateryy3":{"width":72,"height":72},"slwh_stagewateryy4":{"width":72,"height":72},"slwh_stagewateryy5":{"width":72,"height":72},"slwh_stagewateryy6":{"width":72,"height":72},"slwh_stagewateryy7":{"width":72,"height":72},"slwh_stagewateryy8":{"width":72,"height":72},"slwh_stagewateryy9":{"width":72,"height":72},"slwh_stagewateryy10":{"width":72,"height":72},"slwh_stagewateryy11":{"width":72,"height":72}}}},"animations":{"animation":{"slots":{"slwh_stagewateryy":{"attachment":[{"time":0,"name":"slwh_stagewateryy0"},{"time":0.0667,"name":"slwh_stagewateryy1"},{"time":0.1333,"name":"slwh_stagewateryy2"},{"time":0.2,"name":"slwh_stagewateryy3"},{"time":0.2667,"name":"slwh_stagewateryy4"},{"time":0.3333,"name":"slwh_stagewateryy5"},{"time":0.4,"name":"slwh_stagewateryy6"},{"time":0.4667,"name":"slwh_stagewateryy7"},{"time":0.5333,"name":"slwh_stagewateryy8"},{"time":0.6,"name":"slwh_stagewateryy9"},{"time":0.6667,"name":"slwh_stagewateryy10"},{"time":0.7333,"name":"slwh_stagewateryy11"},{"time":0.8,"name":"slwh_stagewateryy0"}]}}}}}