{"skeleton":{"hash":"NTdpVjU/wDtVq9ri+nEObR7FKn4","spine":"3.6.37","width":424,"height":400,"images":"./images/"},"bones":[{"name":"root"},{"name":"slwh_yanhuaeffect","parent":"root","scaleX":2,"scaleY":2}],"slots":[{"name":"slwh_yanhuaeffect","bone":"slwh_yanhuaeffect","blend":"additive"}],"skins":{"default":{"slwh_yanhuaeffect":{"slwh_yanhuaeffect3":{"x":4.18,"y":-10.98,"width":212,"height":200},"slwh_yanhuaeffect4":{"x":4.18,"y":-10.98,"width":212,"height":200},"slwh_yanhuaeffect5":{"x":4.18,"y":-10.98,"width":212,"height":200},"slwh_yanhuaeffect6":{"x":4.18,"y":-10.98,"width":212,"height":200},"slwh_yanhuaeffect7":{"x":4.18,"y":-10.98,"width":212,"height":200},"slwh_yanhuaeffect8":{"x":4.18,"y":-10.98,"width":212,"height":200},"slwh_yanhuaeffect9":{"x":4.18,"y":-10.98,"width":212,"height":200},"slwh_yanhuaeffect10":{"x":4.18,"y":-10.98,"width":212,"height":200},"slwh_yanhuaeffect11":{"x":4.18,"y":-10.98,"width":212,"height":200},"slwh_yanhuaeffect12":{"x":4.18,"y":-10.98,"width":212,"height":200},"slwh_yanhuaeffect13":{"x":4.18,"y":-10.98,"width":212,"height":200},"slwh_yanhuaeffect14":{"x":4.18,"y":-10.98,"width":212,"height":200},"slwh_yanhuaeffect15":{"x":4.18,"y":-10.98,"width":212,"height":200},"slwh_yanhuaeffect16":{"x":4.18,"y":-10.98,"width":212,"height":200},"slwh_yanhuaeffect17":{"x":4.18,"y":-10.98,"width":212,"height":200},"slwh_yanhuaeffect18":{"x":4.18,"y":-10.98,"width":212,"height":200},"slwh_yanhuaeffect19":{"x":4.18,"y":-10.98,"width":212,"height":200},"slwh_yanhuaeffect20":{"x":4.18,"y":-10.98,"width":212,"height":200},"slwh_yanhuaeffect21":{"x":4.18,"y":-10.98,"width":212,"height":200},"slwh_yanhuaeffect22":{"x":4.18,"y":-10.98,"width":212,"height":200},"slwh_yanhuaeffect23":{"x":4.18,"y":-10.98,"width":212,"height":200},"slwh_yanhuaeffect24":{"x":4.18,"y":-10.98,"width":212,"height":200},"slwh_yanhuaeffect25":{"x":4.18,"y":-10.98,"width":212,"height":200},"slwh_yanhuaeffect26":{"x":4.18,"y":-10.98,"width":212,"height":200},"slwh_yanhuaeffect27":{"x":4.18,"y":-10.98,"width":212,"height":200},"slwh_yanhuaeffect28":{"x":4.18,"y":-10.98,"width":212,"height":200},"slwh_yanhuaeffect29":{"x":4.18,"y":-10.98,"width":212,"height":200},"slwh_yanhuaeffect30":{"x":4.18,"y":-10.98,"width":212,"height":200},"slwh_yanhuaeffect31":{"x":4.18,"y":-10.98,"width":212,"height":200},"slwh_yanhuaeffect33":{"x":4.18,"y":-10.98,"width":212,"height":200},"slwh_yanhuaeffect35":{"x":4.18,"y":-10.98,"width":212,"height":200},"slwh_yanhuaeffect37":{"x":4.18,"y":-10.98,"width":212,"height":200},"slwh_yanhuaeffect39":{"x":4.18,"y":-10.98,"width":212,"height":200},"slwh_yanhuaeffect41":{"x":4.18,"y":-10.98,"width":212,"height":200},"slwh_yanhuaeffect42":{"x":4.18,"y":-10.98,"width":212,"height":200},"slwh_yanhuaeffect45":{"x":4.18,"y":-10.98,"width":212,"height":200}}}},"animations":{"animation":{"slots":{"slwh_yanhuaeffect":{"color":[{"time":0,"color":"ffffffff","curve":"stepped"},{"time":1.2333,"color":"ffffffff","curve":[0.25,0,0.75,1]},{"time":1.5333,"color":"ffffff00"}],"attachment":[{"time":0,"name":"slwh_yanhuaeffect4"},{"time":0.0333,"name":"slwh_yanhuaeffect5"},{"time":0.0667,"name":"slwh_yanhuaeffect6"},{"time":0.1,"name":"slwh_yanhuaeffect7"},{"time":0.1333,"name":"slwh_yanhuaeffect8"},{"time":0.1667,"name":"slwh_yanhuaeffect9"},{"time":0.2,"name":"slwh_yanhuaeffect10"},{"time":0.2333,"name":"slwh_yanhuaeffect11"},{"time":0.2667,"name":"slwh_yanhuaeffect12"},{"time":0.3,"name":"slwh_yanhuaeffect13"},{"time":0.3333,"name":"slwh_yanhuaeffect14"},{"time":0.3667,"name":"slwh_yanhuaeffect15"},{"time":0.4,"name":"slwh_yanhuaeffect16"},{"time":0.4333,"name":"slwh_yanhuaeffect17"},{"time":0.4667,"name":"slwh_yanhuaeffect18"},{"time":0.5,"name":"slwh_yanhuaeffect19"},{"time":0.5333,"name":"slwh_yanhuaeffect20"},{"time":0.5667,"name":"slwh_yanhuaeffect21"},{"time":0.6,"name":"slwh_yanhuaeffect22"},{"time":0.6333,"name":"slwh_yanhuaeffect23"},{"time":0.6667,"name":"slwh_yanhuaeffect24"},{"time":0.7,"name":"slwh_yanhuaeffect25"},{"time":0.7333,"name":"slwh_yanhuaeffect26"},{"time":0.7667,"name":"slwh_yanhuaeffect27"},{"time":0.8,"name":"slwh_yanhuaeffect28"},{"time":0.8333,"name":"slwh_yanhuaeffect29"},{"time":0.8667,"name":"slwh_yanhuaeffect30"},{"time":0.9,"name":"slwh_yanhuaeffect31"},{"time":0.9667,"name":"slwh_yanhuaeffect33"},{"time":1.0333,"name":"slwh_yanhuaeffect35"},{"time":1.1,"name":"slwh_yanhuaeffect37"},{"time":1.1667,"name":"slwh_yanhuaeffect39"},{"time":1.2333,"name":"slwh_yanhuaeffect41"},{"time":1.3,"name":"slwh_yanhuaeffect42"},{"time":1.4333,"name":"slwh_yanhuaeffect45"},{"time":1.5333,"name":null}]}}}}}