{"skeleton":{"hash":"LvkN1Fi7cp0wApupgnMexiVVHNU","spine":"3.6.37","width":188,"height":172,"images":"./images/"},"bones":[{"name":"root"},{"name":"slwh_jumpsmoke","parent":"root","scaleX":4,"scaleY":4}],"slots":[{"name":"slwh_jumpsmoke","bone":"slwh_jumpsmoke","blend":"additive"}],"skins":{"default":{"slwh_jumpsmoke":{"slwh_jumpsmoke1":{"x":3.98,"y":11.91,"width":47,"height":43},"slwh_jumpsmoke3":{"x":3.98,"y":11.91,"width":47,"height":43},"slwh_jumpsmoke5":{"x":3.98,"y":11.91,"width":47,"height":43},"slwh_jumpsmoke7":{"x":3.98,"y":11.91,"width":47,"height":43},"slwh_jumpsmoke9":{"x":3.98,"y":11.91,"width":47,"height":43},"slwh_jumpsmoke11":{"x":3.98,"y":11.91,"width":47,"height":43},"slwh_jumpsmoke13":{"x":3.98,"y":11.91,"width":47,"height":43}}}},"animations":{"animation":{"slots":{"slwh_jumpsmoke":{"color":[{"time":0,"color":"ffffff4a","curve":[0.311,0.8,0.582,1]},{"time":0.2,"color":"ffffffff","curve":"stepped"},{"time":0.5,"color":"ffffffff"}],"attachment":[{"time":0,"name":null},{"time":0.0333,"name":"slwh_jumpsmoke1"},{"time":0.1,"name":"slwh_jumpsmoke3"},{"time":0.1667,"name":"slwh_jumpsmoke5"},{"time":0.2333,"name":"slwh_jumpsmoke7"},{"time":0.3,"name":"slwh_jumpsmoke9"},{"time":0.3667,"name":"slwh_jumpsmoke11"},{"time":0.4333,"name":"slwh_jumpsmoke13"},{"time":0.5,"name":null}]}}}}}