{"skeleton":{"hash":"I6u3ml1wrUZcCSnncm/Ty8R1LIk","spine":"3.6.37","width":319.12,"height":184,"images":"./images/"},"bones":[{"name":"root"},{"name":"hip","parent":"root","scaleX":0.48,"scaleY":0.48},{"name":"slwh_userhk","parent":"root","x":107.34,"y":4.38,"scaleX":2,"scaleY":2},{"name":"slwh_userhkgq1","parent":"root","x":1.82,"y":8.34},{"name":"slwh_userhkgt","parent":"hip","x":0.48,"y":6.47,"scaleX":4,"scaleY":4}],"slots":[{"name":"slwh_userhkgq1","bone":"slwh_userhkgq1","attachment":"slwh_userhkgq","blend":"additive"},{"name":"slwh_userhkgt","bone":"slwh_userhkgt","attachment":"slwh_userhk3","blend":"additive"},{"name":"slwh_userhk","bone":"slwh_userhk","blend":"additive"},{"name":"slwh_userhk2","bone":"slwh_userhk","blend":"additive"}],"skins":{"default":{"slwh_userhk":{"slwh_userhk0":{"width":129,"height":24},"slwh_userhk1":{"width":129,"height":24},"slwh_userhk2":{"width":129,"height":24},"slwh_userhk3":{"width":129,"height":24},"slwh_userhk4":{"width":129,"height":24},"slwh_userhk5":{"width":129,"height":24},"slwh_userhk6":{"width":129,"height":24},"slwh_userhk7":{"width":129,"height":24},"slwh_userhk8":{"width":129,"height":24},"slwh_userhk9":{"width":129,"height":24},"slwh_userhk10":{"width":129,"height":24},"slwh_userhk11":{"width":129,"height":24},"slwh_userhk12":{"width":129,"height":24},"slwh_userhk13":{"width":129,"height":24},"slwh_userhk14":{"width":129,"height":24},"slwh_userhk15":{"width":129,"height":24},"slwh_userhk16":{"width":129,"height":24},"slwh_userhk17":{"width":129,"height":24}},"slwh_userhk2":{"slwh_userhk":{"x":-1.33,"y":1.68,"width":185,"height":94}},"slwh_userhkgq1":{"slwh_userhkgq":{"width":186,"height":184}},"slwh_userhkgt":{"slwh_userhk3":{"x":54.1,"y":0.09,"width":129,"height":24}}}},"animations":{"animation":{"slots":{"slwh_userhk":{"attachment":[{"time":0,"name":null},{"time":0.0333,"name":"slwh_userhk1"},{"time":0.0667,"name":"slwh_userhk2"},{"time":0.1,"name":"slwh_userhk3"},{"time":0.1333,"name":"slwh_userhk4"},{"time":0.1667,"name":"slwh_userhk5"},{"time":0.2,"name":"slwh_userhk6"},{"time":0.2333,"name":"slwh_userhk7"},{"time":0.2667,"name":"slwh_userhk8"},{"time":0.3,"name":"slwh_userhk9"},{"time":0.3333,"name":"slwh_userhk10"},{"time":0.3667,"name":"slwh_userhk11"},{"time":0.4,"name":"slwh_userhk12"},{"time":0.4333,"name":"slwh_userhk13"},{"time":0.4667,"name":"slwh_userhk14"},{"time":0.5,"name":"slwh_userhk15"},{"time":0.5333,"name":"slwh_userhk16"},{"time":0.5667,"name":"slwh_userhk17"},{"time":0.6,"name":null}]},"slwh_userhk2":{"color":[{"time":0,"color":"ffffff00","curve":[0.25,0,0.75,1]},{"time":0.2,"color":"ffffff80","curve":[0.25,0,0.75,1]},{"time":0.8,"color":"ffffff00"}],"attachment":[{"time":0,"name":"slwh_userhk"},{"time":0.8,"name":null}]},"slwh_userhkgq1":{"color":[{"time":0,"color":"ffffff00","curve":[0.311,0.8,0.582,1]},{"time":0.3,"color":"ffffff4a","curve":[0.311,0.8,0.582,1]},{"time":0.8,"color":"ffffff00"}],"attachment":[{"time":0,"name":"slwh_userhkgq"},{"time":0.8,"name":null}]},"slwh_userhkgt":{"color":[{"time":0,"color":"ffffff00"},{"time":0.3,"color":"fff200fe"},{"time":0.8,"color":"ffffff00"}],"attachment":[{"time":0,"name":"slwh_userhk3"},{"time":0.8,"name":null}]}},"bones":{"slwh_userhkgq1":{"rotate":[{"time":0,"angle":0}],"translate":[{"time":0,"x":0,"y":0}],"scale":[{"time":0,"x":1,"y":1}]},"slwh_userhkgt":{"scale":[{"time":0,"x":0.091,"y":0.032}]}}}}}