{"skeleton":{"hash":"rMERKWankDhWFHBOPqW5fpCcjlQ","spine":"3.6.37","width":312.09,"height":413.11,"images":"./images/"},"bones":[{"name":"root"},{"name":"slwh_stagegs","parent":"root","scaleX":1.229,"scaleY":2.474}],"slots":[{"name":"slwh_stagegs","bone":"slwh_stagegs","attachment":"slwh_stagegs0","blend":"additive"}],"skins":{"default":{"slwh_stagegs":{"slwh_stagegs0":{"y":23.69,"width":254,"height":167},"slwh_stagegs2":{"y":23.69,"width":254,"height":167},"slwh_stagegs4":{"y":23.69,"width":254,"height":167},"slwh_stagegs6":{"y":23.69,"width":254,"height":167},"slwh_stagegs8":{"y":23.69,"width":254,"height":167},"slwh_stagegs10":{"y":23.69,"width":254,"height":167},"slwh_stagegs12":{"y":23.69,"width":254,"height":167},"slwh_stagegs14":{"y":23.69,"width":254,"height":167},"slwh_stagegs16":{"y":23.69,"width":254,"height":167},"slwh_stagegs18":{"y":23.69,"width":254,"height":167},"slwh_stagegs20":{"y":23.69,"width":254,"height":167},"slwh_stagegs22":{"y":23.69,"width":254,"height":167},"slwh_stagegs24":{"y":23.69,"width":254,"height":167},"slwh_stagegs26":{"y":23.69,"width":254,"height":167},"slwh_stagegs28":{"y":23.69,"width":254,"height":167},"slwh_stagegs30":{"y":23.69,"width":254,"height":167}}}},"animations":{"animation":{"slots":{"slwh_stagegs":{"attachment":[{"time":0,"name":"slwh_stagegs0"},{"time":0.0667,"name":"slwh_stagegs2"},{"time":0.1333,"name":"slwh_stagegs4"},{"time":0.2,"name":"slwh_stagegs6"},{"time":0.2667,"name":"slwh_stagegs8"},{"time":0.3333,"name":"slwh_stagegs10"},{"time":0.4,"name":"slwh_stagegs12"},{"time":0.4667,"name":"slwh_stagegs14"},{"time":0.5333,"name":"slwh_stagegs16"},{"time":0.6,"name":"slwh_stagegs18"},{"time":0.6667,"name":"slwh_stagegs20"},{"time":0.7333,"name":"slwh_stagegs22"},{"time":0.8,"name":"slwh_stagegs24"},{"time":0.8667,"name":"slwh_stagegs26"},{"time":0.9333,"name":"slwh_stagegs28"},{"time":1,"name":"slwh_stagegs30"},{"time":1.0667,"name":"slwh_stagegs0"}]}}}}}