{"skeleton":{"hash":"s3XNL3ida0WqsgFOeMQI6wUQpRs","spine":"3.6.37","width":1624,"height":750,"images":"./images/"},"bones":[{"name":"root"},{"name":"slwh_beishueffect","parent":"root","x":107.6,"scaleX":4,"scaleY":4},{"name":"slwh_beishugx","parent":"root","scaleX":16,"scaleY":16}],"slots":[{"name":"bg","bone":"root"},{"name":"slwh_beishueffect","bone":"slwh_beishueffect","attachment":"slwh_beishueffect9","blend":"additive"},{"name":"slwh_beishugx","bone":"slwh_beishugx","attachment":"slwh_beishugx5","blend":"additive"}],"skins":{"default":{"slwh_beishueffect":{"slwh_beishueffect2":{"width":301,"height":186},"slwh_beishueffect3":{"width":301,"height":186},"slwh_beishueffect4":{"width":301,"height":186},"slwh_beishueffect5":{"width":301,"height":186},"slwh_beishueffect6":{"width":301,"height":186},"slwh_beishueffect7":{"width":301,"height":186},"slwh_beishueffect8":{"width":301,"height":186},"slwh_beishueffect9":{"width":301,"height":186},"slwh_beishueffect10":{"width":301,"height":186},"slwh_beishueffect11":{"width":301,"height":186},"slwh_beishueffect12":{"width":301,"height":186},"slwh_beishueffect13":{"width":301,"height":186},"slwh_beishueffect14":{"width":301,"height":186},"slwh_beishueffect15":{"width":301,"height":186},"slwh_beishueffect16":{"width":301,"height":186},"slwh_beishueffect17":{"width":301,"height":186},"slwh_beishueffect18":{"width":301,"height":186},"slwh_beishueffect19":{"width":301,"height":186},"slwh_beishueffect20":{"width":301,"height":186},"slwh_beishueffect21":{"width":301,"height":186},"slwh_beishueffect22":{"width":301,"height":186}},"slwh_beishugx":{"slwh_beishugx5":{"width":101,"height":46},"slwh_beishugx6":{"width":101,"height":46},"slwh_beishugx7":{"width":101,"height":46},"slwh_beishugx8":{"width":101,"height":46},"slwh_beishugx9":{"width":101,"height":46},"slwh_beishugx10":{"width":101,"height":46},"slwh_beishugx11":{"width":101,"height":46},"slwh_beishugx12":{"width":101,"height":46},"slwh_beishugx13":{"width":101,"height":46},"slwh_beishugx14":{"width":101,"height":46},"slwh_beishugx15":{"width":101,"height":46},"slwh_beishugx16":{"width":101,"height":46},"slwh_beishugx17":{"width":101,"height":46},"slwh_beishugx18":{"width":101,"height":46},"slwh_beishugx19":{"width":101,"height":46},"slwh_beishugx20":{"width":101,"height":46},"slwh_beishugx21":{"width":101,"height":46},"slwh_beishugx22":{"width":101,"height":46},"slwh_beishugx23":{"width":101,"height":46},"slwh_beishugx24":{"width":101,"height":46},"slwh_beishugx25":{"width":101,"height":46},"slwh_beishugx26":{"width":101,"height":46},"slwh_beishugx27":{"width":101,"height":46},"slwh_beishugx28":{"width":101,"height":46}}}},"animations":{"animation":{"slots":{"slwh_beishueffect":{"attachment":[{"time":0,"name":"slwh_beishueffect2"},{"time":0.0333,"name":"slwh_beishueffect3"},{"time":0.0667,"name":"slwh_beishueffect4"},{"time":0.1,"name":"slwh_beishueffect5"},{"time":0.1333,"name":"slwh_beishueffect6"},{"time":0.1667,"name":"slwh_beishueffect7"},{"time":0.2,"name":"slwh_beishueffect8"},{"time":0.2333,"name":"slwh_beishueffect9"},{"time":0.2667,"name":"slwh_beishueffect10"},{"time":0.3,"name":"slwh_beishueffect11"},{"time":0.3333,"name":"slwh_beishueffect12"},{"time":0.3667,"name":"slwh_beishueffect13"},{"time":0.4,"name":"slwh_beishueffect14"},{"time":0.4333,"name":"slwh_beishueffect15"},{"time":0.4667,"name":"slwh_beishueffect16"},{"time":0.5,"name":"slwh_beishueffect17"},{"time":0.5333,"name":"slwh_beishueffect18"},{"time":0.5667,"name":"slwh_beishueffect19"},{"time":0.6,"name":"slwh_beishueffect20"},{"time":0.6333,"name":"slwh_beishueffect21"},{"time":0.6667,"name":"slwh_beishueffect22"},{"time":0.7,"name":null}]},"slwh_beishugx":{"attachment":[{"time":0,"name":"slwh_beishugx5"},{"time":0.0333,"name":"slwh_beishugx6"},{"time":0.0667,"name":"slwh_beishugx7"},{"time":0.1,"name":"slwh_beishugx8"},{"time":0.1333,"name":"slwh_beishugx9"},{"time":0.1667,"name":"slwh_beishugx10"},{"time":0.2,"name":"slwh_beishugx11"},{"time":0.2333,"name":"slwh_beishugx12"},{"time":0.2667,"name":"slwh_beishugx13"},{"time":0.3,"name":"slwh_beishugx14"},{"time":0.3333,"name":"slwh_beishugx15"},{"time":0.3667,"name":"slwh_beishugx16"},{"time":0.4,"name":"slwh_beishugx17"},{"time":0.4333,"name":"slwh_beishugx18"},{"time":0.4667,"name":"slwh_beishugx19"},{"time":0.5,"name":"slwh_beishugx20"},{"time":0.5333,"name":"slwh_beishugx21"},{"time":0.5667,"name":"slwh_beishugx22"},{"time":0.6,"name":"slwh_beishugx23"},{"time":0.6333,"name":"slwh_beishugx24"},{"time":0.6667,"name":"slwh_beishugx25"},{"time":0.7,"name":"slwh_beishugx26"},{"time":0.7333,"name":"slwh_beishugx27"},{"time":0.7667,"name":"slwh_beishugx28"},{"time":0.8,"name":null}]}}}}}