{"skeleton":{"hash":"K1rTRrsIIq3aq4T78LlP1Fl1Irk","spine":"3.6.37","width":1624,"height":750,"images":"./images/"},"bones":[{"name":"root"},{"name":"hhdz_xiazhutipkuang","parent":"root","y":25.9},{"name":"slwh_pointtips","parent":"hhdz_xiazhutipkuang","x":185.89,"y":-24.44},{"name":"slwh_pointtips2","parent":"hhdz_xiazhutipkuang","x":200.89,"y":-24.44},{"name":"slwh_pointtips3","parent":"hhdz_xiazhutipkuang","x":215.89,"y":-24.44}],"slots":[{"name":"bg","bone":"root"},{"name":"slwh_pointtips","bone":"slwh_pointtips"},{"name":"slwh_pointtips2","bone":"slwh_pointtips2"},{"name":"slwh_pointtips3","bone":"slwh_pointtips3"}],"skins":{"default":{"slwh_pointtips":{"slwh_pointtips":{"width":15,"height":15}},"slwh_pointtips2":{"slwh_pointtips":{"width":15,"height":15}},"slwh_pointtips3":{"slwh_pointtips":{"width":15,"height":15}}}},"animations":{"animation2":{"slots":{"slwh_pointtips":{"color":[{"time":0,"color":"ffffff00","curve":[0.311,0.8,0.582,1]},{"time":0.6667,"color":"ffffffff","curve":[0.25,0,0.75,1]},{"time":1.3333,"color":"ffffff00","curve":"stepped"},{"time":1.6667,"color":"ffffff00","curve":[0.311,0.8,0.582,1]},{"time":2.3333,"color":"ffffffff","curve":[0.25,0,0.75,1]},{"time":3,"color":"ffffff00"}],"attachment":[{"time":0,"name":"slwh_pointtips"},{"time":3.3333,"name":"slwh_pointtips"}]},"slwh_pointtips2":{"color":[{"time":0,"color":"ffffff00","curve":"stepped"},{"time":0.1667,"color":"ffffff00","curve":[0.311,0.8,0.582,1]},{"time":0.8333,"color":"ffffffff","curve":[0.25,0,0.75,1]},{"time":1.5,"color":"ffffff00","curve":"stepped"},{"time":1.6667,"color":"ffffff00","curve":"stepped"},{"time":1.8333,"color":"ffffff00","curve":[0.311,0.8,0.582,1]},{"time":2.5,"color":"ffffffff","curve":[0.25,0,0.75,1]},{"time":3.1667,"color":"ffffff00"}],"attachment":[{"time":0,"name":"slwh_pointtips"},{"time":3.3333,"name":"slwh_pointtips"}]},"slwh_pointtips3":{"color":[{"time":0,"color":"ffffff00","curve":"stepped"},{"time":0.3333,"color":"ffffff00","curve":[0.311,0.8,0.582,1]},{"time":1,"color":"ffffffff","curve":[0.25,0,0.75,1]},{"time":1.6667,"color":"ffffff00","curve":"stepped"},{"time":2,"color":"ffffff00","curve":[0.311,0.8,0.582,1]},{"time":2.6667,"color":"ffffffff","curve":[0.25,0,0.75,1]},{"time":3.3333,"color":"ffffff00"}],"attachment":[{"time":0,"name":"slwh_pointtips"},{"time":3.3333,"name":"slwh_pointtips"}]}},"bones":{"hhdz_xiazhutipkuang":{"rotate":[{"time":0,"angle":0,"curve":"stepped"},{"time":3.3333,"angle":0}],"translate":[{"time":0,"x":-668,"y":0,"curve":[0.311,0.8,0.582,1]},{"time":0.2,"x":-4.99,"y":0,"curve":[0.311,0.8,0.582,1]},{"time":3.3333,"x":0,"y":0}],"scale":[{"time":0,"x":1,"y":1,"curve":"stepped"},{"time":3.3333,"x":1,"y":1}],"shear":[{"time":0,"x":0,"y":0,"curve":"stepped"},{"time":3.3333,"x":0,"y":0}]}}},"animation3":{"slots":{"slwh_pointtips":{"color":[{"time":0,"color":"ffffff00","curve":[0.311,0.8,0.582,1]},{"time":0.6667,"color":"ffffffff","curve":[0.25,0,0.75,1]},{"time":1.3333,"color":"ffffff00"}],"attachment":[{"time":0,"name":"slwh_pointtips"},{"time":1.6667,"name":"slwh_pointtips"}]},"slwh_pointtips2":{"color":[{"time":0,"color":"ffffff00","curve":"stepped"},{"time":0.1667,"color":"ffffff00","curve":[0.311,0.8,0.582,1]},{"time":0.8333,"color":"ffffffff","curve":[0.25,0,0.75,1]},{"time":1.5,"color":"ffffff00"}],"attachment":[{"time":0,"name":"slwh_pointtips"},{"time":1.6667,"name":"slwh_pointtips"}]},"slwh_pointtips3":{"color":[{"time":0,"color":"ffffff00","curve":"stepped"},{"time":0.3333,"color":"ffffff00","curve":[0.311,0.8,0.582,1]},{"time":1,"color":"ffffffff","curve":[0.25,0,0.75,1]},{"time":1.6667,"color":"ffffff00"}],"attachment":[{"time":0,"name":"slwh_pointtips"},{"time":1.6667,"name":"slwh_pointtips"}]}},"bones":{"hhdz_xiazhutipkuang":{"rotate":[{"time":0,"angle":0}],"translate":[{"time":0,"x":0,"y":0}],"scale":[{"time":0,"x":1,"y":1}],"shear":[{"time":0,"x":0,"y":0}]}}}}}