{"skeleton":{"hash":"XdSWvzrmeBFsMMmERqV7bzCSAQk","spine":"3.6.37","width":1624,"height":750,"images":"./images/"},"bones":[{"name":"root"},{"name":"hhdz_xiazhutipkuang","parent":"root","y":25.9},{"name":"slwh_xiazhutiptext","parent":"hhdz_xiazhutipkuang"}],"slots":[{"name":"bg","bone":"root"},{"name":"slwh_xiazhutipsdb","bone":"hhdz_xiazhutipkuang","color":"ffffffe2","attachment":"slwh_xiazhutipsdb"},{"name":"slwh_xiazhutiptext","bone":"slwh_xiazhutiptext","attachment":"slwh_xiazhutiptext"}],"skins":{"default":{"slwh_xiazhutipsdb":{"slwh_xiazhutipsdb":{"width":836,"height":140}}},"1":{"slwh_xiazhutiptext":{"slwh_xiazhutiptext":{"name":"slwh_xiazhutips1","width":244,"height":64}}},"2":{"slwh_xiazhutiptext":{"slwh_xiazhutiptext":{"name":"slwh_xiazhutips2","x":0.48,"width":364,"height":64}}},"3":{"slwh_xiazhutiptext":{"slwh_xiazhutiptext":{"name":"slwh_xiazhutips3","x":0.48,"width":244,"height":64}}}},"animations":{"animation":{"slots":{"slwh_xiazhutipsdb":{"color":[{"time":0,"color":"ffffff00","curve":[0.25,0,0.75,1]},{"time":0.1333,"color":"ffffffe2","curve":"stepped"},{"time":1.1333,"color":"ffffffe2","curve":[0.25,0,0.75,1]},{"time":1.3333,"color":"ffffff00"}]},"slwh_xiazhutiptext":{"color":[{"time":0,"color":"ffffff00","curve":[0.311,0.8,0.582,1]},{"time":0.1333,"color":"fffffffe","curve":"stepped"},{"time":0.3333,"color":"fffffffe","curve":"stepped"},{"time":1.1333,"color":"fffffffe","curve":[0.311,0.8,0.582,1]},{"time":1.3333,"color":"ffffff00"}]}},"bones":{"hhdz_xiazhutipkuang":{"rotate":[{"time":0,"angle":0,"curve":"stepped"},{"time":1.3333,"angle":0}],"translate":[{"time":0,"x":-668,"y":0,"curve":[0.311,0.8,0.582,1]},{"time":0.1333,"x":-4.99,"y":0,"curve":[0.311,0.8,0.582,1]},{"time":1.1333,"x":0,"y":0,"curve":[0.311,0.8,0.582,1]},{"time":1.2,"x":-40,"y":0,"curve":[0.311,0.8,0.582,1]},{"time":1.3333,"x":426.53,"y":0}],"scale":[{"time":0,"x":1,"y":1,"curve":"stepped"},{"time":1.3333,"x":1,"y":1}],"shear":[{"time":0,"x":0,"y":0,"curve":"stepped"},{"time":1.3333,"x":0,"y":0}]},"slwh_xiazhutiptext":{"translate":[{"time":0,"x":-5,"y":0,"curve":[0.311,0.8,0.582,1]},{"time":1.1333,"x":0,"y":0,"curve":[0.311,0.8,0.582,1]},{"time":1.2,"x":-5,"y":0,"curve":[0.311,0.8,0.582,1]},{"time":1.3333,"x":0,"y":0}]}}},"animation2":{"slots":{"slwh_xiazhutipsdb":{"color":[{"time":0,"color":"ffffff00","curve":[0.311,0.8,0.582,1]},{"time":0.3333,"color":"ffffffe2","curve":"stepped"},{"time":2.8,"color":"ffffffe2"}]},"slwh_xiazhutiptext":{"color":[{"time":0,"color":"ffffff00","curve":[0.311,0.8,0.582,1]},{"time":0.3333,"color":"fffffffe","curve":"stepped"},{"time":2.8,"color":"fffffffe"}]}},"bones":{"hhdz_xiazhutipkuang":{"rotate":[{"time":0,"angle":0,"curve":"stepped"},{"time":2.8,"angle":0}],"translate":[{"time":0,"x":-668,"y":0,"curve":[0.311,0.8,0.582,1]},{"time":0.2,"x":-4.99,"y":0,"curve":[0.311,0.8,0.582,1]},{"time":2.8,"x":0,"y":0}],"scale":[{"time":0,"x":1,"y":1,"curve":"stepped"},{"time":2.8,"x":1,"y":1}],"shear":[{"time":0,"x":0,"y":0,"curve":"stepped"},{"time":2.8,"x":0,"y":0}]},"slwh_xiazhutiptext":{"rotate":[{"time":0,"angle":0,"curve":"stepped"},{"time":2.8,"angle":0}],"translate":[{"time":0,"x":-5,"y":0,"curve":[0.311,0.8,0.582,1]},{"time":2.8,"x":0,"y":0}],"scale":[{"time":0,"x":1,"y":1,"curve":"stepped"},{"time":2.8,"x":1,"y":1}],"shear":[{"time":0,"x":0,"y":0,"curve":"stepped"},{"time":2.8,"x":0,"y":0}]}}}}}