{"skeleton":{"hash":"XozmTQUCrg6N2hFm6sCM1YZbIFQ","spine":"3.6.37","width":0,"height":0,"images":"./images/"},"bones":[{"name":"root"},{"name":"hip","parent":"root","y":120},{"name":"slwh_houzixd5","parent":"hip","x":-141.82,"y":11.83},{"name":"slwh_houzixd6","parent":"hip","x":130.78,"y":-2.77,"scaleX":0.376,"scaleY":0.376},{"name":"slwh_houzixd7","parent":"hip","x":-148.68,"y":58.12,"scaleX":0.345,"scaleY":0.345},{"name":"slwh_houzixd8","parent":"hip","x":152.78,"y":19.65,"scaleX":0.423,"scaleY":0.423},{"name":"slwh_houzixd9","parent":"hip","x":-124.58,"y":5.53,"scaleX":0.497,"scaleY":0.497},{"name":"slwh_houzixd10","parent":"hip","x":-137.31,"y":35.25,"scaleX":0.166,"scaleY":0.166},{"name":"slwh_houzixd11","parent":"hip","rotation":60,"x":149.79,"y":54.47},{"name":"slwh_houzixd12","parent":"hip","x":-107.94,"y":-13.98,"scaleX":0.431,"scaleY":0.431,"color":"000000ff"},{"name":"slwh_houzixd13","parent":"hip","rotation":-15,"x":123.54,"y":18.06,"scaleX":0.334,"scaleY":0.334,"color":"000000ff"},{"name":"slwh_houzixd14","parent":"hip","rotation":-15,"x":-73.24,"y":-31.96,"scaleX":0.903,"scaleY":0.903,"color":"000000ff"},{"name":"slwh_houzixd15","parent":"hip","rotation":-30,"x":79.74,"y":-35.6,"color":"000000ff"},{"name":"slwh_houzixd16","parent":"hip","x":-43.95,"y":-44.83,"scaleX":0.599,"scaleY":0.599,"color":"000000ff"},{"name":"slwh_houzixd17","parent":"hip","rotation":36.79,"x":48.55,"y":-37.14,"color":"000000ff"},{"name":"slwh_houzixd18","parent":"hip","rotation":-30,"x":-82.95,"y":-39.67,"scaleX":0.647,"scaleY":0.647,"color":"000000ff"},{"name":"slwh_houzixd19","parent":"hip","rotation":60,"x":90.29,"y":-53.95,"scaleX":0.583,"scaleY":0.583,"color":"000000ff"},{"name":"slwh_houzixd20","parent":"hip","rotation":-30,"x":-101.75,"y":13.27,"scaleX":0.662,"scaleY":0.662,"color":"000000ff"},{"name":"slwh_houzixd21","parent":"hip","rotation":-60,"x":111.6,"y":-8.02,"color":"000000ff"},{"name":"slwh_houzixd22","parent":"hip","rotation":-60,"x":-118.99,"y":69.29,"scaleX":0.798,"scaleY":0.798,"color":"000000ff"},{"name":"slwh_houzixd23","parent":"hip","x":119.01,"y":36.59,"scaleX":0.332,"scaleY":0.332,"color":"000000ff"},{"name":"slwh_houzixd24","parent":"hip","rotation":45,"x":-105.31,"y":-2.35,"color":"000000ff"},{"name":"slwh_houzixd25","parent":"hip","rotation":15,"x":114.05,"y":-27.89,"color":"000000ff"},{"name":"slwh_houzixd26","parent":"hip","rotation":-30,"x":-93.78,"y":-19.63,"scaleX":0.738,"scaleY":0.738,"color":"000000ff"},{"name":"slwh_houzixd27","parent":"hip","rotation":-90,"x":97.39,"y":-20.49,"scaleX":0.348,"scaleY":0.348,"color":"000000ff"},{"name":"slwh_houzixd28","parent":"hip","rotation":30,"x":-160.79,"y":-4.53,"scaleX":0.368,"scaleY":0.368,"color":"000000ff"},{"name":"slwh_houzixd29","parent":"hip","x":137.96,"y":13.89,"scaleX":0.42,"scaleY":0.42,"color":"000000ff"},{"name":"slwh_houzixd30","parent":"hip","rotation":30,"x":-145.78,"y":26.32,"color":"000000ff"},{"name":"slwh_houzixd31","parent":"hip","x":161.48,"y":6.22,"scaleX":0.424,"scaleY":0.424,"color":"000000ff"},{"name":"slwh_houzixd32","parent":"hip","rotation":-15,"x":-90.81,"y":0.45,"scaleX":0.957,"scaleY":0.957,"color":"000000ff"},{"name":"slwh_houzixd33","parent":"hip","rotation":-30,"x":115.25,"y":-23.07,"scaleX":0.773,"scaleY":0.773,"color":"000000ff"},{"name":"slwh_houzixd34","parent":"hip","x":-75.82,"y":-10.2,"scaleX":0.507,"scaleY":0.507,"color":"000000ff"},{"name":"slwh_houzixd35","parent":"hip","rotation":30,"x":68.61,"y":-28.92,"color":"000000ff"},{"name":"slwh_houzixd36","parent":"hip","rotation":60,"x":-106.61,"y":-31.41,"scaleX":0.369,"scaleY":0.369,"color":"000000ff"},{"name":"slwh_houzixd37","parent":"hip","rotation":15,"x":91.27,"y":-29.64,"scaleX":0.617,"scaleY":0.617,"color":"0fff00ff"},{"name":"slwh_houzixd38","parent":"hip","rotation":-60,"x":-75.42,"y":-7.95,"scaleX":0.439,"scaleY":0.439,"color":"0fff00ff"},{"name":"slwh_houzixd39","parent":"hip","rotation":45,"x":109.41,"y":-62.92,"color":"0fff00ff"},{"name":"slwh_houzixd40","parent":"hip","x":64.53,"y":-92.94,"scaleX":0.756,"scaleY":0.756,"color":"0fff00ff"},{"name":"slwh_houzixd41","parent":"hip","x":1.43,"y":-101.13,"scaleX":0.533,"scaleY":0.533,"color":"0fff00ff"},{"name":"slwh_houzixd42","parent":"hip","rotation":15,"x":-70.93,"y":-89.47,"scaleX":0.82,"scaleY":0.82,"color":"0fff00ff"},{"name":"slwh_houzixd43","parent":"hip","rotation":15,"x":-98.36,"y":-64.51,"scaleX":0.82,"scaleY":0.82,"color":"0fff00ff"},{"name":"slwh_houzixd44","parent":"hip","rotation":15,"x":-112.07,"y":-30.5,"scaleX":0.82,"scaleY":0.82,"color":"0fff00ff"},{"name":"slwh_houzixd45","parent":"hip","rotation":15,"x":-100.83,"y":1.04,"scaleX":0.82,"scaleY":0.82,"color":"0fff00ff"},{"name":"slwh_houzixd46","parent":"hip","rotation":56.38,"x":69.76,"y":-62.04,"scaleX":0.677,"scaleY":0.677,"color":"0fff00ff"},{"name":"slwh_houzixd47","parent":"hip","rotation":56.38,"x":21.77,"y":-58.48,"scaleX":0.677,"scaleY":0.677,"color":"0fff00ff"},{"name":"slwh_houzixd48","parent":"hip","rotation":27.03,"x":-42.14,"y":-51.07,"scaleX":0.964,"scaleY":0.964,"color":"0fff00ff"},{"name":"slwh_houzixd49","parent":"hip","rotation":-11.65,"x":-77.79,"y":-22.82,"scaleX":0.964,"scaleY":0.964,"color":"0fff00ff"},{"name":"slwh_houzixd50","parent":"hip","rotation":-34.13,"x":105.97,"y":-22,"scaleX":0.964,"scaleY":0.964,"color":"0fff00ff"},{"name":"slwh_houzixd51","parent":"hip","rotation":-34.13,"x":116.66,"y":23.25,"scaleX":0.964,"scaleY":0.964,"color":"0fff00ff"},{"name":"slwh_houzixd52","parent":"hip","rotation":-6.42,"x":-93.15,"y":16.95,"scaleX":0.711,"scaleY":0.711,"color":"0fff00ff"},{"name":"slwh_houzixd53","parent":"hip","rotation":-6.42,"x":-84.1,"y":33.95,"scaleX":0.711,"scaleY":0.711,"color":"0fff00ff"},{"name":"slwh_houzixd54","parent":"hip","rotation":24.27,"x":139.43,"y":46.29,"scaleX":0.959,"scaleY":0.959,"color":"0fff00ff"},{"name":"slwh_houzixd55","parent":"hip","rotation":24.27,"x":135.31,"y":-8.84,"scaleX":0.959,"scaleY":0.959,"color":"0fff00ff"},{"name":"slwh_houzixd56","parent":"hip","rotation":-19.38,"x":-70.66,"y":29.01,"scaleX":0.868,"scaleY":0.868,"color":"0fff00ff"},{"name":"slwh_houzixd57","parent":"hip","rotation":21.74,"x":-93.7,"y":79.2,"scaleX":0.57,"scaleY":0.57,"color":"0fff00ff"},{"name":"slwh_houzixd58","parent":"hip","rotation":63.06,"x":105.97,"y":48.76,"scaleX":0.57,"scaleY":0.57,"color":"0fff00ff"},{"name":"slwh_houzixd59","parent":"hip","rotation":98.69,"x":90.88,"y":7.62,"scaleX":0.68,"scaleY":0.68,"color":"0fff00ff"},{"name":"slwh_houzixd60","parent":"hip","rotation":124.89,"x":-98.36,"y":47.39,"scaleX":0.68,"scaleY":0.68,"color":"0fff00ff"},{"name":"slwh_houzixd61","parent":"hip","rotation":158.56,"x":-95.07,"y":123.09,"scaleX":0.397,"scaleY":0.397,"color":"0fff00ff"},{"name":"slwh_houzixd62","parent":"hip","rotation":133.72,"x":102.13,"y":93.46,"scaleX":0.368,"scaleY":0.368,"color":"0fff00ff"},{"name":"slwh_houzixd63","parent":"hip","rotation":176.15,"x":107.06,"y":62.75,"scaleX":0.391,"scaleY":0.391,"color":"0fff00ff"},{"name":"slwh_houzixd64","parent":"hip","rotation":-162.71,"x":-95.62,"y":63.02,"scaleX":0.485,"scaleY":0.485,"color":"0fff00ff"},{"name":"slwh_houzixd65","parent":"hip","rotation":-138.13,"x":-95.62,"y":-25.02,"scaleX":0.664,"scaleY":0.664,"color":"0fff00ff"},{"name":"slwh_houzixd66","parent":"hip","rotation":-114.33,"x":81.56,"y":-70.55,"scaleX":0.829,"scaleY":0.829,"color":"0fff00ff"}],"slots":[{"name":"slwh_houzixd5","bone":"slwh_houzixd5","blend":"additive"},{"name":"slwh_houzixd6","bone":"slwh_houzixd6","blend":"additive"},{"name":"slwh_houzixd7","bone":"slwh_houzixd7","blend":"additive"},{"name":"slwh_houzixd8","bone":"slwh_houzixd8","blend":"additive"},{"name":"slwh_houzixd9","bone":"slwh_houzixd9","blend":"additive"},{"name":"slwh_houzixd10","bone":"slwh_houzixd10","blend":"additive"},{"name":"slwh_houzixd11","bone":"slwh_houzixd11","blend":"additive"},{"name":"slwh_houzixd12","bone":"slwh_houzixd12","blend":"additive"},{"name":"slwh_houzixd13","bone":"slwh_houzixd13","blend":"additive"},{"name":"slwh_houzixd14","bone":"slwh_houzixd14","blend":"additive"},{"name":"slwh_houzixd15","bone":"slwh_houzixd15","blend":"additive"},{"name":"slwh_houzixd16","bone":"slwh_houzixd16","blend":"additive"},{"name":"slwh_houzixd17","bone":"slwh_houzixd17","blend":"additive"},{"name":"slwh_houzixd18","bone":"slwh_houzixd18","blend":"additive"},{"name":"slwh_houzixd19","bone":"slwh_houzixd19","blend":"additive"},{"name":"slwh_houzixd20","bone":"slwh_houzixd20","blend":"additive"},{"name":"slwh_houzixd21","bone":"slwh_houzixd21","blend":"additive"},{"name":"slwh_houzixd22","bone":"slwh_houzixd22","blend":"additive"},{"name":"slwh_houzixd23","bone":"slwh_houzixd23","blend":"additive"},{"name":"slwh_houzixd24","bone":"slwh_houzixd24","blend":"additive"},{"name":"slwh_houzixd25","bone":"slwh_houzixd25","blend":"additive"},{"name":"slwh_houzixd26","bone":"slwh_houzixd26","blend":"additive"},{"name":"slwh_houzixd27","bone":"slwh_houzixd27","blend":"additive"},{"name":"slwh_houzixd28","bone":"slwh_houzixd28","blend":"additive"},{"name":"slwh_houzixd29","bone":"slwh_houzixd29","blend":"additive"},{"name":"slwh_houzixd30","bone":"slwh_houzixd30","blend":"additive"},{"name":"slwh_houzixd31","bone":"slwh_houzixd31","blend":"additive"},{"name":"slwh_houzixd32","bone":"slwh_houzixd32","blend":"additive"},{"name":"slwh_houzixd33","bone":"slwh_houzixd33","blend":"additive"},{"name":"slwh_houzixd34","bone":"slwh_houzixd34","blend":"additive"},{"name":"slwh_houzixd35","bone":"slwh_houzixd35","blend":"additive"},{"name":"slwh_houzixd36","bone":"slwh_houzixd36","blend":"additive"},{"name":"slwh_houzixd37","bone":"slwh_houzixd37","blend":"additive"},{"name":"slwh_houzixd38","bone":"slwh_houzixd38","blend":"additive"},{"name":"slwh_houzixd39","bone":"slwh_houzixd39","blend":"additive"},{"name":"slwh_houzixd40","bone":"slwh_houzixd40","blend":"additive"},{"name":"slwh_houzixd41","bone":"slwh_houzixd41","blend":"additive"},{"name":"slwh_houzixd42","bone":"slwh_houzixd42","blend":"additive"},{"name":"slwh_houzixd43","bone":"slwh_houzixd43","blend":"additive"},{"name":"slwh_houzixd44","bone":"slwh_houzixd44","blend":"additive"},{"name":"slwh_houzixd45","bone":"slwh_houzixd45","blend":"additive"},{"name":"slwh_houzixd46","bone":"slwh_houzixd46","blend":"additive"},{"name":"slwh_houzixd47","bone":"slwh_houzixd47","blend":"additive"},{"name":"slwh_houzixd48","bone":"slwh_houzixd48","blend":"additive"},{"name":"slwh_houzixd49","bone":"slwh_houzixd49","blend":"additive"},{"name":"slwh_houzixd50","bone":"slwh_houzixd50","blend":"additive"},{"name":"slwh_houzixd51","bone":"slwh_houzixd51","blend":"additive"},{"name":"slwh_houzixd52","bone":"slwh_houzixd52","blend":"additive"},{"name":"slwh_houzixd53","bone":"slwh_houzixd53","blend":"additive"},{"name":"slwh_houzixd54","bone":"slwh_houzixd54","blend":"additive"},{"name":"slwh_houzixd55","bone":"slwh_houzixd55","blend":"additive"},{"name":"slwh_houzixd56","bone":"slwh_houzixd56","blend":"additive"},{"name":"slwh_houzixd57","bone":"slwh_houzixd57","blend":"additive"},{"name":"slwh_houzixd58","bone":"slwh_houzixd58","blend":"additive"},{"name":"slwh_houzixd59","bone":"slwh_houzixd59","blend":"additive"},{"name":"slwh_houzixd60","bone":"slwh_houzixd60","blend":"additive"},{"name":"slwh_houzixd61","bone":"slwh_houzixd61","blend":"additive"},{"name":"slwh_houzixd62","bone":"slwh_houzixd62","blend":"additive"},{"name":"slwh_houzixd63","bone":"slwh_houzixd63","blend":"additive"},{"name":"slwh_houzixd64","bone":"slwh_houzixd64","blend":"additive"},{"name":"slwh_houzixd65","bone":"slwh_houzixd65","blend":"additive"},{"name":"slwh_houzixd66","bone":"slwh_houzixd66","blend":"additive"}],"skins":{"default":{"slwh_houzixd10":{"slwh_houzixd":{"width":64,"height":64}},"slwh_houzixd11":{"slwh_houzixd":{"width":64,"height":64}},"slwh_houzixd12":{"slwh_houzixd":{"width":64,"height":64}},"slwh_houzixd13":{"slwh_houzixd":{"width":64,"height":64}},"slwh_houzixd14":{"slwh_houzixd":{"width":64,"height":64}},"slwh_houzixd15":{"slwh_houzixd":{"width":64,"height":64}},"slwh_houzixd16":{"slwh_houzixd":{"width":64,"height":64}},"slwh_houzixd17":{"slwh_houzixd":{"width":64,"height":64}},"slwh_houzixd18":{"slwh_houzixd":{"width":64,"height":64}},"slwh_houzixd19":{"slwh_houzixd":{"width":64,"height":64}},"slwh_houzixd20":{"slwh_houzixd":{"width":64,"height":64}},"slwh_houzixd21":{"slwh_houzixd":{"width":64,"height":64}},"slwh_houzixd22":{"slwh_houzixd":{"width":64,"height":64}},"slwh_houzixd23":{"slwh_houzixd":{"width":64,"height":64}},"slwh_houzixd24":{"slwh_houzixd":{"width":64,"height":64}},"slwh_houzixd25":{"slwh_houzixd":{"width":64,"height":64}},"slwh_houzixd26":{"slwh_houzixd":{"width":64,"height":64}},"slwh_houzixd27":{"slwh_houzixd":{"width":64,"height":64}},"slwh_houzixd28":{"slwh_houzixd":{"width":64,"height":64}},"slwh_houzixd29":{"slwh_houzixd":{"width":64,"height":64}},"slwh_houzixd30":{"slwh_houzixd":{"width":64,"height":64}},"slwh_houzixd31":{"slwh_houzixd":{"width":64,"height":64}},"slwh_houzixd32":{"slwh_houzixd":{"width":64,"height":64}},"slwh_houzixd33":{"slwh_houzixd":{"width":64,"height":64}},"slwh_houzixd34":{"slwh_houzixd":{"width":64,"height":64}},"slwh_houzixd35":{"slwh_houzixd":{"width":64,"height":64}},"slwh_houzixd36":{"slwh_houzixd":{"width":64,"height":64}},"slwh_houzixd37":{"slwh_houzixd":{"width":64,"height":64}},"slwh_houzixd38":{"slwh_houzixd":{"width":64,"height":64}},"slwh_houzixd39":{"slwh_houzixd":{"width":64,"height":64}},"slwh_houzixd40":{"slwh_houzixd":{"width":64,"height":64}},"slwh_houzixd41":{"slwh_houzixd":{"width":64,"height":64}},"slwh_houzixd42":{"slwh_houzixd":{"width":64,"height":64}},"slwh_houzixd43":{"slwh_houzixd":{"width":64,"height":64}},"slwh_houzixd44":{"slwh_houzixd":{"width":64,"height":64}},"slwh_houzixd45":{"slwh_houzixd":{"width":64,"height":64}},"slwh_houzixd46":{"slwh_houzixd":{"width":64,"height":64}},"slwh_houzixd47":{"slwh_houzixd":{"width":64,"height":64}},"slwh_houzixd48":{"slwh_houzixd":{"width":64,"height":64}},"slwh_houzixd49":{"slwh_houzixd":{"width":64,"height":64}},"slwh_houzixd5":{"slwh_houzixd":{"width":64,"height":64}},"slwh_houzixd50":{"slwh_houzixd":{"width":64,"height":64}},"slwh_houzixd51":{"slwh_houzixd":{"width":64,"height":64}},"slwh_houzixd52":{"slwh_houzixd":{"width":64,"height":64}},"slwh_houzixd53":{"slwh_houzixd":{"width":64,"height":64}},"slwh_houzixd54":{"slwh_houzixd":{"width":64,"height":64}},"slwh_houzixd55":{"slwh_houzixd":{"width":64,"height":64}},"slwh_houzixd56":{"slwh_houzixd":{"width":64,"height":64}},"slwh_houzixd57":{"slwh_houzixd":{"width":64,"height":64}},"slwh_houzixd58":{"slwh_houzixd":{"width":64,"height":64}},"slwh_houzixd59":{"slwh_houzixd":{"width":64,"height":64}},"slwh_houzixd6":{"slwh_houzixd":{"width":64,"height":64}},"slwh_houzixd60":{"slwh_houzixd":{"width":64,"height":64}},"slwh_houzixd61":{"slwh_houzixd":{"width":64,"height":64}},"slwh_houzixd62":{"slwh_houzixd":{"width":64,"height":64}},"slwh_houzixd63":{"slwh_houzixd":{"width":64,"height":64}},"slwh_houzixd64":{"slwh_houzixd":{"width":64,"height":64}},"slwh_houzixd65":{"slwh_houzixd":{"width":64,"height":64}},"slwh_houzixd66":{"slwh_houzixd":{"width":64,"height":64}},"slwh_houzixd7":{"slwh_houzixd":{"width":64,"height":64}},"slwh_houzixd8":{"slwh_houzixd":{"width":64,"height":64}},"slwh_houzixd9":{"slwh_houzixd":{"width":64,"height":64}}}},"animations":{"animation":{"slots":{"slwh_houzixd5":{"color":[{"time":0,"color":"ffffff00","curve":"stepped"},{"time":0.2,"color":"ffffff00","curve":[0.271,0,0.619,0.41]},{"time":0.5333,"color":"fffffffe","curve":"stepped"},{"time":0.6,"color":"fffffffe","curve":[0.351,0.4,0.757,1]},{"time":0.7,"color":"ffffff3c","curve":[0.332,0.33,0.668,0.67]},{"time":0.8667,"color":"ffffff80","curve":[0.341,0.36,0.678,0.7]},{"time":1.0333,"color":"ffffff22","curve":[0.352,0.41,0.689,0.76]},{"time":1.2,"color":"ffffff4a","curve":[0.367,0.63,0.705,1]},{"time":1.3667,"color":"ffffff00"}],"attachment":[{"time":0,"name":"slwh_houzixd"},{"time":0.2,"name":"slwh_houzixd"},{"time":1.3667,"name":null}]},"slwh_houzixd6":{"color":[{"time":0,"color":"ffffff00","curve":"stepped"},{"time":0.2667,"color":"ffffff00","curve":[0.271,0,0.619,0.41]},{"time":0.6,"color":"fffffffe","curve":"stepped"},{"time":0.6667,"color":"fffffffe","curve":[0.351,0.4,0.757,1]},{"time":0.7667,"color":"ffffff3c","curve":[0.332,0.33,0.668,0.67]},{"time":0.9333,"color":"ffffff80","curve":[0.341,0.36,0.678,0.7]},{"time":1.1,"color":"ffffff22","curve":[0.352,0.41,0.689,0.76]},{"time":1.2667,"color":"ffffff4a","curve":[0.367,0.63,0.705,1]},{"time":1.4333,"color":"ffffff00"}],"attachment":[{"time":0,"name":"slwh_houzixd"},{"time":0.2667,"name":"slwh_houzixd"},{"time":1.4333,"name":null}]},"slwh_houzixd7":{"color":[{"time":0,"color":"ffffff00","curve":"stepped"},{"time":0.3,"color":"ffffff00","curve":[0.271,0,0.619,0.41]},{"time":0.6333,"color":"fffffffe","curve":"stepped"},{"time":0.7,"color":"fffffffe","curve":[0.351,0.4,0.757,1]},{"time":0.8,"color":"ffffff3c","curve":[0.332,0.33,0.668,0.67]},{"time":0.9667,"color":"ffffff80","curve":[0.341,0.36,0.678,0.7]},{"time":1.1333,"color":"ffffff22","curve":[0.352,0.41,0.689,0.76]},{"time":1.3,"color":"ffffff4a","curve":[0.367,0.63,0.705,1]},{"time":1.4667,"color":"ffffff00"}],"attachment":[{"time":0,"name":"slwh_houzixd"},{"time":0.3,"name":"slwh_houzixd"},{"time":1.4667,"name":null}]},"slwh_houzixd8":{"color":[{"time":0,"color":"ffffff00","curve":"stepped"},{"time":0.3333,"color":"ffffff00","curve":[0.271,0,0.619,0.41]},{"time":0.6667,"color":"fffffffe","curve":"stepped"},{"time":0.7333,"color":"fffffffe","curve":[0.351,0.4,0.757,1]},{"time":0.8333,"color":"ffffff3c","curve":[0.332,0.33,0.668,0.67]},{"time":1,"color":"ffffff80","curve":[0.341,0.36,0.678,0.7]},{"time":1.1667,"color":"ffffff22","curve":[0.352,0.41,0.689,0.76]},{"time":1.3333,"color":"ffffff4a","curve":[0.367,0.63,0.705,1]},{"time":1.5,"color":"ffffff00"}],"attachment":[{"time":0,"name":"slwh_houzixd"},{"time":0.3333,"name":"slwh_houzixd"},{"time":1.5,"name":null}]},"slwh_houzixd9":{"color":[{"time":0,"color":"ffffff00","curve":"stepped"},{"time":0.4,"color":"ffffff00","curve":[0.271,0,0.619,0.41]},{"time":0.7333,"color":"fffffffe","curve":"stepped"},{"time":0.8,"color":"fffffffe","curve":[0.351,0.4,0.757,1]},{"time":0.9,"color":"ffffff3c","curve":[0.332,0.33,0.668,0.67]},{"time":1.0667,"color":"ffffff80","curve":[0.341,0.36,0.678,0.7]},{"time":1.2333,"color":"ffffff22","curve":[0.352,0.41,0.689,0.76]},{"time":1.4,"color":"ffffff4a","curve":[0.367,0.63,0.705,1]},{"time":1.5667,"color":"ffffff00"}],"attachment":[{"time":0,"name":"slwh_houzixd"},{"time":0.4,"name":"slwh_houzixd"},{"time":1.5667,"name":null}]},"slwh_houzixd10":{"color":[{"time":0,"color":"ffffff00","curve":"stepped"},{"time":0.5,"color":"ffffff00","curve":[0.271,0,0.619,0.41]},{"time":0.8333,"color":"fffffffe","curve":"stepped"},{"time":0.9,"color":"fffffffe","curve":[0.351,0.4,0.757,1]},{"time":1,"color":"ffffff3c","curve":[0.332,0.33,0.668,0.67]},{"time":1.1667,"color":"ffffff80","curve":[0.341,0.36,0.678,0.7]},{"time":1.3333,"color":"ffffff22","curve":[0.352,0.41,0.689,0.76]},{"time":1.5,"color":"ffffff4a","curve":[0.367,0.63,0.705,1]},{"time":1.5667,"color":"ffffff00"}],"attachment":[{"time":0,"name":"slwh_houzixd"},{"time":0.5,"name":"slwh_houzixd"},{"time":1.5667,"name":null}]},"slwh_houzixd11":{"color":[{"time":0,"color":"ffffff00","curve":"stepped"},{"time":0.5333,"color":"ffffff00","curve":[0.271,0,0.619,0.41]},{"time":0.8667,"color":"fffffffe","curve":"stepped"},{"time":0.9333,"color":"fffffffe","curve":[0.351,0.4,0.757,1]},{"time":1.0333,"color":"ffffff3c","curve":[0.332,0.33,0.668,0.67]},{"time":1.2,"color":"ffffff80","curve":[0.341,0.36,0.678,0.7]},{"time":1.3667,"color":"ffffff22","curve":[0.352,0.41,0.689,0.76]},{"time":1.5333,"color":"ffffff4a","curve":[0.367,0.63,0.705,1]},{"time":1.6,"color":"ffffff00"}],"attachment":[{"time":0,"name":"slwh_houzixd"},{"time":0.5333,"name":"slwh_houzixd"},{"time":1.6,"name":null}]},"slwh_houzixd12":{"color":[{"time":0,"color":"ffffff00","curve":"stepped"},{"time":0.6,"color":"ffffff00","curve":[0.271,0,0.619,0.41]},{"time":0.9333,"color":"fffffffe","curve":"stepped"},{"time":1,"color":"fffffffe","curve":[0.351,0.4,0.757,1]},{"time":1.1,"color":"ffffff3c","curve":[0.332,0.33,0.668,0.67]},{"time":1.2667,"color":"ffffff80","curve":[0.341,0.36,0.678,0.7]},{"time":1.4333,"color":"ffffff22","curve":[0.352,0.41,0.689,0.76]},{"time":1.6,"color":"ffffff4a","curve":[0.367,0.63,0.705,1]},{"time":1.7667,"color":"ffffff00"}],"attachment":[{"time":0,"name":"slwh_houzixd"},{"time":0.6,"name":"slwh_houzixd"},{"time":1.7667,"name":null}]},"slwh_houzixd13":{"color":[{"time":0,"color":"ffffff00","curve":"stepped"},{"time":0.6,"color":"ffffff00","curve":[0.271,0,0.619,0.41]},{"time":0.9333,"color":"fffffffe","curve":"stepped"},{"time":1,"color":"fffffffe","curve":[0.351,0.4,0.757,1]},{"time":1.1,"color":"ffffff3c","curve":[0.332,0.33,0.668,0.67]},{"time":1.2667,"color":"ffffff80","curve":[0.341,0.36,0.678,0.7]},{"time":1.4333,"color":"ffffff22","curve":[0.352,0.41,0.689,0.76]},{"time":1.6,"color":"ffffff4a","curve":[0.367,0.63,0.705,1]},{"time":1.7667,"color":"ffffff00"}],"attachment":[{"time":0,"name":"slwh_houzixd"},{"time":0.6,"name":"slwh_houzixd"},{"time":1.7667,"name":null}]},"slwh_houzixd14":{"color":[{"time":0,"color":"ffffff00","curve":"stepped"},{"time":0.7,"color":"ffffff00","curve":[0.271,0,0.619,0.41]},{"time":1.0333,"color":"fffffffe","curve":"stepped"},{"time":1.1,"color":"fffffffe","curve":[0.351,0.4,0.757,1]},{"time":1.2,"color":"ffffff3c","curve":[0.332,0.33,0.668,0.67]},{"time":1.3667,"color":"ffffff80","curve":[0.341,0.36,0.678,0.7]},{"time":1.5333,"color":"ffffff22","curve":[0.352,0.41,0.689,0.76]},{"time":1.7,"color":"ffffff4a","curve":[0.367,0.63,0.705,1]},{"time":1.8667,"color":"ffffff00"}],"attachment":[{"time":0,"name":"slwh_houzixd"},{"time":0.7,"name":"slwh_houzixd"},{"time":1.8667,"name":null}]},"slwh_houzixd15":{"color":[{"time":0,"color":"ffffff00","curve":"stepped"},{"time":0.6667,"color":"ffffff00","curve":[0.271,0,0.619,0.41]},{"time":1,"color":"fffffffe","curve":"stepped"},{"time":1.0667,"color":"fffffffe","curve":[0.351,0.4,0.757,1]},{"time":1.1667,"color":"ffffff3c","curve":[0.332,0.33,0.668,0.67]},{"time":1.3333,"color":"ffffff80","curve":[0.341,0.36,0.678,0.7]},{"time":1.5,"color":"ffffff22","curve":[0.352,0.41,0.689,0.76]},{"time":1.6667,"color":"ffffff4a","curve":[0.367,0.63,0.705,1]},{"time":1.8333,"color":"ffffff00"}],"attachment":[{"time":0,"name":"slwh_houzixd"},{"time":0.6667,"name":"slwh_houzixd"},{"time":1.8333,"name":null}]},"slwh_houzixd16":{"color":[{"time":0,"color":"ffffff00","curve":"stepped"},{"time":0.8,"color":"ffffff00","curve":[0.271,0,0.619,0.41]},{"time":1.1333,"color":"fffffffe","curve":"stepped"},{"time":1.2,"color":"fffffffe","curve":[0.351,0.4,0.757,1]},{"time":1.3,"color":"ffffff3c","curve":[0.332,0.33,0.668,0.67]},{"time":1.4667,"color":"ffffff80","curve":[0.341,0.36,0.678,0.7]},{"time":1.6333,"color":"ffffff22","curve":[0.352,0.41,0.689,0.76]},{"time":1.8,"color":"ffffff4a","curve":[0.367,0.63,0.705,1]},{"time":1.9667,"color":"ffffff00"}],"attachment":[{"time":0,"name":"slwh_houzixd"},{"time":0.8,"name":"slwh_houzixd"},{"time":1.9667,"name":null}]},"slwh_houzixd17":{"color":[{"time":0,"color":"ffffff00","curve":"stepped"},{"time":0.7667,"color":"ffffff00","curve":[0.271,0,0.619,0.41]},{"time":1.1,"color":"fffffffe","curve":"stepped"},{"time":1.1667,"color":"fffffffe","curve":[0.351,0.4,0.757,1]},{"time":1.2667,"color":"ffffff3c","curve":[0.332,0.33,0.668,0.67]},{"time":1.4333,"color":"ffffff80","curve":[0.341,0.36,0.678,0.7]},{"time":1.6,"color":"ffffff22","curve":[0.352,0.41,0.689,0.76]},{"time":1.7667,"color":"ffffff4a","curve":[0.367,0.63,0.705,1]},{"time":1.9333,"color":"ffffff00"}],"attachment":[{"time":0,"name":"slwh_houzixd"},{"time":0.7667,"name":"slwh_houzixd"},{"time":1.9333,"name":null}]},"slwh_houzixd18":{"color":[{"time":0,"color":"ffffff00","curve":"stepped"},{"time":0.8667,"color":"ffffff00","curve":[0.271,0,0.619,0.41]},{"time":1.2,"color":"fffffffe","curve":"stepped"},{"time":1.2667,"color":"fffffffe","curve":[0.351,0.4,0.757,1]},{"time":1.3667,"color":"ffffff3c","curve":[0.332,0.33,0.668,0.67]},{"time":1.5333,"color":"ffffff80","curve":[0.341,0.36,0.678,0.7]},{"time":1.7,"color":"ffffff22","curve":[0.352,0.41,0.689,0.76]},{"time":1.8667,"color":"ffffff4a","curve":[0.367,0.63,0.705,1]},{"time":2.0333,"color":"ffffff00"}],"attachment":[{"time":0,"name":"slwh_houzixd"},{"time":0.8667,"name":"slwh_houzixd"},{"time":2.0333,"name":null}]},"slwh_houzixd19":{"color":[{"time":0,"color":"ffffff00","curve":"stepped"},{"time":0.9,"color":"ffffff00","curve":[0.271,0,0.619,0.41]},{"time":1.2333,"color":"fffffffe","curve":"stepped"},{"time":1.3,"color":"fffffffe","curve":[0.351,0.4,0.757,1]},{"time":1.4,"color":"ffffff3c","curve":[0.332,0.33,0.668,0.67]},{"time":1.5667,"color":"ffffff80","curve":[0.341,0.36,0.678,0.7]},{"time":1.7333,"color":"ffffff22","curve":[0.352,0.41,0.689,0.76]},{"time":1.9,"color":"ffffff4a","curve":[0.367,0.63,0.705,1]},{"time":2.0667,"color":"ffffff00"}],"attachment":[{"time":0,"name":"slwh_houzixd"},{"time":0.9,"name":"slwh_houzixd"},{"time":2.0667,"name":null}]},"slwh_houzixd20":{"color":[{"time":0,"color":"ffffff00","curve":"stepped"},{"time":1,"color":"ffffff00","curve":[0.271,0,0.619,0.41]},{"time":1.3333,"color":"fffffffe","curve":"stepped"},{"time":1.4,"color":"fffffffe","curve":[0.351,0.4,0.757,1]},{"time":1.5,"color":"ffffff3c","curve":[0.332,0.33,0.668,0.67]},{"time":1.6667,"color":"ffffff80","curve":[0.341,0.36,0.678,0.7]},{"time":1.8333,"color":"ffffff22","curve":[0.352,0.41,0.689,0.76]},{"time":2,"color":"ffffff4a","curve":[0.367,0.63,0.705,1]},{"time":2.1667,"color":"ffffff00"}],"attachment":[{"time":0,"name":"slwh_houzixd"},{"time":1,"name":"slwh_houzixd"},{"time":2.1667,"name":null}]},"slwh_houzixd21":{"color":[{"time":0,"color":"ffffff00","curve":"stepped"},{"time":1,"color":"ffffff00","curve":[0.271,0,0.619,0.41]},{"time":1.3333,"color":"fffffffe","curve":"stepped"},{"time":1.4,"color":"fffffffe","curve":[0.351,0.4,0.757,1]},{"time":1.5,"color":"ffffff3c","curve":[0.332,0.33,0.668,0.67]},{"time":1.6667,"color":"ffffff80","curve":[0.341,0.36,0.678,0.7]},{"time":1.8333,"color":"ffffff22","curve":[0.352,0.41,0.689,0.76]},{"time":2,"color":"ffffff4a","curve":[0.367,0.63,0.705,1]},{"time":2.1667,"color":"ffffff00"}],"attachment":[{"time":0,"name":"slwh_houzixd"},{"time":1,"name":"slwh_houzixd"},{"time":2.1667,"name":null}]},"slwh_houzixd22":{"color":[{"time":0,"color":"ffffff00","curve":"stepped"},{"time":1.0333,"color":"ffffff00","curve":[0.271,0,0.619,0.41]},{"time":1.3667,"color":"fffffffe","curve":"stepped"},{"time":1.4333,"color":"fffffffe","curve":[0.351,0.4,0.757,1]},{"time":1.5333,"color":"ffffff3c","curve":[0.332,0.33,0.668,0.67]},{"time":1.7,"color":"ffffff80","curve":[0.341,0.36,0.678,0.7]},{"time":1.8667,"color":"ffffff22","curve":[0.352,0.41,0.689,0.76]},{"time":2.0333,"color":"ffffff4a","curve":[0.367,0.63,0.705,1]},{"time":2.1,"color":"ffffff00"}],"attachment":[{"time":0,"name":"slwh_houzixd"},{"time":1.0333,"name":"slwh_houzixd"},{"time":2.1,"name":null}]},"slwh_houzixd23":{"color":[{"time":0,"color":"ffffff00","curve":"stepped"},{"time":1.0667,"color":"ffffff00","curve":[0.271,0,0.619,0.41]},{"time":1.4,"color":"fffffffe","curve":"stepped"},{"time":1.4667,"color":"fffffffe","curve":[0.351,0.4,0.757,1]},{"time":1.5667,"color":"ffffff3c","curve":[0.332,0.33,0.668,0.67]},{"time":1.7333,"color":"ffffff80","curve":[0.341,0.36,0.678,0.7]},{"time":1.9,"color":"ffffff22","curve":[0.352,0.41,0.689,0.76]},{"time":2.0667,"color":"ffffff4a","curve":[0.367,0.63,0.705,1]},{"time":2.1333,"color":"ffffff00"}],"attachment":[{"time":0,"name":"slwh_houzixd"},{"time":1.0667,"name":"slwh_houzixd"},{"time":2.1333,"name":null}]},"slwh_houzixd24":{"color":[{"time":0,"color":"ffffff00","curve":"stepped"},{"time":1.1333,"color":"ffffff00","curve":[0.271,0,0.619,0.41]},{"time":1.4667,"color":"fffffffe","curve":"stepped"},{"time":1.5333,"color":"fffffffe","curve":[0.351,0.4,0.757,1]},{"time":1.6333,"color":"ffffff3c","curve":[0.332,0.33,0.668,0.67]},{"time":1.8,"color":"ffffff80","curve":[0.341,0.36,0.678,0.7]},{"time":1.9667,"color":"ffffff22","curve":[0.352,0.41,0.689,0.76]},{"time":2.1333,"color":"ffffff4a","curve":[0.367,0.63,0.705,1]},{"time":2.2,"color":"ffffff00"}],"attachment":[{"time":0,"name":"slwh_houzixd"},{"time":1.1333,"name":"slwh_houzixd"},{"time":2.2,"name":null}]},"slwh_houzixd25":{"color":[{"time":0,"color":"ffffff00","curve":"stepped"},{"time":1.1333,"color":"ffffff00","curve":[0.271,0,0.619,0.41]},{"time":1.4667,"color":"fffffffe","curve":"stepped"},{"time":1.5333,"color":"fffffffe","curve":[0.351,0.4,0.757,1]},{"time":1.6333,"color":"ffffff3c","curve":[0.332,0.33,0.668,0.67]},{"time":1.8,"color":"ffffff80","curve":[0.341,0.36,0.678,0.7]},{"time":1.9667,"color":"ffffff22","curve":[0.352,0.41,0.689,0.76]},{"time":2.0333,"color":"ffffff4a","curve":[0.367,0.63,0.705,1]},{"time":2.2,"color":"ffffff00"}],"attachment":[{"time":0,"name":"slwh_houzixd"},{"time":1.1333,"name":"slwh_houzixd"},{"time":2.2,"name":null}]},"slwh_houzixd26":{"color":[{"time":0,"color":"ffffff00","curve":"stepped"},{"time":1.1667,"color":"ffffff00","curve":[0.271,0,0.619,0.41]},{"time":1.5,"color":"fffffffe","curve":"stepped"},{"time":1.5667,"color":"fffffffe","curve":[0.351,0.4,0.757,1]},{"time":1.6667,"color":"ffffff3c","curve":[0.332,0.33,0.668,0.67]},{"time":1.8333,"color":"ffffff80","curve":[0.341,0.36,0.678,0.7]},{"time":3.1667,"color":"ffffff22","curve":[0.352,0.41,0.689,0.76]},{"time":3.2333,"color":"ffffff4a","curve":[0.367,0.63,0.705,1]},{"time":3.4,"color":"ffffff00"}],"attachment":[{"time":0,"name":"slwh_houzixd"},{"time":1.1667,"name":"slwh_houzixd"},{"time":3.4,"name":null}]},"slwh_houzixd27":{"color":[{"time":0,"color":"ffffff00","curve":"stepped"},{"time":1.2333,"color":"ffffff00","curve":[0.271,0,0.619,0.41]},{"time":1.5667,"color":"fffffffe","curve":"stepped"},{"time":1.6333,"color":"fffffffe","curve":[0.351,0.4,0.757,1]},{"time":1.7333,"color":"ffffff3c","curve":[0.332,0.33,0.668,0.67]},{"time":1.9,"color":"ffffff80","curve":[0.341,0.36,0.678,0.7]},{"time":1.9667,"color":"ffffff22","curve":[0.352,0.41,0.689,0.76]},{"time":3.3,"color":"ffffff4a","curve":[0.367,0.63,0.705,1]},{"time":3.4667,"color":"ffffff00"}],"attachment":[{"time":0,"name":"slwh_houzixd"},{"time":1.2333,"name":"slwh_houzixd"},{"time":3.4667,"name":null}]},"slwh_houzixd28":{"color":[{"time":0,"color":"ffffff00","curve":"stepped"},{"time":1.3333,"color":"ffffff00","curve":[0.271,0,0.619,0.41]},{"time":1.6667,"color":"fffffffe","curve":"stepped"},{"time":1.7333,"color":"fffffffe","curve":[0.351,0.4,0.757,1]},{"time":1.8333,"color":"ffffff3c","curve":[0.332,0.33,0.668,0.67]},{"time":2,"color":"ffffff80","curve":[0.341,0.36,0.678,0.7]},{"time":2.0667,"color":"ffffff22","curve":[0.352,0.41,0.689,0.76]},{"time":2.2333,"color":"ffffff4a","curve":[0.367,0.63,0.705,1]},{"time":2.4,"color":"ffffff00"}],"attachment":[{"time":0,"name":"slwh_houzixd"},{"time":1.3333,"name":"slwh_houzixd"},{"time":2.4,"name":null}]},"slwh_houzixd29":{"color":[{"time":0,"color":"ffffff00","curve":"stepped"},{"time":1.1667,"color":"ffffff00","curve":[0.271,0,0.619,0.41]},{"time":1.5,"color":"fffffffe","curve":"stepped"},{"time":1.5667,"color":"fffffffe","curve":[0.351,0.4,0.757,1]},{"time":1.6667,"color":"ffffff3c","curve":[0.332,0.33,0.668,0.67]},{"time":1.8333,"color":"ffffff80","curve":[0.341,0.36,0.678,0.7]},{"time":1.9,"color":"ffffff22","curve":[0.352,0.41,0.689,0.76]},{"time":2.0667,"color":"ffffff4a","curve":[0.367,0.63,0.705,1]},{"time":2.2333,"color":"ffffff00"}],"attachment":[{"time":0,"name":"slwh_houzixd"},{"time":1.1667,"name":"slwh_houzixd"},{"time":2.2333,"name":null}]},"slwh_houzixd30":{"color":[{"time":0,"color":"ffffff00","curve":"stepped"},{"time":1.4333,"color":"ffffff00","curve":[0.271,0,0.619,0.41]},{"time":1.7667,"color":"fffffffe","curve":"stepped"},{"time":1.8333,"color":"fffffffe","curve":[0.351,0.4,0.757,1]},{"time":1.9333,"color":"ffffff3c","curve":[0.332,0.33,0.668,0.67]},{"time":2,"color":"ffffff80","curve":[0.341,0.36,0.678,0.7]},{"time":2.1667,"color":"ffffff22","curve":[0.352,0.41,0.689,0.76]},{"time":2.3333,"color":"ffffff4a","curve":[0.367,0.63,0.705,1]},{"time":2.5,"color":"ffffff00"}],"attachment":[{"time":0,"name":"slwh_houzixd"},{"time":1.4333,"name":"slwh_houzixd"},{"time":2.5,"name":null}]},"slwh_houzixd31":{"color":[{"time":0,"color":"ffffff00","curve":"stepped"},{"time":1.4333,"color":"ffffff00","curve":[0.271,0,0.619,0.41]},{"time":1.7667,"color":"fffffffe","curve":"stepped"},{"time":1.8333,"color":"fffffffe","curve":[0.351,0.4,0.757,1]},{"time":1.9333,"color":"ffffff3c","curve":[0.332,0.33,0.668,0.67]},{"time":2,"color":"ffffff80","curve":[0.341,0.36,0.678,0.7]},{"time":2.1667,"color":"ffffff22","curve":[0.352,0.41,0.689,0.76]},{"time":2.3333,"color":"ffffff4a","curve":[0.367,0.63,0.705,1]},{"time":2.5,"color":"ffffff00"}],"attachment":[{"time":0,"name":"slwh_houzixd"},{"time":1.4333,"name":"slwh_houzixd"},{"time":2.5,"name":null}]},"slwh_houzixd32":{"color":[{"time":0,"color":"ffffff00","curve":"stepped"},{"time":1.4333,"color":"ffffff00","curve":[0.271,0,0.619,0.41]},{"time":1.7667,"color":"fffffffe","curve":"stepped"},{"time":1.8333,"color":"fffffffe","curve":[0.351,0.4,0.757,1]},{"time":2,"color":"ffffff80","curve":[0.341,0.36,0.678,0.7]},{"time":2.1667,"color":"ffffff22","curve":[0.352,0.41,0.689,0.76]},{"time":2.3333,"color":"ffffff4a","curve":[0.367,0.63,0.705,1]},{"time":2.5,"color":"ffffff00"}],"attachment":[{"time":0,"name":"slwh_houzixd"},{"time":1.4333,"name":"slwh_houzixd"},{"time":2.5,"name":null}]},"slwh_houzixd33":{"color":[{"time":0,"color":"ffffff00","curve":"stepped"},{"time":1.4333,"color":"ffffff00","curve":[0.271,0,0.619,0.41]},{"time":1.7667,"color":"fffffffe","curve":"stepped"},{"time":1.8333,"color":"fffffffe","curve":[0.351,0.4,0.757,1]},{"time":2,"color":"ffffff80","curve":[0.341,0.36,0.678,0.7]},{"time":2.1667,"color":"ffffff22","curve":[0.352,0.41,0.689,0.76]},{"time":2.3333,"color":"ffffff4a","curve":[0.367,0.63,0.705,1]},{"time":2.5,"color":"ffffff00"}],"attachment":[{"time":0,"name":"slwh_houzixd"},{"time":1.4333,"name":"slwh_houzixd"},{"time":2.5,"name":null}]},"slwh_houzixd34":{"color":[{"time":0,"color":"ffffff00","curve":"stepped"},{"time":1.5333,"color":"ffffff00","curve":[0.271,0,0.619,0.41]},{"time":1.8333,"color":"fffffffe","curve":"stepped"},{"time":1.8667,"color":"fffffffe","curve":[0.322,0.3,0.659,0.64]},{"time":1.9333,"color":"ffffff3c","curve":[0.332,0.33,0.668,0.67]},{"time":2.1,"color":"ffffff80","curve":[0.341,0.36,0.678,0.7]},{"time":2.2667,"color":"ffffff22","curve":[0.352,0.41,0.689,0.76]},{"time":2.4333,"color":"ffffff4a","curve":[0.367,0.63,0.705,1]},{"time":2.6,"color":"ffffff00"}],"attachment":[{"time":0,"name":"slwh_houzixd"},{"time":1.5333,"name":"slwh_houzixd"},{"time":2.6,"name":null}]},"slwh_houzixd35":{"color":[{"time":0,"color":"ffffff00","curve":"stepped"},{"time":1.6,"color":"ffffff00","curve":[0.271,0,0.619,0.41]},{"time":1.8333,"color":"fffffffe","curve":"stepped"},{"time":1.9,"color":"fffffffe","curve":[0.351,0.4,0.757,1]},{"time":2,"color":"ffffff3c","curve":[0.332,0.33,0.668,0.67]},{"time":2.1667,"color":"ffffff80","curve":[0.341,0.36,0.678,0.7]},{"time":2.3333,"color":"ffffff22","curve":[0.352,0.41,0.689,0.76]},{"time":2.5,"color":"ffffff4a","curve":[0.367,0.63,0.705,1]},{"time":2.6667,"color":"ffffff00","curve":"stepped"},{"time":2.7,"color":"ffffff00"}],"attachment":[{"time":0,"name":"slwh_houzixd"},{"time":1.6,"name":"slwh_houzixd"},{"time":2.7,"name":null}]},"slwh_houzixd36":{"color":[{"time":0,"color":"ffffff00","curve":"stepped"},{"time":1.7333,"color":"ffffff00","curve":[0.271,0,0.619,0.41]},{"time":1.9667,"color":"fffffffe","curve":"stepped"},{"time":2.0333,"color":"fffffffe","curve":[0.351,0.4,0.757,1]},{"time":2.1333,"color":"ffffff3c","curve":[0.332,0.33,0.668,0.67]},{"time":2.3,"color":"ffffff80","curve":[0.341,0.36,0.678,0.7]},{"time":2.4667,"color":"ffffff22","curve":[0.352,0.41,0.689,0.76]},{"time":2.6333,"color":"ffffff4a","curve":[0.367,0.63,0.705,1]},{"time":2.8,"color":"ffffff00","curve":"stepped"},{"time":2.8333,"color":"ffffff00"}],"attachment":[{"time":0,"name":"slwh_houzixd"},{"time":1.7333,"name":"slwh_houzixd"},{"time":2.8333,"name":null}]},"slwh_houzixd37":{"color":[{"time":0,"color":"ffffff00","curve":"stepped"},{"time":1.8333,"color":"ffffff00","curve":[0.271,0,0.619,0.41]},{"time":2.1667,"color":"fffffffe","curve":"stepped"},{"time":2.2333,"color":"fffffffe","curve":[0.351,0.4,0.757,1]},{"time":2.3333,"color":"ffffff3c","curve":[0.332,0.33,0.668,0.67]},{"time":2.5,"color":"ffffff80","curve":[0.341,0.36,0.678,0.7]},{"time":2.6667,"color":"ffffff22","curve":[0.352,0.41,0.689,0.76]},{"time":2.8333,"color":"ffffff4a","curve":[0.367,0.63,0.705,1]},{"time":3,"color":"ffffff00","curve":"stepped"},{"time":3.0333,"color":"ffffff00"}],"attachment":[{"time":0,"name":"slwh_houzixd"},{"time":1.8333,"name":"slwh_houzixd"},{"time":3.0333,"name":null}]},"slwh_houzixd38":{"color":[{"time":0,"color":"ffffff00","curve":"stepped"},{"time":1.8333,"color":"ffffff00","curve":[0.271,0,0.619,0.41]},{"time":2.1667,"color":"fffffffe","curve":"stepped"},{"time":2.2333,"color":"fffffffe","curve":[0.351,0.4,0.757,1]},{"time":2.3333,"color":"ffffff3c","curve":[0.332,0.33,0.668,0.67]},{"time":2.5,"color":"ffffff80","curve":[0.341,0.36,0.678,0.7]},{"time":2.6667,"color":"ffffff22","curve":[0.352,0.41,0.689,0.76]},{"time":2.8333,"color":"ffffff4a","curve":[0.367,0.63,0.705,1]},{"time":3,"color":"ffffff00","curve":"stepped"},{"time":3.0333,"color":"ffffff00"}],"attachment":[{"time":0,"name":"slwh_houzixd"},{"time":1.8333,"name":"slwh_houzixd"},{"time":3.0333,"name":null}]},"slwh_houzixd39":{"color":[{"time":0,"color":"ffffff00","curve":"stepped"},{"time":1.8667,"color":"ffffff00","curve":[0.271,0,0.619,0.41]},{"time":2.2,"color":"fffffffe","curve":"stepped"},{"time":2.2667,"color":"fffffffe","curve":[0.351,0.4,0.757,1]},{"time":2.3667,"color":"ffffff3c","curve":[0.332,0.33,0.668,0.67]},{"time":2.5333,"color":"ffffff80","curve":[0.341,0.36,0.678,0.7]},{"time":2.7,"color":"ffffff22","curve":[0.352,0.41,0.689,0.76]},{"time":2.8667,"color":"ffffff4a","curve":[0.367,0.63,0.705,1]},{"time":3.0333,"color":"ffffff00","curve":"stepped"},{"time":3.0667,"color":"ffffff00"}],"attachment":[{"time":0,"name":"slwh_houzixd"},{"time":1.8667,"name":"slwh_houzixd"},{"time":3.0667,"name":null}]},"slwh_houzixd40":{"color":[{"time":0,"color":"ffffff00","curve":"stepped"},{"time":1.9,"color":"ffffff00","curve":[0.271,0,0.619,0.41]},{"time":2.2333,"color":"fffffffe","curve":"stepped"},{"time":2.3,"color":"fffffffe","curve":[0.351,0.4,0.757,1]},{"time":2.4,"color":"ffffff3c","curve":[0.332,0.33,0.668,0.67]},{"time":2.5667,"color":"ffffff80","curve":[0.341,0.36,0.678,0.7]},{"time":2.7333,"color":"ffffff22","curve":[0.352,0.41,0.689,0.76]},{"time":2.9,"color":"ffffff4a","curve":[0.367,0.63,0.705,1]},{"time":3.0667,"color":"ffffff00","curve":"stepped"},{"time":3.1,"color":"ffffff00"}],"attachment":[{"time":0,"name":"slwh_houzixd"},{"time":1.9,"name":"slwh_houzixd"},{"time":3.1,"name":null}]},"slwh_houzixd41":{"color":[{"time":0,"color":"ffffff00","curve":"stepped"},{"time":1.8667,"color":"ffffff00","curve":[0.271,0,0.619,0.41]},{"time":2.2,"color":"fffffffe","curve":"stepped"},{"time":2.2667,"color":"fffffffe","curve":[0.351,0.4,0.757,1]},{"time":2.3667,"color":"ffffff3c","curve":[0.332,0.33,0.668,0.67]},{"time":2.5333,"color":"ffffff80","curve":[0.341,0.36,0.678,0.7]},{"time":2.7,"color":"ffffff22","curve":[0.352,0.41,0.689,0.76]},{"time":2.8667,"color":"ffffff4a","curve":[0.367,0.63,0.705,1]},{"time":3.0333,"color":"ffffff00","curve":"stepped"},{"time":3.0667,"color":"ffffff00"}],"attachment":[{"time":0,"name":"slwh_houzixd"},{"time":1.8667,"name":"slwh_houzixd"},{"time":3.0667,"name":null}]},"slwh_houzixd42":{"color":[{"time":0,"color":"ffffff00","curve":"stepped"},{"time":1.9333,"color":"ffffff00","curve":[0.311,0.8,0.582,1]},{"time":2.2333,"color":"fffffffe","curve":"stepped"},{"time":2.3333,"color":"fffffffe","curve":[0.351,0.4,0.757,1]},{"time":2.4,"color":"ffffff3c","curve":[0.332,0.33,0.668,0.67]},{"time":2.5667,"color":"ffffff80","curve":[0.341,0.36,0.678,0.7]},{"time":2.7333,"color":"ffffff22","curve":[0.352,0.41,0.689,0.76]},{"time":2.9,"color":"ffffff4a","curve":[0.367,0.63,0.705,1]},{"time":3.0667,"color":"ffffff00","curve":"stepped"},{"time":3.1333,"color":"ffffff00"}],"attachment":[{"time":0,"name":"slwh_houzixd"},{"time":1.9333,"name":"slwh_houzixd"},{"time":3.1333,"name":null}]},"slwh_houzixd43":{"color":[{"time":0,"color":"ffffff00","curve":"stepped"},{"time":2,"color":"ffffff00","curve":[0.311,0.8,0.582,1]},{"time":2.3,"color":"fffffffe","curve":"stepped"},{"time":2.4,"color":"fffffffe","curve":[0.351,0.4,0.757,1]},{"time":2.4667,"color":"ffffff3c","curve":[0.332,0.33,0.668,0.67]},{"time":2.6333,"color":"ffffff80","curve":[0.341,0.36,0.678,0.7]},{"time":2.8,"color":"ffffff22","curve":[0.352,0.41,0.689,0.76]},{"time":2.9667,"color":"ffffff4a","curve":[0.367,0.63,0.705,1]},{"time":3.1333,"color":"ffffff00","curve":"stepped"},{"time":3.2,"color":"ffffff00"}],"attachment":[{"time":0,"name":"slwh_houzixd"},{"time":2,"name":"slwh_houzixd"},{"time":3.2,"name":null}]},"slwh_houzixd44":{"color":[{"time":0,"color":"ffffff00","curve":"stepped"},{"time":2.0667,"color":"ffffff00","curve":[0.311,0.8,0.582,1]},{"time":2.3667,"color":"fffffffe","curve":"stepped"},{"time":2.4667,"color":"fffffffe","curve":[0.351,0.4,0.757,1]},{"time":2.5333,"color":"ffffff3c","curve":[0.332,0.33,0.668,0.67]},{"time":2.7,"color":"ffffff80","curve":[0.341,0.36,0.678,0.7]},{"time":2.8667,"color":"ffffff22","curve":[0.352,0.41,0.689,0.76]},{"time":3.0333,"color":"ffffff4a","curve":[0.367,0.63,0.705,1]},{"time":3.2,"color":"ffffff00","curve":"stepped"},{"time":3.2667,"color":"ffffff00"}],"attachment":[{"time":0,"name":"slwh_houzixd"},{"time":2.0667,"name":"slwh_houzixd"},{"time":3.2667,"name":null}]},"slwh_houzixd45":{"color":[{"time":0,"color":"ffffff00","curve":"stepped"},{"time":2.1333,"color":"ffffff00","curve":[0.311,0.8,0.582,1]},{"time":2.4333,"color":"fffffffe","curve":"stepped"},{"time":2.5333,"color":"fffffffe","curve":[0.351,0.4,0.757,1]},{"time":2.6,"color":"ffffff3c","curve":[0.332,0.33,0.668,0.67]},{"time":2.7667,"color":"ffffff80","curve":[0.341,0.36,0.678,0.7]},{"time":2.9333,"color":"ffffff22","curve":[0.352,0.41,0.689,0.76]},{"time":3.1,"color":"ffffff4a","curve":[0.367,0.63,0.705,1]},{"time":3.2667,"color":"ffffff00","curve":"stepped"},{"time":3.3333,"color":"ffffff00"}],"attachment":[{"time":0,"name":"slwh_houzixd"},{"time":2.1333,"name":"slwh_houzixd"},{"time":3.3333,"name":null}]},"slwh_houzixd46":{"color":[{"time":0,"color":"ffffff00","curve":"stepped"},{"time":2.1333,"color":"ffffff00","curve":[0.311,0.8,0.582,1]},{"time":2.4333,"color":"fffffffe","curve":"stepped"},{"time":2.5333,"color":"fffffffe","curve":[0.351,0.4,0.757,1]},{"time":2.6,"color":"ffffff3c","curve":[0.332,0.33,0.668,0.67]},{"time":2.7667,"color":"ffffff80","curve":[0.341,0.36,0.678,0.7]},{"time":2.9333,"color":"ffffff22","curve":[0.352,0.41,0.689,0.76]},{"time":3.1,"color":"ffffff4a","curve":[0.367,0.63,0.705,1]},{"time":3.2667,"color":"ffffff00","curve":"stepped"},{"time":3.3333,"color":"ffffff00"}],"attachment":[{"time":0,"name":"slwh_houzixd"},{"time":2.1333,"name":"slwh_houzixd"},{"time":3.3333,"name":null}]},"slwh_houzixd47":{"color":[{"time":0,"color":"ffffff00","curve":"stepped"},{"time":2.1333,"color":"ffffff00","curve":[0.311,0.8,0.582,1]},{"time":2.4333,"color":"fffffffe","curve":"stepped"},{"time":2.5333,"color":"fffffffe","curve":[0.351,0.4,0.757,1]},{"time":2.6,"color":"ffffff3c","curve":[0.332,0.33,0.668,0.67]},{"time":2.7667,"color":"ffffff80","curve":[0.341,0.36,0.678,0.7]},{"time":2.9333,"color":"ffffff22","curve":[0.352,0.41,0.689,0.76]},{"time":3.1,"color":"ffffff4a","curve":[0.367,0.63,0.705,1]},{"time":3.2667,"color":"ffffff00","curve":"stepped"},{"time":3.3333,"color":"ffffff00"}],"attachment":[{"time":0,"name":"slwh_houzixd"},{"time":2.1333,"name":"slwh_houzixd"},{"time":3.3333,"name":null}]},"slwh_houzixd48":{"color":[{"time":0,"color":"ffffff00","curve":"stepped"},{"time":2.2333,"color":"ffffff00","curve":[0.311,0.8,0.582,1]},{"time":2.5333,"color":"fffffffe","curve":"stepped"},{"time":2.6333,"color":"fffffffe","curve":[0.351,0.4,0.757,1]},{"time":2.7,"color":"ffffff3c","curve":[0.332,0.33,0.668,0.67]},{"time":2.8667,"color":"ffffff80","curve":[0.341,0.36,0.678,0.7]},{"time":3.0333,"color":"ffffff22","curve":[0.352,0.41,0.689,0.76]},{"time":3.2,"color":"ffffff4a","curve":[0.367,0.63,0.705,1]},{"time":3.3667,"color":"ffffff00","curve":"stepped"},{"time":3.4333,"color":"ffffff00"}],"attachment":[{"time":0,"name":"slwh_houzixd"},{"time":2.2333,"name":"slwh_houzixd"},{"time":3.4333,"name":null}]},"slwh_houzixd49":{"color":[{"time":0,"color":"ffffff00","curve":"stepped"},{"time":2.3,"color":"ffffff00","curve":[0.311,0.8,0.582,1]},{"time":2.6,"color":"fffffffe","curve":"stepped"},{"time":2.7,"color":"fffffffe","curve":[0.351,0.4,0.757,1]},{"time":2.7667,"color":"ffffff3c","curve":[0.332,0.33,0.668,0.67]},{"time":2.9333,"color":"ffffff80","curve":[0.341,0.36,0.678,0.7]},{"time":3.1,"color":"ffffff22","curve":[0.352,0.41,0.689,0.76]},{"time":3.2667,"color":"ffffff4a","curve":[0.367,0.63,0.705,1]},{"time":3.4333,"color":"ffffff00","curve":"stepped"},{"time":3.5,"color":"ffffff00"}],"attachment":[{"time":0,"name":"slwh_houzixd"},{"time":2.3,"name":"slwh_houzixd"},{"time":3.5,"name":null}]},"slwh_houzixd50":{"color":[{"time":0,"color":"ffffff00","curve":"stepped"},{"time":2.3,"color":"ffffff00","curve":[0.311,0.8,0.582,1]},{"time":2.6,"color":"fffffffe","curve":"stepped"},{"time":2.7,"color":"fffffffe","curve":[0.351,0.4,0.757,1]},{"time":2.7667,"color":"ffffff3c","curve":[0.332,0.33,0.668,0.67]},{"time":2.9333,"color":"ffffff80","curve":[0.341,0.36,0.678,0.7]},{"time":3.1,"color":"ffffff22","curve":[0.352,0.41,0.689,0.76]},{"time":3.2667,"color":"ffffff4a","curve":[0.367,0.63,0.705,1]},{"time":3.4333,"color":"ffffff00","curve":"stepped"},{"time":3.5,"color":"ffffff00"}],"attachment":[{"time":0,"name":"slwh_houzixd"},{"time":2.3,"name":"slwh_houzixd"},{"time":3.5,"name":null}]},"slwh_houzixd51":{"color":[{"time":0,"color":"ffffff00","curve":"stepped"},{"time":2.3667,"color":"ffffff00","curve":[0.311,0.8,0.582,1]},{"time":2.6667,"color":"fffffffe","curve":"stepped"},{"time":2.7667,"color":"fffffffe","curve":[0.351,0.4,0.757,1]},{"time":2.8333,"color":"ffffff3c","curve":[0.332,0.33,0.668,0.67]},{"time":3,"color":"ffffff80","curve":[0.341,0.36,0.678,0.7]},{"time":3.1667,"color":"ffffff22","curve":[0.352,0.41,0.689,0.76]},{"time":3.3333,"color":"ffffff4a","curve":[0.367,0.63,0.705,1]},{"time":3.5,"color":"ffffff00","curve":"stepped"},{"time":3.5667,"color":"ffffff00"}],"attachment":[{"time":0,"name":"slwh_houzixd"},{"time":2.3667,"name":"slwh_houzixd"},{"time":3.5667,"name":null}]},"slwh_houzixd52":{"color":[{"time":0,"color":"ffffff00","curve":"stepped"},{"time":2.4,"color":"ffffff00","curve":[0.311,0.8,0.582,1]},{"time":2.7,"color":"fffffffe","curve":"stepped"},{"time":2.8,"color":"fffffffe","curve":[0.351,0.4,0.757,1]},{"time":2.8667,"color":"ffffff3c","curve":[0.332,0.33,0.668,0.67]},{"time":3.0333,"color":"ffffff80","curve":[0.341,0.36,0.678,0.7]},{"time":3.2,"color":"ffffff22","curve":[0.352,0.41,0.689,0.76]},{"time":3.3667,"color":"ffffff4a","curve":[0.367,0.63,0.705,1]},{"time":3.5333,"color":"ffffff00","curve":"stepped"},{"time":3.6,"color":"ffffff00"}],"attachment":[{"time":0,"name":"slwh_houzixd"},{"time":2.4,"name":"slwh_houzixd"},{"time":3.6,"name":null}]},"slwh_houzixd53":{"color":[{"time":0,"color":"ffffff00","curve":"stepped"},{"time":2.5333,"color":"ffffff00","curve":[0.311,0.8,0.582,1]},{"time":2.8333,"color":"fffffffe","curve":"stepped"},{"time":2.9333,"color":"fffffffe","curve":[0.351,0.4,0.757,1]},{"time":3,"color":"ffffff3c","curve":[0.332,0.33,0.668,0.67]},{"time":3.1667,"color":"ffffff80","curve":[0.341,0.36,0.678,0.7]},{"time":3.3333,"color":"ffffff22","curve":[0.352,0.41,0.689,0.76]},{"time":3.5,"color":"ffffff4a","curve":[0.367,0.63,0.705,1]},{"time":3.6667,"color":"ffffff00","curve":"stepped"},{"time":3.7333,"color":"ffffff00"}],"attachment":[{"time":0,"name":"slwh_houzixd"},{"time":2.5333,"name":"slwh_houzixd"},{"time":3.7333,"name":null}]},"slwh_houzixd54":{"color":[{"time":0,"color":"ffffff00","curve":"stepped"},{"time":2.6,"color":"ffffff00","curve":[0.311,0.8,0.582,1]},{"time":2.9,"color":"fffffffe","curve":"stepped"},{"time":3,"color":"fffffffe","curve":[0.351,0.4,0.757,1]},{"time":3.0667,"color":"ffffff3c","curve":[0.332,0.33,0.668,0.67]},{"time":3.2333,"color":"ffffff80","curve":[0.341,0.36,0.678,0.7]},{"time":3.4,"color":"ffffff22","curve":[0.352,0.41,0.689,0.76]},{"time":3.5667,"color":"ffffff4a","curve":[0.367,0.63,0.705,1]},{"time":3.7333,"color":"ffffff00","curve":"stepped"},{"time":3.8,"color":"ffffff00"}],"attachment":[{"time":0,"name":"slwh_houzixd"},{"time":2.6,"name":"slwh_houzixd"},{"time":3.8,"name":null}]},"slwh_houzixd55":{"color":[{"time":0,"color":"ffffff00","curve":"stepped"},{"time":2.6333,"color":"ffffff00","curve":[0.311,0.8,0.582,1]},{"time":2.9333,"color":"fffffffe","curve":"stepped"},{"time":3.0333,"color":"fffffffe","curve":[0.351,0.4,0.757,1]},{"time":3.1,"color":"ffffff3c","curve":[0.332,0.33,0.668,0.67]},{"time":3.2667,"color":"ffffff80","curve":[0.341,0.36,0.678,0.7]},{"time":3.4333,"color":"ffffff22","curve":[0.352,0.41,0.689,0.76]},{"time":3.6,"color":"ffffff4a","curve":[0.367,0.63,0.705,1]},{"time":3.7667,"color":"ffffff00","curve":"stepped"},{"time":3.8333,"color":"ffffff00"}],"attachment":[{"time":0,"name":"slwh_houzixd"},{"time":2.6333,"name":"slwh_houzixd"},{"time":3.8333,"name":null}]},"slwh_houzixd56":{"color":[{"time":0,"color":"ffffff00","curve":"stepped"},{"time":2.7,"color":"ffffff00","curve":[0.311,0.8,0.582,1]},{"time":3,"color":"fffffffe","curve":"stepped"},{"time":3.1,"color":"fffffffe","curve":[0.351,0.4,0.757,1]},{"time":3.1667,"color":"ffffff3c","curve":[0.332,0.33,0.668,0.67]},{"time":3.3333,"color":"ffffff80","curve":[0.341,0.36,0.678,0.7]},{"time":3.5,"color":"ffffff22","curve":[0.352,0.41,0.689,0.76]},{"time":3.6667,"color":"ffffff4a","curve":[0.367,0.63,0.705,1]},{"time":3.8333,"color":"ffffff00","curve":"stepped"},{"time":3.9,"color":"ffffff00"}],"attachment":[{"time":0,"name":"slwh_houzixd"},{"time":2.7,"name":"slwh_houzixd"},{"time":3.9,"name":null}]},"slwh_houzixd57":{"color":[{"time":0,"color":"ffffff00","curve":"stepped"},{"time":2.8,"color":"ffffff00","curve":[0.311,0.8,0.582,1]},{"time":3.1,"color":"fffffffe","curve":"stepped"},{"time":3.2,"color":"fffffffe","curve":[0.351,0.4,0.757,1]},{"time":3.2667,"color":"ffffff3c","curve":[0.332,0.33,0.668,0.67]},{"time":3.4333,"color":"ffffff80","curve":[0.341,0.36,0.678,0.7]},{"time":3.6,"color":"ffffff22","curve":[0.352,0.41,0.689,0.76]},{"time":3.7667,"color":"ffffff4a","curve":[0.367,0.63,0.705,1]},{"time":3.9333,"color":"ffffff00","curve":"stepped"},{"time":4,"color":"ffffff00"}],"attachment":[{"time":0,"name":"slwh_houzixd"},{"time":2.8,"name":"slwh_houzixd"},{"time":4,"name":null}]},"slwh_houzixd58":{"color":[{"time":0,"color":"ffffff00","curve":"stepped"},{"time":2.8,"color":"ffffff00","curve":[0.311,0.8,0.582,1]},{"time":3.1,"color":"fffffffe","curve":"stepped"},{"time":3.2,"color":"fffffffe","curve":[0.351,0.4,0.757,1]},{"time":3.2667,"color":"ffffff3c","curve":[0.332,0.33,0.668,0.67]},{"time":3.4333,"color":"ffffff80","curve":[0.341,0.36,0.678,0.7]},{"time":3.6,"color":"ffffff22","curve":[0.352,0.41,0.689,0.76]},{"time":3.7667,"color":"ffffff4a","curve":[0.367,0.63,0.705,1]},{"time":3.9333,"color":"ffffff00","curve":"stepped"},{"time":4,"color":"ffffff00"}],"attachment":[{"time":0,"name":"slwh_houzixd"},{"time":2.8,"name":"slwh_houzixd"},{"time":4,"name":null}]},"slwh_houzixd59":{"color":[{"time":0,"color":"ffffff00","curve":"stepped"},{"time":2.9667,"color":"ffffff00","curve":[0.311,0.8,0.582,1]},{"time":3.2667,"color":"fffffffe","curve":"stepped"},{"time":3.3667,"color":"fffffffe","curve":[0.351,0.4,0.757,1]},{"time":3.4333,"color":"ffffff3c","curve":[0.332,0.33,0.668,0.67]},{"time":3.6,"color":"ffffff80","curve":[0.341,0.36,0.678,0.7]},{"time":3.7667,"color":"ffffff22","curve":[0.352,0.41,0.689,0.76]},{"time":3.9333,"color":"ffffff4a","curve":[0.367,0.63,0.705,1]},{"time":4.1,"color":"ffffff00","curve":"stepped"},{"time":4.1667,"color":"ffffff00"}],"attachment":[{"time":0,"name":"slwh_houzixd"},{"time":2.9667,"name":"slwh_houzixd"},{"time":4.1667,"name":null}]},"slwh_houzixd60":{"color":[{"time":0,"color":"ffffff00","curve":"stepped"},{"time":2.9667,"color":"ffffff00","curve":[0.311,0.8,0.582,1]},{"time":3.2667,"color":"fffffffe","curve":"stepped"},{"time":3.3667,"color":"fffffffe","curve":[0.351,0.4,0.757,1]},{"time":3.4333,"color":"ffffff3c","curve":[0.332,0.33,0.668,0.67]},{"time":3.6,"color":"ffffff80","curve":[0.341,0.36,0.678,0.7]},{"time":3.7667,"color":"ffffff22","curve":[0.352,0.41,0.689,0.76]},{"time":3.9333,"color":"ffffff4a","curve":[0.367,0.63,0.705,1]},{"time":4.1,"color":"ffffff00","curve":"stepped"},{"time":4.1667,"color":"ffffff00"}],"attachment":[{"time":0,"name":"slwh_houzixd"},{"time":2.9667,"name":"slwh_houzixd"},{"time":4.1667,"name":null}]},"slwh_houzixd61":{"color":[{"time":0,"color":"ffffff00","curve":"stepped"},{"time":3.3,"color":"ffffff00","curve":[0.311,0.8,0.582,1]},{"time":3.6,"color":"fffffffe","curve":"stepped"},{"time":3.7,"color":"fffffffe","curve":[0.351,0.4,0.757,1]},{"time":3.7667,"color":"ffffff3c","curve":[0.332,0.33,0.668,0.67]},{"time":3.9333,"color":"ffffff80","curve":[0.341,0.36,0.678,0.7]},{"time":4.1,"color":"ffffff22","curve":[0.352,0.41,0.689,0.76]},{"time":4.2667,"color":"ffffff4a","curve":[0.367,0.63,0.705,1]},{"time":4.4333,"color":"ffffff00","curve":"stepped"},{"time":4.5,"color":"ffffff00"}],"attachment":[{"time":0,"name":"slwh_houzixd"},{"time":3.3,"name":"slwh_houzixd"},{"time":4.5,"name":null}]},"slwh_houzixd62":{"color":[{"time":0,"color":"ffffff00","curve":"stepped"},{"time":3.3667,"color":"ffffff00","curve":[0.311,0.8,0.582,1]},{"time":3.6667,"color":"fffffffe","curve":"stepped"},{"time":3.7667,"color":"fffffffe","curve":[0.351,0.4,0.757,1]},{"time":3.8333,"color":"ffffff3c","curve":[0.332,0.33,0.668,0.67]},{"time":4,"color":"ffffff80","curve":[0.341,0.36,0.678,0.7]},{"time":4.1667,"color":"ffffff22","curve":[0.352,0.41,0.689,0.76]},{"time":4.3333,"color":"ffffff4a","curve":[0.367,0.63,0.705,1]},{"time":4.5,"color":"ffffff00","curve":"stepped"},{"time":4.5667,"color":"ffffff00"}],"attachment":[{"time":0,"name":"slwh_houzixd"},{"time":3.3667,"name":"slwh_houzixd"},{"time":4.5667,"name":null}]},"slwh_houzixd63":{"color":[{"time":0,"color":"ffffff00","curve":"stepped"},{"time":3.4333,"color":"ffffff00","curve":[0.311,0.8,0.582,1]},{"time":3.7333,"color":"fffffffe","curve":"stepped"},{"time":3.8333,"color":"fffffffe","curve":[0.351,0.4,0.757,1]},{"time":3.9,"color":"ffffff3c","curve":[0.332,0.33,0.668,0.67]},{"time":4.0667,"color":"ffffff80","curve":[0.341,0.36,0.678,0.7]},{"time":4.2333,"color":"ffffff22","curve":[0.352,0.41,0.689,0.76]},{"time":4.4,"color":"ffffff4a","curve":[0.367,0.63,0.705,1]},{"time":4.5667,"color":"ffffff00","curve":"stepped"},{"time":4.6333,"color":"ffffff00"}],"attachment":[{"time":0,"name":"slwh_houzixd"},{"time":3.4333,"name":"slwh_houzixd"},{"time":4.6333,"name":null}]},"slwh_houzixd64":{"color":[{"time":0,"color":"ffffff00","curve":"stepped"},{"time":3.4333,"color":"ffffff00","curve":[0.311,0.8,0.582,1]},{"time":3.7333,"color":"fffffffe","curve":"stepped"},{"time":3.8333,"color":"fffffffe","curve":[0.351,0.4,0.757,1]},{"time":3.9,"color":"ffffff3c","curve":[0.332,0.33,0.668,0.67]},{"time":4.0667,"color":"ffffff80","curve":[0.341,0.36,0.678,0.7]},{"time":4.2333,"color":"ffffff22","curve":[0.352,0.41,0.689,0.76]},{"time":4.4,"color":"ffffff4a","curve":[0.367,0.63,0.705,1]},{"time":4.5667,"color":"ffffff00","curve":"stepped"},{"time":4.6333,"color":"ffffff00"}],"attachment":[{"time":0,"name":"slwh_houzixd"},{"time":3.4333,"name":"slwh_houzixd"},{"time":4.6333,"name":null}]},"slwh_houzixd65":{"color":[{"time":0,"color":"ffffff00","curve":"stepped"},{"time":3.5667,"color":"ffffff00","curve":[0.311,0.8,0.582,1]},{"time":3.8667,"color":"fffffffe","curve":"stepped"},{"time":3.9667,"color":"fffffffe","curve":[0.351,0.4,0.757,1]},{"time":4.0333,"color":"ffffff3c","curve":[0.332,0.33,0.668,0.67]},{"time":4.2,"color":"ffffff80","curve":[0.341,0.36,0.678,0.7]},{"time":4.3667,"color":"ffffff22","curve":[0.352,0.41,0.689,0.76]},{"time":4.5333,"color":"ffffff4a","curve":[0.367,0.63,0.705,1]},{"time":4.7,"color":"ffffff00","curve":"stepped"},{"time":4.7667,"color":"ffffff00"}],"attachment":[{"time":0,"name":"slwh_houzixd"},{"time":3.5667,"name":"slwh_houzixd"},{"time":4.7667,"name":null}]},"slwh_houzixd66":{"color":[{"time":0,"color":"ffffff00","curve":"stepped"},{"time":3.5667,"color":"ffffff00","curve":[0.311,0.8,0.582,1]},{"time":3.8667,"color":"fffffffe","curve":"stepped"},{"time":3.9667,"color":"fffffffe","curve":[0.351,0.4,0.757,1]},{"time":4.0333,"color":"ffffff3c","curve":[0.332,0.33,0.668,0.67]},{"time":4.2,"color":"ffffff80","curve":[0.341,0.36,0.678,0.7]},{"time":4.3667,"color":"ffffff22","curve":[0.352,0.41,0.689,0.76]},{"time":4.5333,"color":"ffffff4a","curve":[0.367,0.63,0.705,1]},{"time":4.7,"color":"ffffff00","curve":"stepped"},{"time":4.7667,"color":"ffffff00"}],"attachment":[{"time":0,"name":"slwh_houzixd"},{"time":3.5667,"name":"slwh_houzixd"},{"time":4.7667,"name":null}]}},"bones":{"slwh_houzixd5":{"rotate":[{"time":0,"angle":0,"curve":"stepped"},{"time":0.2,"angle":0,"curve":[0.311,0.8,0.582,1]},{"time":1.3667,"angle":-15}],"translate":[{"time":0,"x":0,"y":0,"curve":"stepped"},{"time":0.2,"x":0,"y":0,"curve":[0.311,0.8,0.582,1]},{"time":1.3667,"x":1.61,"y":-17.22}]},"slwh_houzixd6":{"rotate":[{"time":0,"angle":0,"curve":"stepped"},{"time":0.2667,"angle":0,"curve":[0.311,0.8,0.582,1]},{"time":1.4333,"angle":-15}],"translate":[{"time":0,"x":0,"y":0,"curve":"stepped"},{"time":0.2667,"x":0,"y":0,"curve":[0.311,0.8,0.582,1]},{"time":1.4333,"x":1.61,"y":-17.22}]},"slwh_houzixd7":{"rotate":[{"time":0,"angle":0,"curve":"stepped"},{"time":0.3,"angle":0,"curve":[0.311,0.8,0.582,1]},{"time":1.4667,"angle":-15}],"translate":[{"time":0,"x":0,"y":0,"curve":"stepped"},{"time":0.3,"x":0,"y":0,"curve":[0.311,0.8,0.582,1]},{"time":1.4667,"x":1.61,"y":-17.22}]},"slwh_houzixd8":{"rotate":[{"time":0,"angle":0,"curve":"stepped"},{"time":0.3333,"angle":0,"curve":[0.311,0.8,0.582,1]},{"time":1.5,"angle":-15}],"translate":[{"time":0,"x":0,"y":0,"curve":"stepped"},{"time":0.3333,"x":0,"y":0,"curve":[0.311,0.8,0.582,1]},{"time":1.5,"x":1.61,"y":-17.22}]},"slwh_houzixd9":{"rotate":[{"time":0,"angle":0,"curve":"stepped"},{"time":0.4,"angle":0,"curve":[0.311,0.8,0.582,1]},{"time":1.5667,"angle":-15}],"translate":[{"time":0,"x":0,"y":0,"curve":"stepped"},{"time":0.4,"x":0,"y":0,"curve":[0.311,0.8,0.582,1]},{"time":1.5667,"x":1.61,"y":-17.22}]},"slwh_houzixd10":{"rotate":[{"time":0,"angle":0,"curve":"stepped"},{"time":0.5,"angle":0,"curve":[0.311,0.8,0.582,1]},{"time":1.5667,"angle":-15}],"translate":[{"time":0,"x":0,"y":0,"curve":"stepped"},{"time":0.5,"x":0,"y":0,"curve":[0.311,0.8,0.582,1]},{"time":1.5667,"x":1.61,"y":-17.22}]},"slwh_houzixd11":{"rotate":[{"time":0,"angle":0,"curve":"stepped"},{"time":0.5333,"angle":0,"curve":[0.311,0.8,0.582,1]},{"time":1.6,"angle":-15}],"translate":[{"time":0,"x":0,"y":0,"curve":"stepped"},{"time":0.5333,"x":0,"y":0,"curve":[0.311,0.8,0.582,1]},{"time":1.6,"x":1.61,"y":-17.22}]},"slwh_houzixd12":{"rotate":[{"time":0,"angle":0,"curve":"stepped"},{"time":0.6,"angle":0,"curve":[0.311,0.8,0.582,1]},{"time":1.7667,"angle":-15}],"translate":[{"time":0,"x":0,"y":0,"curve":"stepped"},{"time":0.6,"x":0,"y":0,"curve":[0.311,0.8,0.582,1]},{"time":1.7667,"x":1.61,"y":-17.22}]},"slwh_houzixd13":{"rotate":[{"time":0,"angle":0,"curve":"stepped"},{"time":0.6,"angle":0,"curve":[0.311,0.8,0.582,1]},{"time":1.7667,"angle":-15}],"translate":[{"time":0,"x":0,"y":0,"curve":"stepped"},{"time":0.6,"x":0,"y":0,"curve":[0.311,0.8,0.582,1]},{"time":1.7667,"x":1.61,"y":-17.22}]},"slwh_houzixd14":{"rotate":[{"time":0,"angle":0,"curve":"stepped"},{"time":0.7,"angle":0,"curve":[0.311,0.8,0.582,1]},{"time":1.8667,"angle":-15}],"translate":[{"time":0,"x":0,"y":0,"curve":"stepped"},{"time":0.7,"x":0,"y":0,"curve":[0.311,0.8,0.582,1]},{"time":1.8667,"x":1.61,"y":-17.22}]},"slwh_houzixd15":{"rotate":[{"time":0,"angle":0,"curve":"stepped"},{"time":0.6667,"angle":0,"curve":[0.311,0.8,0.582,1]},{"time":1.8333,"angle":-15}],"translate":[{"time":0,"x":0,"y":0,"curve":"stepped"},{"time":0.6667,"x":0,"y":0,"curve":[0.311,0.8,0.582,1]},{"time":1.8333,"x":1.61,"y":-17.22}]},"slwh_houzixd16":{"rotate":[{"time":0,"angle":0,"curve":"stepped"},{"time":0.8,"angle":0,"curve":[0.311,0.8,0.582,1]},{"time":1.9667,"angle":-15}],"translate":[{"time":0,"x":0,"y":0,"curve":"stepped"},{"time":0.8,"x":0,"y":0,"curve":[0.311,0.8,0.582,1]},{"time":1.9667,"x":1.61,"y":-17.22}]},"slwh_houzixd17":{"rotate":[{"time":0,"angle":0,"curve":"stepped"},{"time":0.7667,"angle":0,"curve":[0.311,0.8,0.582,1]},{"time":1.9333,"angle":-15}],"translate":[{"time":0,"x":0,"y":0,"curve":"stepped"},{"time":0.7667,"x":0,"y":0,"curve":[0.311,0.8,0.582,1]},{"time":1.9333,"x":1.61,"y":-17.22}]},"slwh_houzixd18":{"rotate":[{"time":0,"angle":0,"curve":"stepped"},{"time":0.8667,"angle":0,"curve":[0.311,0.8,0.582,1]},{"time":2.0333,"angle":-15}],"translate":[{"time":0,"x":0,"y":0,"curve":"stepped"},{"time":0.8667,"x":0,"y":0,"curve":[0.311,0.8,0.582,1]},{"time":2.0333,"x":1.61,"y":-17.22}]},"slwh_houzixd19":{"rotate":[{"time":0,"angle":0,"curve":"stepped"},{"time":0.9,"angle":0,"curve":[0.311,0.8,0.582,1]},{"time":2.0667,"angle":-15}],"translate":[{"time":0,"x":0,"y":0,"curve":"stepped"},{"time":0.9,"x":0,"y":0,"curve":[0.311,0.8,0.582,1]},{"time":2.0667,"x":1.61,"y":-17.22}]},"slwh_houzixd20":{"rotate":[{"time":0,"angle":0,"curve":"stepped"},{"time":1,"angle":0,"curve":[0.311,0.8,0.582,1]},{"time":2.1667,"angle":-15}],"translate":[{"time":0,"x":0,"y":0,"curve":"stepped"},{"time":1,"x":0,"y":0,"curve":[0.311,0.8,0.582,1]},{"time":2.1667,"x":1.61,"y":-17.22}]},"slwh_houzixd21":{"rotate":[{"time":0,"angle":0,"curve":"stepped"},{"time":1,"angle":0,"curve":[0.311,0.8,0.582,1]},{"time":2.1667,"angle":-15}],"translate":[{"time":0,"x":0,"y":0,"curve":"stepped"},{"time":1,"x":0,"y":0,"curve":[0.311,0.8,0.582,1]},{"time":2.1667,"x":1.61,"y":-17.22}]},"slwh_houzixd22":{"rotate":[{"time":0,"angle":0,"curve":"stepped"},{"time":1.0333,"angle":0,"curve":[0.311,0.8,0.582,1]},{"time":2.1,"angle":-15}],"translate":[{"time":0,"x":0,"y":0,"curve":"stepped"},{"time":1.0333,"x":0,"y":0,"curve":[0.311,0.8,0.582,1]},{"time":2.1,"x":1.61,"y":-17.22}]},"slwh_houzixd23":{"rotate":[{"time":0,"angle":0,"curve":"stepped"},{"time":1.0667,"angle":0,"curve":[0.311,0.8,0.582,1]},{"time":2.1333,"angle":-15}],"translate":[{"time":0,"x":0,"y":0,"curve":"stepped"},{"time":1.0667,"x":0,"y":0,"curve":[0.311,0.8,0.582,1]},{"time":2.1333,"x":1.61,"y":-17.22}]},"slwh_houzixd24":{"rotate":[{"time":0,"angle":0,"curve":"stepped"},{"time":1.1333,"angle":0,"curve":[0.311,0.8,0.582,1]},{"time":2.2,"angle":-15}],"translate":[{"time":0,"x":0,"y":0,"curve":"stepped"},{"time":1.1333,"x":0,"y":0,"curve":[0.311,0.8,0.582,1]},{"time":2.2,"x":1.61,"y":-17.22}]},"slwh_houzixd25":{"rotate":[{"time":0,"angle":0,"curve":"stepped"},{"time":1.1333,"angle":0,"curve":[0.311,0.8,0.582,1]},{"time":2.2,"angle":-15}],"translate":[{"time":0,"x":0,"y":0,"curve":"stepped"},{"time":1.1333,"x":0,"y":0,"curve":[0.311,0.8,0.582,1]},{"time":2.2,"x":1.61,"y":-17.22}]},"slwh_houzixd26":{"rotate":[{"time":0,"angle":0,"curve":"stepped"},{"time":1.1667,"angle":0,"curve":[0.311,0.8,0.582,1]},{"time":3.4,"angle":-15}],"translate":[{"time":0,"x":0,"y":0,"curve":"stepped"},{"time":1.1667,"x":0,"y":0,"curve":[0.311,0.8,0.582,1]},{"time":3.4,"x":1.61,"y":-17.22}]},"slwh_houzixd27":{"rotate":[{"time":0,"angle":0,"curve":"stepped"},{"time":1.2333,"angle":0,"curve":[0.311,0.8,0.582,1]},{"time":2.3,"angle":-15}],"translate":[{"time":0,"x":0,"y":0,"curve":"stepped"},{"time":1.2333,"x":0,"y":0,"curve":[0.311,0.8,0.582,1]},{"time":2.3,"x":1.61,"y":-17.22}]},"slwh_houzixd28":{"rotate":[{"time":0,"angle":0,"curve":"stepped"},{"time":1.3333,"angle":0,"curve":[0.311,0.8,0.582,1]},{"time":2.4,"angle":-15}],"translate":[{"time":0,"x":0,"y":0,"curve":"stepped"},{"time":1.3333,"x":0,"y":0,"curve":[0.311,0.8,0.582,1]},{"time":2.4,"x":1.61,"y":-17.22}]},"slwh_houzixd29":{"rotate":[{"time":0,"angle":0,"curve":"stepped"},{"time":1.1667,"angle":0,"curve":[0.311,0.8,0.582,1]},{"time":2.2333,"angle":-15}],"translate":[{"time":0,"x":0,"y":0,"curve":"stepped"},{"time":1.1667,"x":0,"y":0,"curve":[0.311,0.8,0.582,1]},{"time":2.2333,"x":1.61,"y":-17.22}]},"slwh_houzixd30":{"rotate":[{"time":0,"angle":0,"curve":"stepped"},{"time":1.4333,"angle":0,"curve":[0.311,0.8,0.582,1]},{"time":2.5,"angle":-15}],"translate":[{"time":0,"x":0,"y":0,"curve":"stepped"},{"time":1.4333,"x":0,"y":0,"curve":[0.311,0.8,0.582,1]},{"time":2.5,"x":1.61,"y":-17.22}]},"slwh_houzixd31":{"rotate":[{"time":0,"angle":0,"curve":"stepped"},{"time":1.4333,"angle":0,"curve":[0.311,0.8,0.582,1]},{"time":2.5,"angle":-15}],"translate":[{"time":0,"x":0,"y":0,"curve":"stepped"},{"time":1.4333,"x":0,"y":0,"curve":[0.311,0.8,0.582,1]},{"time":2.5,"x":1.61,"y":-17.22}]},"slwh_houzixd32":{"rotate":[{"time":0,"angle":0,"curve":"stepped"},{"time":1.4333,"angle":0,"curve":[0.311,0.8,0.582,1]},{"time":2.5,"angle":-15}],"translate":[{"time":0,"x":0,"y":0,"curve":"stepped"},{"time":1.4333,"x":0,"y":0,"curve":[0.311,0.8,0.582,1]},{"time":2.5,"x":1.61,"y":-17.22}]},"slwh_houzixd33":{"rotate":[{"time":0,"angle":0,"curve":"stepped"},{"time":1.4333,"angle":0,"curve":[0.311,0.8,0.582,1]},{"time":2.5,"angle":-15}],"translate":[{"time":0,"x":0,"y":0,"curve":"stepped"},{"time":1.4333,"x":0,"y":0,"curve":[0.311,0.8,0.582,1]},{"time":2.5,"x":1.61,"y":-17.22}]},"slwh_houzixd34":{"rotate":[{"time":0,"angle":0,"curve":"stepped"},{"time":1.5333,"angle":0,"curve":[0.311,0.8,0.582,1]},{"time":2.6,"angle":-15}],"translate":[{"time":0,"x":0,"y":0,"curve":"stepped"},{"time":1.5333,"x":0,"y":0,"curve":[0.311,0.8,0.582,1]},{"time":2.6,"x":1.61,"y":-17.22}]},"slwh_houzixd35":{"rotate":[{"time":0,"angle":0,"curve":"stepped"},{"time":1.6,"angle":0,"curve":[0.311,0.8,0.582,1]},{"time":2.7,"angle":-15}],"translate":[{"time":0,"x":0,"y":0,"curve":"stepped"},{"time":1.6,"x":0,"y":0,"curve":[0.311,0.8,0.582,1]},{"time":2.7,"x":1.61,"y":-17.22}]},"slwh_houzixd36":{"rotate":[{"time":0,"angle":0,"curve":"stepped"},{"time":1.7333,"angle":0,"curve":[0.311,0.8,0.582,1]},{"time":2.8,"angle":-15}],"translate":[{"time":0,"x":0,"y":0,"curve":"stepped"},{"time":1.7333,"x":0,"y":0,"curve":[0.311,0.8,0.582,1]},{"time":2.8333,"x":1.61,"y":-17.22}]},"slwh_houzixd37":{"rotate":[{"time":0,"angle":0,"curve":"stepped"},{"time":1.8333,"angle":0,"curve":[0.311,0.8,0.582,1]},{"time":3,"angle":-15}],"translate":[{"time":0,"x":0,"y":0,"curve":"stepped"},{"time":1.8333,"x":0,"y":0,"curve":[0.311,0.8,0.582,1]},{"time":3.0333,"x":1.61,"y":-17.22}]},"slwh_houzixd38":{"rotate":[{"time":0,"angle":0,"curve":"stepped"},{"time":1.8333,"angle":0,"curve":[0.311,0.8,0.582,1]},{"time":3,"angle":-15}],"translate":[{"time":0,"x":0,"y":0,"curve":"stepped"},{"time":1.8333,"x":0,"y":0,"curve":[0.311,0.8,0.582,1]},{"time":3.0333,"x":1.61,"y":-17.22}]},"slwh_houzixd39":{"rotate":[{"time":0,"angle":0,"curve":"stepped"},{"time":1.8667,"angle":0,"curve":[0.311,0.8,0.582,1]},{"time":3.0333,"angle":-15}],"translate":[{"time":0,"x":0,"y":0,"curve":"stepped"},{"time":1.8667,"x":0,"y":0,"curve":[0.311,0.8,0.582,1]},{"time":3.0667,"x":1.61,"y":-17.22}]},"slwh_houzixd40":{"rotate":[{"time":0,"angle":0,"curve":"stepped"},{"time":1.9,"angle":0,"curve":[0.311,0.8,0.582,1]},{"time":3.0667,"angle":-15}],"translate":[{"time":0,"x":0,"y":0,"curve":"stepped"},{"time":1.9,"x":0,"y":0,"curve":[0.311,0.8,0.582,1]},{"time":3.1,"x":1.61,"y":-17.22}]},"slwh_houzixd41":{"rotate":[{"time":0,"angle":0,"curve":"stepped"},{"time":1.8667,"angle":0,"curve":[0.311,0.8,0.582,1]},{"time":3.0333,"angle":-15}],"translate":[{"time":0,"x":0,"y":0,"curve":"stepped"},{"time":1.8667,"x":0,"y":0,"curve":[0.311,0.8,0.582,1]},{"time":3.0667,"x":1.61,"y":-17.22}]},"slwh_houzixd42":{"rotate":[{"time":0,"angle":0,"curve":"stepped"},{"time":1.9333,"angle":0,"curve":[0.311,0.8,0.582,1]},{"time":3.1,"angle":-15}],"translate":[{"time":0,"x":0,"y":0,"curve":"stepped"},{"time":1.9333,"x":0,"y":0,"curve":[0.311,0.8,0.582,1]},{"time":3.1333,"x":1.61,"y":-17.22}]},"slwh_houzixd43":{"rotate":[{"time":0,"angle":0,"curve":"stepped"},{"time":2,"angle":0,"curve":[0.311,0.8,0.582,1]},{"time":3.1667,"angle":-15}],"translate":[{"time":0,"x":0,"y":0,"curve":"stepped"},{"time":2,"x":0,"y":0,"curve":[0.311,0.8,0.582,1]},{"time":3.2,"x":1.61,"y":-17.22}]},"slwh_houzixd44":{"rotate":[{"time":0,"angle":0,"curve":"stepped"},{"time":2.0667,"angle":0,"curve":[0.311,0.8,0.582,1]},{"time":3.2333,"angle":-15}],"translate":[{"time":0,"x":0,"y":0,"curve":"stepped"},{"time":2.0667,"x":0,"y":0,"curve":[0.311,0.8,0.582,1]},{"time":3.2667,"x":1.61,"y":-17.22}]},"slwh_houzixd45":{"rotate":[{"time":0,"angle":0,"curve":"stepped"},{"time":2.1333,"angle":0,"curve":[0.311,0.8,0.582,1]},{"time":3.3,"angle":-15}],"translate":[{"time":0,"x":0,"y":0,"curve":"stepped"},{"time":2.1333,"x":0,"y":0,"curve":[0.311,0.8,0.582,1]},{"time":3.3333,"x":1.61,"y":-17.22}]},"slwh_houzixd46":{"rotate":[{"time":0,"angle":0,"curve":"stepped"},{"time":2.1333,"angle":0,"curve":[0.311,0.8,0.582,1]},{"time":3.3,"angle":-15}],"translate":[{"time":0,"x":0,"y":0,"curve":"stepped"},{"time":2.1333,"x":0,"y":0,"curve":[0.311,0.8,0.582,1]},{"time":3.3333,"x":1.61,"y":-17.22}]},"slwh_houzixd47":{"rotate":[{"time":0,"angle":0,"curve":"stepped"},{"time":2.1333,"angle":0,"curve":[0.311,0.8,0.582,1]},{"time":3.3,"angle":-15}],"translate":[{"time":0,"x":0,"y":0,"curve":"stepped"},{"time":2.1333,"x":0,"y":0,"curve":[0.311,0.8,0.582,1]},{"time":3.3333,"x":1.61,"y":-17.22}]},"slwh_houzixd48":{"rotate":[{"time":0,"angle":0,"curve":"stepped"},{"time":2.2333,"angle":0,"curve":[0.311,0.8,0.582,1]},{"time":3.4,"angle":-15}],"translate":[{"time":0,"x":0,"y":0,"curve":"stepped"},{"time":2.2333,"x":0,"y":0,"curve":[0.311,0.8,0.582,1]},{"time":3.4333,"x":1.61,"y":-17.22}]},"slwh_houzixd49":{"rotate":[{"time":0,"angle":0,"curve":"stepped"},{"time":2.3,"angle":0,"curve":[0.311,0.8,0.582,1]},{"time":3.4667,"angle":-15}],"translate":[{"time":0,"x":0,"y":0,"curve":"stepped"},{"time":2.3,"x":0,"y":0,"curve":[0.311,0.8,0.582,1]},{"time":3.5,"x":1.61,"y":-17.22}]},"slwh_houzixd50":{"rotate":[{"time":0,"angle":0,"curve":"stepped"},{"time":2.3,"angle":0,"curve":[0.311,0.8,0.582,1]},{"time":3.4667,"angle":-15}],"translate":[{"time":0,"x":0,"y":0,"curve":"stepped"},{"time":2.3,"x":0,"y":0,"curve":[0.311,0.8,0.582,1]},{"time":3.5,"x":1.61,"y":-17.22}]},"slwh_houzixd51":{"rotate":[{"time":0,"angle":0,"curve":"stepped"},{"time":2.3667,"angle":0,"curve":[0.311,0.8,0.582,1]},{"time":3.5333,"angle":-15}],"translate":[{"time":0,"x":0,"y":0,"curve":"stepped"},{"time":2.3667,"x":0,"y":0,"curve":[0.311,0.8,0.582,1]},{"time":3.5667,"x":1.61,"y":-17.22}]},"slwh_houzixd52":{"rotate":[{"time":0,"angle":0,"curve":"stepped"},{"time":2.4,"angle":0,"curve":[0.311,0.8,0.582,1]},{"time":3.5667,"angle":-15}],"translate":[{"time":0,"x":0,"y":0,"curve":"stepped"},{"time":2.4,"x":0,"y":0,"curve":[0.311,0.8,0.582,1]},{"time":3.6,"x":1.61,"y":-17.22}]},"slwh_houzixd53":{"rotate":[{"time":0,"angle":0,"curve":"stepped"},{"time":2.5333,"angle":0,"curve":[0.311,0.8,0.582,1]},{"time":3.7,"angle":-15}],"translate":[{"time":0,"x":0,"y":0,"curve":"stepped"},{"time":2.5333,"x":0,"y":0,"curve":[0.311,0.8,0.582,1]},{"time":3.7333,"x":1.61,"y":-17.22}]},"slwh_houzixd54":{"rotate":[{"time":0,"angle":0,"curve":"stepped"},{"time":2.6,"angle":0,"curve":[0.311,0.8,0.582,1]},{"time":3.7667,"angle":-15}],"translate":[{"time":0,"x":0,"y":0,"curve":"stepped"},{"time":2.6,"x":0,"y":0,"curve":[0.311,0.8,0.582,1]},{"time":3.8,"x":1.61,"y":-17.22}]},"slwh_houzixd55":{"rotate":[{"time":0,"angle":0,"curve":"stepped"},{"time":2.6333,"angle":0,"curve":[0.311,0.8,0.582,1]},{"time":3.8,"angle":-15}],"translate":[{"time":0,"x":0,"y":0,"curve":"stepped"},{"time":2.6333,"x":0,"y":0,"curve":[0.311,0.8,0.582,1]},{"time":3.8333,"x":1.61,"y":-17.22}]},"slwh_houzixd56":{"rotate":[{"time":0,"angle":0,"curve":"stepped"},{"time":2.7,"angle":0,"curve":[0.311,0.8,0.582,1]},{"time":3.8667,"angle":-15}],"translate":[{"time":0,"x":0,"y":0,"curve":"stepped"},{"time":2.7,"x":0,"y":0,"curve":[0.311,0.8,0.582,1]},{"time":3.9,"x":1.61,"y":-17.22}]},"slwh_houzixd57":{"rotate":[{"time":0,"angle":0,"curve":"stepped"},{"time":2.8,"angle":0,"curve":[0.311,0.8,0.582,1]},{"time":3.9667,"angle":-15}],"translate":[{"time":0,"x":0,"y":0,"curve":"stepped"},{"time":2.8,"x":0,"y":0,"curve":[0.311,0.8,0.582,1]},{"time":4,"x":1.61,"y":-17.22}]},"slwh_houzixd58":{"rotate":[{"time":0,"angle":0,"curve":"stepped"},{"time":2.8,"angle":0,"curve":[0.311,0.8,0.582,1]},{"time":3.9667,"angle":-15}],"translate":[{"time":0,"x":0,"y":0,"curve":"stepped"},{"time":2.8,"x":0,"y":0,"curve":[0.311,0.8,0.582,1]},{"time":4,"x":1.61,"y":-17.22}]},"slwh_houzixd59":{"rotate":[{"time":0,"angle":0,"curve":"stepped"},{"time":2.9667,"angle":0,"curve":[0.311,0.8,0.582,1]},{"time":4.1333,"angle":-15}],"translate":[{"time":0,"x":0,"y":0,"curve":"stepped"},{"time":2.9667,"x":0,"y":0,"curve":[0.311,0.8,0.582,1]},{"time":4.1667,"x":1.61,"y":-17.22}]},"slwh_houzixd60":{"rotate":[{"time":0,"angle":0,"curve":"stepped"},{"time":2.9667,"angle":0,"curve":[0.311,0.8,0.582,1]},{"time":4.1333,"angle":-15}],"translate":[{"time":0,"x":0,"y":0,"curve":"stepped"},{"time":2.9667,"x":0,"y":0,"curve":[0.311,0.8,0.582,1]},{"time":4.1667,"x":1.61,"y":-17.22}]},"slwh_houzixd61":{"rotate":[{"time":0,"angle":0,"curve":"stepped"},{"time":3.3,"angle":0,"curve":[0.311,0.8,0.582,1]},{"time":4.4667,"angle":-15}],"translate":[{"time":0,"x":0,"y":0,"curve":"stepped"},{"time":3.3,"x":0,"y":0,"curve":[0.311,0.8,0.582,1]},{"time":4.5,"x":1.61,"y":-17.22}]},"slwh_houzixd62":{"rotate":[{"time":0,"angle":0,"curve":"stepped"},{"time":3.3667,"angle":0,"curve":[0.311,0.8,0.582,1]},{"time":4.5333,"angle":-15}],"translate":[{"time":0,"x":0,"y":0,"curve":"stepped"},{"time":3.3667,"x":0,"y":0,"curve":[0.311,0.8,0.582,1]},{"time":4.5667,"x":1.61,"y":-17.22}]},"slwh_houzixd63":{"rotate":[{"time":0,"angle":0,"curve":"stepped"},{"time":3.4333,"angle":0,"curve":[0.311,0.8,0.582,1]},{"time":4.6,"angle":-15}],"translate":[{"time":0,"x":0,"y":0,"curve":"stepped"},{"time":3.4333,"x":0,"y":0,"curve":[0.311,0.8,0.582,1]},{"time":4.6333,"x":1.61,"y":-17.22}]},"slwh_houzixd64":{"rotate":[{"time":0,"angle":0,"curve":"stepped"},{"time":3.4333,"angle":0,"curve":[0.311,0.8,0.582,1]},{"time":4.6,"angle":-15}],"translate":[{"time":0,"x":0,"y":0,"curve":"stepped"},{"time":3.4333,"x":0,"y":0,"curve":[0.311,0.8,0.582,1]},{"time":4.6333,"x":1.61,"y":-17.22}]},"slwh_houzixd65":{"rotate":[{"time":0,"angle":0,"curve":"stepped"},{"time":3.5667,"angle":0,"curve":[0.311,0.8,0.582,1]},{"time":4.7333,"angle":-15}],"translate":[{"time":0,"x":0,"y":0,"curve":"stepped"},{"time":3.5667,"x":0,"y":0,"curve":[0.311,0.8,0.582,1]},{"time":4.7667,"x":1.61,"y":-17.22}]},"slwh_houzixd66":{"rotate":[{"time":0,"angle":0,"curve":"stepped"},{"time":3.5667,"angle":0,"curve":[0.311,0.8,0.582,1]},{"time":4.7333,"angle":-15}],"translate":[{"time":0,"x":0,"y":0,"curve":"stepped"},{"time":3.5667,"x":0,"y":0,"curve":[0.311,0.8,0.582,1]},{"time":4.7667,"x":1.61,"y":-17.22}]}}}}}