{"skeleton":{"hash":"bhOhpKHINd3HSm0/3g8N+xf1Dy8","spine":"3.6.37","width":0,"height":0,"images":"./images/"},"bones":[{"name":"root"},{"name":"hip","parent":"root","y":120},{"name":"slwh_houzixd","parent":"hip","rotation":-15,"x":-52.46,"y":-53.6,"scaleX":0.386,"scaleY":0.386},{"name":"slwh_houzixd2","parent":"hip","rotation":29.82,"x":59.85,"y":-54.61,"scaleX":0.505,"scaleY":0.505},{"name":"slwh_houzixd3","parent":"hip","rotation":-15,"x":-47.2,"y":-34.7,"scaleX":0.892,"scaleY":0.892},{"name":"slwh_houzixd4","parent":"hip","rotation":29.41,"x":53.22,"y":-45.83,"scaleX":0.391,"scaleY":0.391},{"name":"slwh_houzixd5","parent":"hip","x":-39.77,"y":-41.21},{"name":"slwh_houzixd6","parent":"hip","x":-24.07,"y":-35.2,"scaleX":0.376,"scaleY":0.376},{"name":"slwh_houzixd7","parent":"hip","x":-11.59,"y":-23.56,"scaleX":0.345,"scaleY":0.345},{"name":"slwh_houzixd8","parent":"hip","x":-4.2,"y":-18,"scaleX":0.423,"scaleY":0.423},{"name":"slwh_houzixd9","parent":"hip","x":49.68,"y":-32.35,"scaleX":0.497,"scaleY":0.497},{"name":"slwh_houzixd10","parent":"hip","x":-13.25,"y":-43.12,"scaleX":0.166,"scaleY":0.166},{"name":"slwh_houzixd11","parent":"hip","rotation":60,"x":-14.99,"y":-44.27},{"name":"slwh_houzixd12","parent":"hip","x":-21.76,"y":-23.69,"scaleX":0.431,"scaleY":0.431,"color":"000000ff"},{"name":"slwh_houzixd13","parent":"hip","rotation":-15,"x":-2.18,"y":-20.77,"scaleX":0.334,"scaleY":0.334,"color":"000000ff"},{"name":"slwh_houzixd14","parent":"hip","rotation":-15,"x":-10.26,"y":-44.99,"scaleX":0.903,"scaleY":0.903,"color":"000000ff"},{"name":"slwh_houzixd15","parent":"hip","rotation":-30,"x":-18.04,"y":-72.77,"color":"000000ff"},{"name":"slwh_houzixd16","parent":"hip","x":-18.38,"y":-65.9,"scaleX":0.599,"scaleY":0.599,"color":"000000ff"},{"name":"slwh_houzixd17","parent":"hip","rotation":36.79,"x":38.84,"y":-47.09,"color":"000000ff"},{"name":"slwh_houzixd18","parent":"hip","rotation":-30,"x":-41.52,"y":-59.32,"scaleX":0.647,"scaleY":0.647,"color":"000000ff"},{"name":"slwh_houzixd19","parent":"hip","rotation":60,"x":-43.72,"y":-78.57,"scaleX":0.583,"scaleY":0.583,"color":"000000ff"},{"name":"slwh_houzixd20","parent":"hip","rotation":-30,"x":-20.78,"y":-78.84,"scaleX":0.662,"scaleY":0.662,"color":"000000ff"},{"name":"slwh_houzixd21","parent":"hip","rotation":-60,"x":9.79,"y":-73.84,"color":"000000ff"},{"name":"slwh_houzixd22","parent":"hip","rotation":-60,"x":41.07,"y":-60.93,"scaleX":0.798,"scaleY":0.798,"color":"000000ff"},{"name":"slwh_houzixd23","parent":"hip","x":46.09,"y":-39.89,"scaleX":0.332,"scaleY":0.332,"color":"000000ff"},{"name":"slwh_houzixd24","parent":"hip","rotation":45,"x":39.12,"y":-29.81,"color":"000000ff"},{"name":"slwh_houzixd25","parent":"hip","rotation":15,"x":-36.06,"y":-17,"color":"000000ff"},{"name":"slwh_houzixd26","parent":"hip","rotation":-30,"x":-18.96,"y":-22,"scaleX":0.738,"scaleY":0.738,"color":"000000ff"},{"name":"slwh_houzixd27","parent":"hip","rotation":-90,"x":9.79,"y":-25.46,"scaleX":0.348,"scaleY":0.348,"color":"000000ff"},{"name":"slwh_houzixd28","parent":"hip","rotation":30,"x":22,"y":-24.18,"color":"000000ff"},{"name":"slwh_houzixd29","parent":"hip","x":35.68,"y":3.71,"scaleX":0.42,"scaleY":0.42,"color":"000000ff"},{"name":"slwh_houzixd30","parent":"hip","rotation":30,"x":-37.82,"y":-17.72,"color":"000000ff"},{"name":"slwh_houzixd31","parent":"hip","x":-26.51,"y":-25.27,"scaleX":0.827,"scaleY":0.827,"color":"000000ff"},{"name":"slwh_houzixd32","parent":"hip","rotation":-15,"x":-12.92,"y":-43.83,"scaleX":0.957,"scaleY":0.957,"color":"000000ff"},{"name":"slwh_houzixd33","parent":"hip","rotation":-30,"x":-31.54,"y":-61.9,"scaleX":0.773,"scaleY":0.773,"color":"000000ff"},{"name":"slwh_houzixd34","parent":"hip","x":65.53,"y":-40.04,"scaleX":0.507,"scaleY":0.507,"color":"000000ff"},{"name":"slwh_houzixd35","parent":"hip","rotation":30,"x":-89.55,"y":3.99,"color":"000000ff"},{"name":"slwh_houzixd36","parent":"hip","rotation":60,"x":-84.36,"y":53.59,"scaleX":0.369,"scaleY":0.369,"color":"000000ff"},{"name":"slwh_houzixd37","parent":"hip","rotation":15,"x":-52.68,"y":58.68,"scaleX":0.617,"scaleY":0.617,"color":"0fff00ff"},{"name":"slwh_houzixd38","parent":"hip","rotation":-60,"x":-81.1,"y":20.23,"scaleX":0.439,"scaleY":0.439,"color":"0fff00ff"},{"name":"slwh_houzixd39","parent":"hip","rotation":45,"x":-62.01,"y":-12.02,"color":"0fff00ff"},{"name":"slwh_houzixd40","parent":"hip","x":69.5,"y":-12.67,"scaleX":0.756,"scaleY":0.756,"color":"0fff00ff"},{"name":"slwh_houzixd41","parent":"hip","x":90.69,"y":16.3,"scaleX":0.533,"scaleY":0.533,"color":"0fff00ff"},{"name":"slwh_houzixd42","parent":"hip","rotation":15,"x":69.94,"y":41.46,"scaleX":0.82,"scaleY":0.82,"color":"0fff00ff"}],"slots":[{"name":"slwh_houzixd","bone":"slwh_houzixd","blend":"additive"},{"name":"slwh_houzixd2","bone":"slwh_houzixd2","blend":"additive"},{"name":"slwh_houzixd3","bone":"slwh_houzixd3","blend":"additive"},{"name":"slwh_houzixd4","bone":"slwh_houzixd4","blend":"additive"},{"name":"slwh_houzixd5","bone":"slwh_houzixd5","blend":"additive"},{"name":"slwh_houzixd6","bone":"slwh_houzixd6","blend":"additive"},{"name":"slwh_houzixd7","bone":"slwh_houzixd7","blend":"additive"},{"name":"slwh_houzixd8","bone":"slwh_houzixd8","blend":"additive"},{"name":"slwh_houzixd9","bone":"slwh_houzixd9","blend":"additive"},{"name":"slwh_houzixd10","bone":"slwh_houzixd10","blend":"additive"},{"name":"slwh_houzixd11","bone":"slwh_houzixd11","blend":"additive"},{"name":"slwh_houzixd12","bone":"slwh_houzixd12","blend":"additive"},{"name":"slwh_houzixd13","bone":"slwh_houzixd13","blend":"additive"},{"name":"slwh_houzixd14","bone":"slwh_houzixd14","blend":"additive"},{"name":"slwh_houzixd15","bone":"slwh_houzixd15","blend":"additive"},{"name":"slwh_houzixd16","bone":"slwh_houzixd16","blend":"additive"},{"name":"slwh_houzixd17","bone":"slwh_houzixd17","blend":"additive"},{"name":"slwh_houzixd18","bone":"slwh_houzixd18","blend":"additive"},{"name":"slwh_houzixd19","bone":"slwh_houzixd19","blend":"additive"},{"name":"slwh_houzixd20","bone":"slwh_houzixd20","blend":"additive"},{"name":"slwh_houzixd21","bone":"slwh_houzixd21","blend":"additive"},{"name":"slwh_houzixd22","bone":"slwh_houzixd22","blend":"additive"},{"name":"slwh_houzixd23","bone":"slwh_houzixd23","blend":"additive"},{"name":"slwh_houzixd24","bone":"slwh_houzixd24","blend":"additive"},{"name":"slwh_houzixd25","bone":"slwh_houzixd25","blend":"additive"},{"name":"slwh_houzixd26","bone":"slwh_houzixd26","blend":"additive"},{"name":"slwh_houzixd27","bone":"slwh_houzixd27","blend":"additive"},{"name":"slwh_houzixd28","bone":"slwh_houzixd28","blend":"additive"},{"name":"slwh_houzixd29","bone":"slwh_houzixd29","blend":"additive"},{"name":"slwh_houzixd30","bone":"slwh_houzixd30","blend":"additive"},{"name":"slwh_houzixd31","bone":"slwh_houzixd31","blend":"additive"},{"name":"slwh_houzixd32","bone":"slwh_houzixd32","blend":"additive"},{"name":"slwh_houzixd33","bone":"slwh_houzixd33","blend":"additive"},{"name":"slwh_houzixd34","bone":"slwh_houzixd34","blend":"additive"},{"name":"slwh_houzixd35","bone":"slwh_houzixd35","blend":"additive"},{"name":"slwh_houzixd36","bone":"slwh_houzixd36","blend":"additive"},{"name":"slwh_houzixd37","bone":"slwh_houzixd37","blend":"additive"},{"name":"slwh_houzixd38","bone":"slwh_houzixd38","blend":"additive"},{"name":"slwh_houzixd39","bone":"slwh_houzixd39","blend":"additive"},{"name":"slwh_houzixd40","bone":"slwh_houzixd40","blend":"additive"},{"name":"slwh_houzixd41","bone":"slwh_houzixd41","blend":"additive"},{"name":"slwh_houzixd42","bone":"slwh_houzixd42","blend":"additive"}],"skins":{"default":{"slwh_houzixd":{"slwh_houzixd":{"width":64,"height":64}},"slwh_houzixd10":{"slwh_houzixd":{"width":64,"height":64}},"slwh_houzixd11":{"slwh_houzixd":{"width":64,"height":64}},"slwh_houzixd12":{"slwh_houzixd":{"width":64,"height":64}},"slwh_houzixd13":{"slwh_houzixd":{"width":64,"height":64}},"slwh_houzixd14":{"slwh_houzixd":{"width":64,"height":64}},"slwh_houzixd15":{"slwh_houzixd":{"width":64,"height":64}},"slwh_houzixd16":{"slwh_houzixd":{"width":64,"height":64}},"slwh_houzixd17":{"slwh_houzixd":{"width":64,"height":64}},"slwh_houzixd18":{"slwh_houzixd":{"width":64,"height":64}},"slwh_houzixd19":{"slwh_houzixd":{"width":64,"height":64}},"slwh_houzixd2":{"slwh_houzixd":{"width":64,"height":64}},"slwh_houzixd20":{"slwh_houzixd":{"width":64,"height":64}},"slwh_houzixd21":{"slwh_houzixd":{"width":64,"height":64}},"slwh_houzixd22":{"slwh_houzixd":{"width":64,"height":64}},"slwh_houzixd23":{"slwh_houzixd":{"width":64,"height":64}},"slwh_houzixd24":{"slwh_houzixd":{"width":64,"height":64}},"slwh_houzixd25":{"slwh_houzixd":{"width":64,"height":64}},"slwh_houzixd26":{"slwh_houzixd":{"width":64,"height":64}},"slwh_houzixd27":{"slwh_houzixd":{"width":64,"height":64}},"slwh_houzixd28":{"slwh_houzixd":{"width":64,"height":64}},"slwh_houzixd29":{"slwh_houzixd":{"width":64,"height":64}},"slwh_houzixd3":{"slwh_houzixd":{"width":64,"height":64}},"slwh_houzixd30":{"slwh_houzixd":{"width":64,"height":64}},"slwh_houzixd31":{"slwh_houzixd":{"width":64,"height":64}},"slwh_houzixd32":{"slwh_houzixd":{"width":64,"height":64}},"slwh_houzixd33":{"slwh_houzixd":{"width":64,"height":64}},"slwh_houzixd34":{"slwh_houzixd":{"width":64,"height":64}},"slwh_houzixd35":{"slwh_houzixd":{"width":64,"height":64}},"slwh_houzixd36":{"slwh_houzixd":{"width":64,"height":64}},"slwh_houzixd37":{"slwh_houzixd":{"width":64,"height":64}},"slwh_houzixd38":{"slwh_houzixd":{"width":64,"height":64}},"slwh_houzixd39":{"slwh_houzixd":{"width":64,"height":64}},"slwh_houzixd4":{"slwh_houzixd":{"width":64,"height":64}},"slwh_houzixd40":{"slwh_houzixd":{"width":64,"height":64}},"slwh_houzixd41":{"slwh_houzixd":{"width":64,"height":64}},"slwh_houzixd42":{"slwh_houzixd":{"width":64,"height":64}},"slwh_houzixd5":{"slwh_houzixd":{"width":64,"height":64}},"slwh_houzixd6":{"slwh_houzixd":{"width":64,"height":64}},"slwh_houzixd7":{"slwh_houzixd":{"width":64,"height":64}},"slwh_houzixd8":{"slwh_houzixd":{"width":64,"height":64}},"slwh_houzixd9":{"slwh_houzixd":{"width":64,"height":64}}}},"animations":{"animation":{"slots":{"slwh_houzixd":{"color":[{"time":0,"color":"ffffff00","curve":"stepped"},{"time":0.1667,"color":"ffffff00","curve":[0.34,0.42,0.668,0.74]},{"time":0.5,"color":"fffffffe","curve":"stepped"},{"time":0.5667,"color":"fffffffe","curve":[0.351,0.4,0.757,1]},{"time":0.6667,"color":"ffffff3c","curve":[0.326,0.4,0.658,0.73]},{"time":0.8333,"color":"ffffff80","curve":[0.323,0.42,0.655,0.75]},{"time":1,"color":"ffffff22","curve":[0.32,0.46,0.652,0.79]},{"time":1.1667,"color":"ffffff4a","curve":[0.318,0.65,0.65,0.95]},{"time":1.3333,"color":"ffffff00"}],"attachment":[{"time":0,"name":"slwh_houzixd"},{"time":0.1667,"name":"slwh_houzixd"},{"time":1.3333,"name":null}]},"slwh_houzixd2":{"color":[{"time":0,"color":"ffffff00","curve":"stepped"},{"time":0.2667,"color":"ffffff00","curve":[0.271,0,0.619,0.41]},{"time":0.6,"color":"fffffffe","curve":"stepped"},{"time":0.6667,"color":"fffffffe","curve":[0.351,0.4,0.757,1]},{"time":0.7667,"color":"ffffff3c","curve":[0.332,0.33,0.668,0.67]},{"time":0.9333,"color":"ffffff80","curve":[0.341,0.36,0.678,0.7]},{"time":1.1,"color":"ffffff22","curve":[0.352,0.41,0.689,0.76]},{"time":1.2667,"color":"ffffff4a","curve":[0.367,0.63,0.705,1]},{"time":1.4333,"color":"ffffff00"}],"attachment":[{"time":0,"name":"slwh_houzixd"},{"time":0.2667,"name":"slwh_houzixd"},{"time":1.4333,"name":null}]},"slwh_houzixd3":{"color":[{"time":0,"color":"ffffff00","curve":"stepped"},{"time":0.4,"color":"ffffff00","curve":[0.271,0,0.619,0.41]},{"time":0.7333,"color":"fffffffe","curve":"stepped"},{"time":0.8,"color":"fffffffe","curve":[0.351,0.4,0.757,1]},{"time":0.9,"color":"ffffff3c","curve":[0.332,0.33,0.668,0.67]},{"time":1.0667,"color":"ffffff80","curve":[0.341,0.36,0.678,0.7]},{"time":1.2333,"color":"ffffff22","curve":[0.352,0.41,0.689,0.76]},{"time":1.4,"color":"ffffff4a","curve":[0.367,0.63,0.705,1]},{"time":1.5667,"color":"ffffff00"}],"attachment":[{"time":0,"name":"slwh_houzixd"},{"time":0.4,"name":"slwh_houzixd"},{"time":1.5667,"name":null}]},"slwh_houzixd4":{"color":[{"time":0,"color":"ffffff00","curve":"stepped"},{"time":0.5333,"color":"ffffff00","curve":[0.271,0,0.619,0.41]},{"time":0.8667,"color":"fffffffe","curve":"stepped"},{"time":0.9333,"color":"fffffffe","curve":[0.351,0.4,0.757,1]},{"time":1.0333,"color":"ffffff3c","curve":[0.332,0.33,0.668,0.67]},{"time":1.2,"color":"ffffff80","curve":[0.341,0.36,0.678,0.7]},{"time":1.3667,"color":"ffffff22","curve":[0.352,0.41,0.689,0.76]},{"time":1.5333,"color":"ffffff4a","curve":[0.367,0.63,0.705,1]},{"time":1.7,"color":"ffffff00"}],"attachment":[{"time":0,"name":"slwh_houzixd"},{"time":0.5333,"name":"slwh_houzixd"},{"time":1.7,"name":null}]},"slwh_houzixd5":{"color":[{"time":0,"color":"ffffff00","curve":"stepped"},{"time":0.7,"color":"ffffff00","curve":[0.271,0,0.619,0.41]},{"time":1.0333,"color":"fffffffe","curve":"stepped"},{"time":1.1,"color":"fffffffe","curve":[0.351,0.4,0.757,1]},{"time":1.2,"color":"ffffff3c","curve":[0.332,0.33,0.668,0.67]},{"time":1.3667,"color":"ffffff80","curve":[0.341,0.36,0.678,0.7]},{"time":1.5333,"color":"ffffff22","curve":[0.352,0.41,0.689,0.76]},{"time":1.7,"color":"ffffff4a","curve":[0.367,0.63,0.705,1]},{"time":1.8667,"color":"ffffff00"}],"attachment":[{"time":0,"name":"slwh_houzixd"},{"time":0.7,"name":"slwh_houzixd"},{"time":1.8667,"name":null}]},"slwh_houzixd6":{"color":[{"time":0,"color":"ffffff00","curve":"stepped"},{"time":0.6667,"color":"ffffff00","curve":[0.271,0,0.619,0.41]},{"time":1,"color":"fffffffe","curve":"stepped"},{"time":1.0667,"color":"fffffffe","curve":[0.351,0.4,0.757,1]},{"time":1.1667,"color":"ffffff3c","curve":[0.332,0.33,0.668,0.67]},{"time":1.3333,"color":"ffffff80","curve":[0.341,0.36,0.678,0.7]},{"time":1.5,"color":"ffffff22","curve":[0.352,0.41,0.689,0.76]},{"time":1.6667,"color":"ffffff4a","curve":[0.367,0.63,0.705,1]},{"time":1.8333,"color":"ffffff00"}],"attachment":[{"time":0,"name":"slwh_houzixd"},{"time":0.6667,"name":"slwh_houzixd"},{"time":1.8333,"name":null}]},"slwh_houzixd7":{"color":[{"time":0,"color":"ffffff00","curve":"stepped"},{"time":0.8333,"color":"ffffff00","curve":[0.271,0,0.619,0.41]},{"time":1.1667,"color":"fffffffe","curve":"stepped"},{"time":1.2333,"color":"fffffffe","curve":[0.351,0.4,0.757,1]},{"time":1.3333,"color":"ffffff3c","curve":[0.332,0.33,0.668,0.67]},{"time":1.5,"color":"ffffff80","curve":[0.341,0.36,0.678,0.7]},{"time":1.6667,"color":"ffffff22","curve":[0.352,0.41,0.689,0.76]},{"time":1.8333,"color":"ffffff4a","curve":[0.367,0.63,0.705,1]},{"time":2,"color":"ffffff00"}],"attachment":[{"time":0,"name":"slwh_houzixd"},{"time":0.8333,"name":"slwh_houzixd"},{"time":2,"name":null}]},"slwh_houzixd8":{"color":[{"time":0,"color":"ffffff00","curve":"stepped"},{"time":0.9,"color":"ffffff00","curve":[0.271,0,0.619,0.41]},{"time":1.2333,"color":"fffffffe","curve":"stepped"},{"time":1.3,"color":"fffffffe","curve":[0.351,0.4,0.757,1]},{"time":1.4,"color":"ffffff3c","curve":[0.332,0.33,0.668,0.67]},{"time":1.5667,"color":"ffffff80","curve":[0.341,0.36,0.678,0.7]},{"time":1.7333,"color":"ffffff22","curve":[0.352,0.41,0.689,0.76]},{"time":1.9,"color":"ffffff4a","curve":[0.367,0.63,0.705,1]},{"time":2.0667,"color":"ffffff00"}],"attachment":[{"time":0,"name":"slwh_houzixd"},{"time":0.9,"name":"slwh_houzixd"},{"time":2.0667,"name":null}]},"slwh_houzixd9":{"color":[{"time":0,"color":"ffffff00","curve":"stepped"},{"time":0.9667,"color":"ffffff00","curve":[0.271,0,0.619,0.41]},{"time":1.3,"color":"fffffffe","curve":"stepped"},{"time":1.3667,"color":"fffffffe","curve":[0.351,0.4,0.757,1]},{"time":1.4667,"color":"ffffff3c","curve":[0.332,0.33,0.668,0.67]},{"time":1.6333,"color":"ffffff80","curve":[0.341,0.36,0.678,0.7]},{"time":1.8,"color":"ffffff22","curve":[0.352,0.41,0.689,0.76]},{"time":1.9667,"color":"ffffff4a","curve":[0.367,0.63,0.705,1]},{"time":2.1333,"color":"ffffff00"}],"attachment":[{"time":0,"name":"slwh_houzixd"},{"time":0.9667,"name":"slwh_houzixd"},{"time":2.1333,"name":null}]},"slwh_houzixd10":{"color":[{"time":0,"color":"ffffff00","curve":"stepped"},{"time":1.0333,"color":"ffffff00","curve":[0.271,0,0.619,0.41]},{"time":1.3667,"color":"fffffffe","curve":"stepped"},{"time":1.4333,"color":"fffffffe","curve":[0.351,0.4,0.757,1]},{"time":1.5333,"color":"ffffff3c","curve":[0.332,0.33,0.668,0.67]},{"time":1.7,"color":"ffffff80","curve":[0.341,0.36,0.678,0.7]},{"time":1.8667,"color":"ffffff22","curve":[0.352,0.41,0.689,0.76]},{"time":2.0333,"color":"ffffff4a","curve":[0.367,0.63,0.705,1]},{"time":2.1,"color":"ffffff00"}],"attachment":[{"time":0,"name":"slwh_houzixd"},{"time":1.0333,"name":"slwh_houzixd"},{"time":2.1,"name":null}]},"slwh_houzixd11":{"color":[{"time":0,"color":"ffffff00","curve":"stepped"},{"time":1.1,"color":"ffffff00","curve":[0.271,0,0.619,0.41]},{"time":1.4333,"color":"fffffffe","curve":"stepped"},{"time":1.5,"color":"fffffffe","curve":[0.351,0.4,0.757,1]},{"time":1.6,"color":"ffffff3c","curve":[0.332,0.33,0.668,0.67]},{"time":1.7667,"color":"ffffff80","curve":[0.341,0.36,0.678,0.7]},{"time":1.9333,"color":"ffffff22","curve":[0.352,0.41,0.689,0.76]},{"time":2.1,"color":"ffffff4a","curve":[0.367,0.63,0.705,1]},{"time":2.1667,"color":"ffffff00"}],"attachment":[{"time":0,"name":"slwh_houzixd"},{"time":1.1,"name":"slwh_houzixd"},{"time":2.1667,"name":null}]},"slwh_houzixd12":{"color":[{"time":0,"color":"ffffff00","curve":"stepped"},{"time":1.1667,"color":"ffffff00","curve":[0.271,0,0.619,0.41]},{"time":1.5,"color":"fffffffe","curve":"stepped"},{"time":1.5667,"color":"fffffffe","curve":[0.351,0.4,0.757,1]},{"time":1.6667,"color":"ffffff3c","curve":[0.332,0.33,0.668,0.67]},{"time":1.8333,"color":"ffffff80","curve":[0.341,0.36,0.678,0.7]},{"time":2,"color":"ffffff22","curve":[0.352,0.41,0.689,0.76]},{"time":2.1667,"color":"ffffff4a","curve":[0.367,0.63,0.705,1]},{"time":2.3333,"color":"ffffff00"}],"attachment":[{"time":0,"name":"slwh_houzixd"},{"time":1.1667,"name":"slwh_houzixd"},{"time":2.3333,"name":null}]},"slwh_houzixd13":{"color":[{"time":0,"color":"ffffff00","curve":"stepped"},{"time":1.2333,"color":"ffffff00","curve":[0.271,0,0.619,0.41]},{"time":1.5667,"color":"fffffffe","curve":"stepped"},{"time":1.6333,"color":"fffffffe","curve":[0.351,0.4,0.757,1]},{"time":1.7333,"color":"ffffff3c","curve":[0.332,0.33,0.668,0.67]},{"time":1.9,"color":"ffffff80","curve":[0.341,0.36,0.678,0.7]},{"time":2.0667,"color":"ffffff22","curve":[0.352,0.41,0.689,0.76]},{"time":2.2333,"color":"ffffff4a","curve":[0.367,0.63,0.705,1]},{"time":2.4,"color":"ffffff00"}],"attachment":[{"time":0,"name":"slwh_houzixd"},{"time":1.2333,"name":"slwh_houzixd"},{"time":2.4,"name":null}]},"slwh_houzixd14":{"color":[{"time":0,"color":"ffffff00","curve":"stepped"},{"time":1.3,"color":"ffffff00","curve":[0.271,0,0.619,0.41]},{"time":1.6333,"color":"fffffffe","curve":"stepped"},{"time":1.7,"color":"fffffffe","curve":[0.351,0.4,0.757,1]},{"time":1.8,"color":"ffffff3c","curve":[0.332,0.33,0.668,0.67]},{"time":1.9667,"color":"ffffff80","curve":[0.341,0.36,0.678,0.7]},{"time":2.1333,"color":"ffffff22","curve":[0.352,0.41,0.689,0.76]},{"time":2.3,"color":"ffffff4a","curve":[0.367,0.63,0.705,1]},{"time":2.4667,"color":"ffffff00"}],"attachment":[{"time":0,"name":"slwh_houzixd"},{"time":1.3,"name":"slwh_houzixd"},{"time":2.4667,"name":null}]},"slwh_houzixd15":{"color":[{"time":0,"color":"ffffff00","curve":"stepped"},{"time":1.3667,"color":"ffffff00","curve":[0.271,0,0.619,0.41]},{"time":1.7,"color":"fffffffe","curve":"stepped"},{"time":1.7667,"color":"fffffffe","curve":[0.351,0.4,0.757,1]},{"time":1.8667,"color":"ffffff3c","curve":[0.332,0.33,0.668,0.67]},{"time":2.0333,"color":"ffffff80","curve":[0.341,0.36,0.678,0.7]},{"time":2.2,"color":"ffffff22","curve":[0.352,0.41,0.689,0.76]},{"time":2.3667,"color":"ffffff4a","curve":[0.367,0.63,0.705,1]},{"time":2.5333,"color":"ffffff00"}],"attachment":[{"time":0,"name":"slwh_houzixd"},{"time":1.3667,"name":"slwh_houzixd"},{"time":2.5333,"name":null}]},"slwh_houzixd16":{"color":[{"time":0,"color":"ffffff00","curve":"stepped"},{"time":1.4333,"color":"ffffff00","curve":[0.271,0,0.619,0.41]},{"time":1.7667,"color":"fffffffe","curve":"stepped"},{"time":1.8333,"color":"fffffffe","curve":[0.351,0.4,0.757,1]},{"time":1.9333,"color":"ffffff3c","curve":[0.332,0.33,0.668,0.67]},{"time":2.1,"color":"ffffff80","curve":[0.341,0.36,0.678,0.7]},{"time":2.2667,"color":"ffffff22","curve":[0.352,0.41,0.689,0.76]},{"time":2.4333,"color":"ffffff4a","curve":[0.367,0.63,0.705,1]},{"time":2.6,"color":"ffffff00"}],"attachment":[{"time":0,"name":"slwh_houzixd"},{"time":1.4333,"name":"slwh_houzixd"},{"time":2.6,"name":null}]},"slwh_houzixd17":{"color":[{"time":0,"color":"ffffff00","curve":"stepped"},{"time":0.7,"color":"ffffff00","curve":[0.271,0,0.619,0.41]},{"time":1.0333,"color":"fffffffe","curve":"stepped"},{"time":1.1,"color":"fffffffe","curve":[0.351,0.4,0.757,1]},{"time":1.2,"color":"ffffff3c","curve":[0.332,0.33,0.668,0.67]},{"time":1.3667,"color":"ffffff80","curve":[0.341,0.36,0.678,0.7]},{"time":1.5333,"color":"ffffff22","curve":[0.352,0.41,0.689,0.76]},{"time":1.7,"color":"ffffff4a","curve":[0.367,0.63,0.705,1]},{"time":1.8667,"color":"ffffff00"}],"attachment":[{"time":0,"name":"slwh_houzixd"},{"time":0.7,"name":"slwh_houzixd"},{"time":1.8667,"name":null}]},"slwh_houzixd18":{"color":[{"time":0,"color":"ffffff00","curve":"stepped"},{"time":1.5667,"color":"ffffff00","curve":[0.271,0,0.619,0.41]},{"time":1.9,"color":"fffffffe","curve":"stepped"},{"time":1.9667,"color":"fffffffe","curve":[0.351,0.4,0.757,1]},{"time":2.0667,"color":"ffffff3c","curve":[0.332,0.33,0.668,0.67]},{"time":2.2333,"color":"ffffff80","curve":[0.341,0.36,0.678,0.7]},{"time":2.4,"color":"ffffff22","curve":[0.352,0.41,0.689,0.76]},{"time":2.5667,"color":"ffffff4a","curve":[0.367,0.63,0.705,1]},{"time":2.7333,"color":"ffffff00"}],"attachment":[{"time":0,"name":"slwh_houzixd"},{"time":1.5667,"name":"slwh_houzixd"},{"time":2.7333,"name":null}]},"slwh_houzixd19":{"color":[{"time":0,"color":"ffffff00","curve":"stepped"},{"time":1.6333,"color":"ffffff00","curve":[0.271,0,0.619,0.41]},{"time":1.9667,"color":"fffffffe","curve":"stepped"},{"time":2.0333,"color":"fffffffe","curve":[0.351,0.4,0.757,1]},{"time":2.1333,"color":"ffffff3c","curve":[0.332,0.33,0.668,0.67]},{"time":2.3,"color":"ffffff80","curve":[0.341,0.36,0.678,0.7]},{"time":2.4667,"color":"ffffff22","curve":[0.352,0.41,0.689,0.76]},{"time":2.6333,"color":"ffffff4a","curve":[0.367,0.63,0.705,1]},{"time":2.8,"color":"ffffff00"}],"attachment":[{"time":0,"name":"slwh_houzixd"},{"time":1.6333,"name":"slwh_houzixd"},{"time":2.8,"name":null}]},"slwh_houzixd20":{"color":[{"time":0,"color":"ffffff00","curve":"stepped"},{"time":1.7,"color":"ffffff00","curve":[0.271,0,0.619,0.41]},{"time":2.0333,"color":"fffffffe","curve":"stepped"},{"time":2.1,"color":"fffffffe","curve":[0.351,0.4,0.757,1]},{"time":2.2,"color":"ffffff3c","curve":[0.332,0.33,0.668,0.67]},{"time":2.3667,"color":"ffffff80","curve":[0.341,0.36,0.678,0.7]},{"time":2.5333,"color":"ffffff22","curve":[0.352,0.41,0.689,0.76]},{"time":2.7,"color":"ffffff4a","curve":[0.367,0.63,0.705,1]},{"time":2.8667,"color":"ffffff00"}],"attachment":[{"time":0,"name":"slwh_houzixd"},{"time":1.7,"name":"slwh_houzixd"},{"time":2.8667,"name":null}]},"slwh_houzixd21":{"color":[{"time":0,"color":"ffffff00","curve":"stepped"},{"time":1.7667,"color":"ffffff00","curve":[0.271,0,0.619,0.41]},{"time":2.1,"color":"fffffffe","curve":"stepped"},{"time":2.1667,"color":"fffffffe","curve":[0.351,0.4,0.757,1]},{"time":2.2667,"color":"ffffff3c","curve":[0.332,0.33,0.668,0.67]},{"time":2.4333,"color":"ffffff80","curve":[0.341,0.36,0.678,0.7]},{"time":2.6,"color":"ffffff22","curve":[0.352,0.41,0.689,0.76]},{"time":2.7667,"color":"ffffff4a","curve":[0.367,0.63,0.705,1]},{"time":2.9333,"color":"ffffff00"}],"attachment":[{"time":0,"name":"slwh_houzixd"},{"time":1.7667,"name":"slwh_houzixd"},{"time":2.9333,"name":null}]},"slwh_houzixd22":{"color":[{"time":0,"color":"ffffff00","curve":"stepped"},{"time":1.8333,"color":"ffffff00","curve":[0.271,0,0.619,0.41]},{"time":2.1667,"color":"fffffffe","curve":"stepped"},{"time":2.2333,"color":"fffffffe","curve":[0.351,0.4,0.757,1]},{"time":2.3333,"color":"ffffff3c","curve":[0.332,0.33,0.668,0.67]},{"time":2.5,"color":"ffffff80","curve":[0.341,0.36,0.678,0.7]},{"time":2.6667,"color":"ffffff22","curve":[0.352,0.41,0.689,0.76]},{"time":2.8333,"color":"ffffff4a","curve":[0.367,0.63,0.705,1]},{"time":2.9,"color":"ffffff00"}],"attachment":[{"time":0,"name":"slwh_houzixd"},{"time":1.8333,"name":"slwh_houzixd"},{"time":2.9,"name":null}]},"slwh_houzixd23":{"color":[{"time":0,"color":"ffffff00","curve":"stepped"},{"time":1.9,"color":"ffffff00","curve":[0.271,0,0.619,0.41]},{"time":2.2333,"color":"fffffffe","curve":"stepped"},{"time":2.3,"color":"fffffffe","curve":[0.351,0.4,0.757,1]},{"time":2.4,"color":"ffffff3c","curve":[0.332,0.33,0.668,0.67]},{"time":2.5667,"color":"ffffff80","curve":[0.341,0.36,0.678,0.7]},{"time":2.7333,"color":"ffffff22","curve":[0.352,0.41,0.689,0.76]},{"time":2.9,"color":"ffffff4a","curve":[0.367,0.63,0.705,1]},{"time":2.9667,"color":"ffffff00"}],"attachment":[{"time":0,"name":"slwh_houzixd"},{"time":1.9,"name":"slwh_houzixd"},{"time":2.9667,"name":null}]},"slwh_houzixd24":{"color":[{"time":0,"color":"ffffff00","curve":"stepped"},{"time":1.9667,"color":"ffffff00","curve":[0.271,0,0.619,0.41]},{"time":2.3,"color":"fffffffe","curve":"stepped"},{"time":2.3667,"color":"fffffffe","curve":[0.351,0.4,0.757,1]},{"time":2.4667,"color":"ffffff3c","curve":[0.332,0.33,0.668,0.67]},{"time":2.6333,"color":"ffffff80","curve":[0.341,0.36,0.678,0.7]},{"time":2.8,"color":"ffffff22","curve":[0.352,0.41,0.689,0.76]},{"time":2.9667,"color":"ffffff4a","curve":[0.367,0.63,0.705,1]},{"time":3.0333,"color":"ffffff00"}],"attachment":[{"time":0,"name":"slwh_houzixd"},{"time":1.9667,"name":"slwh_houzixd"},{"time":3.0333,"name":null}]},"slwh_houzixd25":{"color":[{"time":0,"color":"ffffff00","curve":"stepped"},{"time":2.0333,"color":"ffffff00","curve":[0.271,0,0.619,0.41]},{"time":2.3667,"color":"fffffffe","curve":"stepped"},{"time":2.4333,"color":"fffffffe","curve":[0.351,0.4,0.757,1]},{"time":2.5333,"color":"ffffff3c","curve":[0.332,0.33,0.668,0.67]},{"time":2.7,"color":"ffffff80","curve":[0.341,0.36,0.678,0.7]},{"time":2.8667,"color":"ffffff22","curve":[0.352,0.41,0.689,0.76]},{"time":2.9333,"color":"ffffff4a","curve":[0.367,0.63,0.705,1]},{"time":3.1,"color":"ffffff00"}],"attachment":[{"time":0,"name":"slwh_houzixd"},{"time":2.0333,"name":"slwh_houzixd"},{"time":3.1,"name":null}]},"slwh_houzixd26":{"color":[{"time":0,"color":"ffffff00","curve":"stepped"},{"time":2.3333,"color":"ffffff00","curve":[0.271,0,0.619,0.41]},{"time":2.6667,"color":"fffffffe","curve":"stepped"},{"time":2.7333,"color":"fffffffe","curve":[0.351,0.4,0.757,1]},{"time":2.8333,"color":"ffffff3c","curve":[0.332,0.33,0.668,0.67]},{"time":3,"color":"ffffff80","curve":[0.341,0.36,0.678,0.7]},{"time":3.1667,"color":"ffffff22","curve":[0.352,0.41,0.689,0.76]},{"time":3.2333,"color":"ffffff4a","curve":[0.367,0.63,0.705,1]},{"time":3.4,"color":"ffffff00"}],"attachment":[{"time":0,"name":"slwh_houzixd"},{"time":2.3333,"name":"slwh_houzixd"},{"time":3.4,"name":null}]},"slwh_houzixd27":{"color":[{"time":0,"color":"ffffff00","curve":"stepped"},{"time":2.4,"color":"ffffff00","curve":[0.271,0,0.619,0.41]},{"time":2.7333,"color":"fffffffe","curve":"stepped"},{"time":2.8,"color":"fffffffe","curve":[0.351,0.4,0.757,1]},{"time":2.9,"color":"ffffff3c","curve":[0.332,0.33,0.668,0.67]},{"time":3.0667,"color":"ffffff80","curve":[0.341,0.36,0.678,0.7]},{"time":3.1333,"color":"ffffff22","curve":[0.352,0.41,0.689,0.76]},{"time":3.3,"color":"ffffff4a","curve":[0.367,0.63,0.705,1]},{"time":3.4667,"color":"ffffff00"}],"attachment":[{"time":0,"name":"slwh_houzixd"},{"time":2.4,"name":"slwh_houzixd"},{"time":3.4667,"name":null}]},"slwh_houzixd28":{"color":[{"time":0,"color":"ffffff00","curve":"stepped"},{"time":2.4667,"color":"ffffff00","curve":[0.271,0,0.619,0.41]},{"time":2.8,"color":"fffffffe","curve":"stepped"},{"time":2.8667,"color":"fffffffe","curve":[0.351,0.4,0.757,1]},{"time":2.9667,"color":"ffffff3c","curve":[0.332,0.33,0.668,0.67]},{"time":3.1333,"color":"ffffff80","curve":[0.341,0.36,0.678,0.7]},{"time":3.2,"color":"ffffff22","curve":[0.352,0.41,0.689,0.76]},{"time":3.3667,"color":"ffffff4a","curve":[0.367,0.63,0.705,1]},{"time":3.5333,"color":"ffffff00"}],"attachment":[{"time":0,"name":"slwh_houzixd"},{"time":2.4667,"name":"slwh_houzixd"},{"time":3.5333,"name":null}]},"slwh_houzixd29":{"color":[{"time":0,"color":"ffffff00","curve":"stepped"},{"time":2.5333,"color":"ffffff00","curve":[0.271,0,0.619,0.41]},{"time":2.8667,"color":"fffffffe","curve":"stepped"},{"time":2.9333,"color":"fffffffe","curve":[0.351,0.4,0.757,1]},{"time":3.0333,"color":"ffffff3c","curve":[0.332,0.33,0.668,0.67]},{"time":3.2,"color":"ffffff80","curve":[0.341,0.36,0.678,0.7]},{"time":3.2667,"color":"ffffff22","curve":[0.352,0.41,0.689,0.76]},{"time":3.4333,"color":"ffffff4a","curve":[0.367,0.63,0.705,1]},{"time":3.6,"color":"ffffff00"}],"attachment":[{"time":0,"name":"slwh_houzixd"},{"time":2.5333,"name":"slwh_houzixd"},{"time":3.6,"name":null}]},"slwh_houzixd30":{"color":[{"time":0,"color":"ffffff00","curve":"stepped"},{"time":2.6,"color":"ffffff00","curve":[0.271,0,0.619,0.41]},{"time":2.9333,"color":"fffffffe","curve":"stepped"},{"time":3,"color":"fffffffe","curve":[0.351,0.4,0.757,1]},{"time":3.1,"color":"ffffff3c","curve":[0.332,0.33,0.668,0.67]},{"time":3.1667,"color":"ffffff80","curve":[0.341,0.36,0.678,0.7]},{"time":3.3333,"color":"ffffff22","curve":[0.352,0.41,0.689,0.76]},{"time":3.5,"color":"ffffff4a","curve":[0.367,0.63,0.705,1]},{"time":3.6667,"color":"ffffff00"}],"attachment":[{"time":0,"name":"slwh_houzixd"},{"time":2.6,"name":"slwh_houzixd"},{"time":3.6667,"name":null}]},"slwh_houzixd31":{"color":[{"time":0,"color":"ffffff00","curve":"stepped"},{"time":2.6667,"color":"ffffff00","curve":[0.271,0,0.619,0.41]},{"time":3,"color":"fffffffe","curve":"stepped"},{"time":3.0667,"color":"fffffffe","curve":[0.351,0.4,0.757,1]},{"time":3.1667,"color":"ffffff3c","curve":[0.332,0.33,0.668,0.67]},{"time":3.2333,"color":"ffffff80","curve":[0.341,0.36,0.678,0.7]},{"time":3.4,"color":"ffffff22","curve":[0.352,0.41,0.689,0.76]},{"time":3.5667,"color":"ffffff4a","curve":[0.367,0.63,0.705,1]},{"time":3.7333,"color":"ffffff00"}],"attachment":[{"time":0,"name":"slwh_houzixd"},{"time":2.6667,"name":"slwh_houzixd"},{"time":3.7333,"name":null}]},"slwh_houzixd32":{"color":[{"time":0,"color":"ffffff00","curve":"stepped"},{"time":2.7333,"color":"ffffff00","curve":[0.271,0,0.619,0.41]},{"time":3.0667,"color":"fffffffe","curve":"stepped"},{"time":3.1333,"color":"fffffffe","curve":[0.351,0.4,0.757,1]},{"time":3.3,"color":"ffffff80","curve":[0.341,0.36,0.678,0.7]},{"time":3.4667,"color":"ffffff22","curve":[0.352,0.41,0.689,0.76]},{"time":3.6333,"color":"ffffff4a","curve":[0.367,0.63,0.705,1]},{"time":3.8,"color":"ffffff00"}],"attachment":[{"time":0,"name":"slwh_houzixd"},{"time":2.7333,"name":"slwh_houzixd"},{"time":3.8,"name":null}]},"slwh_houzixd33":{"color":[{"time":0,"color":"ffffff00","curve":"stepped"},{"time":2.8,"color":"ffffff00","curve":[0.271,0,0.619,0.41]},{"time":3.1333,"color":"fffffffe","curve":"stepped"},{"time":3.2,"color":"fffffffe","curve":[0.351,0.4,0.757,1]},{"time":3.3667,"color":"ffffff80","curve":[0.341,0.36,0.678,0.7]},{"time":3.5333,"color":"ffffff22","curve":[0.352,0.41,0.689,0.76]},{"time":3.7,"color":"ffffff4a","curve":[0.367,0.63,0.705,1]},{"time":3.8667,"color":"ffffff00"}],"attachment":[{"time":0,"name":"slwh_houzixd"},{"time":2.8,"name":"slwh_houzixd"},{"time":3.8667,"name":null}]},"slwh_houzixd34":{"color":[{"time":0,"color":"ffffff00","curve":"stepped"},{"time":3.3333,"color":"ffffff00","curve":[0.271,0,0.619,0.41]},{"time":3.6333,"color":"fffffffe","curve":"stepped"},{"time":3.6667,"color":"fffffffe","curve":[0.322,0.3,0.659,0.64]},{"time":3.7333,"color":"ffffff3c","curve":[0.332,0.33,0.668,0.67]},{"time":3.9,"color":"ffffff80","curve":[0.341,0.36,0.678,0.7]},{"time":4.0667,"color":"ffffff22","curve":[0.352,0.41,0.689,0.76]},{"time":4.2333,"color":"ffffff4a","curve":[0.367,0.63,0.705,1]},{"time":4.4,"color":"ffffff00"}],"attachment":[{"time":0,"name":"slwh_houzixd"},{"time":3.3333,"name":"slwh_houzixd"},{"time":4.4,"name":null}]},"slwh_houzixd35":{"color":[{"time":0,"color":"ffffff00","curve":"stepped"},{"time":3.2,"color":"ffffff00","curve":[0.271,0,0.619,0.41]},{"time":3.4333,"color":"fffffffe","curve":"stepped"},{"time":3.5,"color":"fffffffe","curve":[0.351,0.4,0.757,1]},{"time":3.6,"color":"ffffff3c","curve":[0.332,0.33,0.668,0.67]},{"time":3.7667,"color":"ffffff80","curve":[0.341,0.36,0.678,0.7]},{"time":3.9333,"color":"ffffff22","curve":[0.352,0.41,0.689,0.76]},{"time":4.1,"color":"ffffff4a","curve":[0.367,0.63,0.705,1]},{"time":4.2667,"color":"ffffff00","curve":"stepped"},{"time":4.3,"color":"ffffff00"}],"attachment":[{"time":0,"name":"slwh_houzixd"},{"time":3.2,"name":"slwh_houzixd"},{"time":4.3,"name":null}]},"slwh_houzixd36":{"color":[{"time":0,"color":"ffffff00","curve":"stepped"},{"time":3,"color":"ffffff00","curve":[0.271,0,0.619,0.41]},{"time":3.2333,"color":"fffffffe","curve":"stepped"},{"time":3.3,"color":"fffffffe","curve":[0.351,0.4,0.757,1]},{"time":3.4,"color":"ffffff3c","curve":[0.332,0.33,0.668,0.67]},{"time":3.5667,"color":"ffffff80","curve":[0.341,0.36,0.678,0.7]},{"time":3.7333,"color":"ffffff22","curve":[0.352,0.41,0.689,0.76]},{"time":3.9,"color":"ffffff4a","curve":[0.367,0.63,0.705,1]},{"time":4.0667,"color":"ffffff00","curve":"stepped"},{"time":4.1,"color":"ffffff00"}],"attachment":[{"time":0,"name":"slwh_houzixd"},{"time":3,"name":"slwh_houzixd"},{"time":4.1,"name":null}]},"slwh_houzixd37":{"color":[{"time":0,"color":"ffffff00","curve":"stepped"},{"time":3.1333,"color":"ffffff00","curve":[0.271,0,0.619,0.41]},{"time":3.4667,"color":"fffffffe","curve":"stepped"},{"time":3.5333,"color":"fffffffe","curve":[0.351,0.4,0.757,1]},{"time":3.6333,"color":"ffffff3c","curve":[0.332,0.33,0.668,0.67]},{"time":3.8,"color":"ffffff80","curve":[0.341,0.36,0.678,0.7]},{"time":3.9667,"color":"ffffff22","curve":[0.352,0.41,0.689,0.76]},{"time":4.1333,"color":"ffffff4a","curve":[0.367,0.63,0.705,1]},{"time":4.3,"color":"ffffff00","curve":"stepped"},{"time":4.3333,"color":"ffffff00"}],"attachment":[{"time":0,"name":"slwh_houzixd"},{"time":3.1333,"name":"slwh_houzixd"},{"time":4.3333,"name":null}]},"slwh_houzixd38":{"color":[{"time":0,"color":"ffffff00","curve":"stepped"},{"time":2.7667,"color":"ffffff00","curve":[0.271,0,0.619,0.41]},{"time":3.1,"color":"fffffffe","curve":"stepped"},{"time":3.1667,"color":"fffffffe","curve":[0.351,0.4,0.757,1]},{"time":3.2667,"color":"ffffff3c","curve":[0.332,0.33,0.668,0.67]},{"time":3.4333,"color":"ffffff80","curve":[0.341,0.36,0.678,0.7]},{"time":3.6,"color":"ffffff22","curve":[0.352,0.41,0.689,0.76]},{"time":3.7667,"color":"ffffff4a","curve":[0.367,0.63,0.705,1]},{"time":3.9333,"color":"ffffff00","curve":"stepped"},{"time":3.9667,"color":"ffffff00"}],"attachment":[{"time":0,"name":"slwh_houzixd"},{"time":2.7667,"name":"slwh_houzixd"},{"time":3.9667,"name":null}]},"slwh_houzixd39":{"color":[{"time":0,"color":"ffffff00","curve":"stepped"},{"time":2.5,"color":"ffffff00","curve":[0.271,0,0.619,0.41]},{"time":2.8333,"color":"fffffffe","curve":"stepped"},{"time":2.9,"color":"fffffffe","curve":[0.351,0.4,0.757,1]},{"time":3,"color":"ffffff3c","curve":[0.332,0.33,0.668,0.67]},{"time":3.1667,"color":"ffffff80","curve":[0.341,0.36,0.678,0.7]},{"time":3.3333,"color":"ffffff22","curve":[0.352,0.41,0.689,0.76]},{"time":3.5,"color":"ffffff4a","curve":[0.367,0.63,0.705,1]},{"time":3.6667,"color":"ffffff00","curve":"stepped"},{"time":3.7,"color":"ffffff00"}],"attachment":[{"time":0,"name":"slwh_houzixd"},{"time":2.5,"name":"slwh_houzixd"},{"time":3.7,"name":null}]},"slwh_houzixd40":{"color":[{"time":0,"color":"ffffff00","curve":"stepped"},{"time":2.6667,"color":"ffffff00","curve":[0.271,0,0.619,0.41]},{"time":3,"color":"fffffffe","curve":"stepped"},{"time":3.0667,"color":"fffffffe","curve":[0.351,0.4,0.757,1]},{"time":3.1667,"color":"ffffff3c","curve":[0.332,0.33,0.668,0.67]},{"time":3.3333,"color":"ffffff80","curve":[0.341,0.36,0.678,0.7]},{"time":3.5,"color":"ffffff22","curve":[0.352,0.41,0.689,0.76]},{"time":3.6667,"color":"ffffff4a","curve":[0.367,0.63,0.705,1]},{"time":3.8333,"color":"ffffff00","curve":"stepped"},{"time":3.8667,"color":"ffffff00"}],"attachment":[{"time":0,"name":"slwh_houzixd"},{"time":2.6667,"name":"slwh_houzixd"},{"time":3.8667,"name":null}]},"slwh_houzixd41":{"color":[{"time":0,"color":"ffffff00","curve":"stepped"},{"time":2.8333,"color":"ffffff00","curve":[0.271,0,0.619,0.41]},{"time":3.1667,"color":"fffffffe","curve":"stepped"},{"time":3.2333,"color":"fffffffe","curve":[0.351,0.4,0.757,1]},{"time":3.3333,"color":"ffffff3c","curve":[0.332,0.33,0.668,0.67]},{"time":3.5,"color":"ffffff80","curve":[0.341,0.36,0.678,0.7]},{"time":3.6667,"color":"ffffff22","curve":[0.352,0.41,0.689,0.76]},{"time":3.8333,"color":"ffffff4a","curve":[0.367,0.63,0.705,1]},{"time":4,"color":"ffffff00","curve":"stepped"},{"time":4.0333,"color":"ffffff00"}],"attachment":[{"time":0,"name":"slwh_houzixd"},{"time":2.8333,"name":"slwh_houzixd"},{"time":4.0333,"name":null}]},"slwh_houzixd42":{"color":[{"time":0,"color":"ffffff00","curve":"stepped"},{"time":2.9333,"color":"ffffff00","curve":[0.311,0.8,0.582,1]},{"time":3.2333,"color":"fffffffe","curve":"stepped"},{"time":3.3333,"color":"fffffffe","curve":[0.351,0.4,0.757,1]},{"time":3.4,"color":"ffffff3c","curve":[0.332,0.33,0.668,0.67]},{"time":3.5667,"color":"ffffff80","curve":[0.341,0.36,0.678,0.7]},{"time":3.7333,"color":"ffffff22","curve":[0.352,0.41,0.689,0.76]},{"time":3.9,"color":"ffffff4a","curve":[0.367,0.63,0.705,1]},{"time":4.0667,"color":"ffffff00","curve":"stepped"},{"time":4.1333,"color":"ffffff00"}],"attachment":[{"time":0,"name":"slwh_houzixd"},{"time":2.9333,"name":"slwh_houzixd"},{"time":4.1333,"name":null}]}},"bones":{"slwh_houzixd":{"rotate":[{"time":0,"angle":0,"curve":"stepped"},{"time":0.1667,"angle":0,"curve":[0.311,0.8,0.582,1]},{"time":1.3333,"angle":-15}],"translate":[{"time":0,"x":0,"y":0,"curve":"stepped"},{"time":0.1667,"x":0,"y":0,"curve":[0.311,0.8,0.582,1]},{"time":1.3333,"x":1.61,"y":-17.22}]},"slwh_houzixd2":{"rotate":[{"time":0,"angle":0,"curve":"stepped"},{"time":0.2667,"angle":0,"curve":[0.311,0.8,0.582,1]},{"time":1.4333,"angle":-15}],"translate":[{"time":0,"x":0,"y":0,"curve":"stepped"},{"time":0.2667,"x":0,"y":0,"curve":[0.311,0.8,0.582,1]},{"time":1.4333,"x":1.61,"y":-17.22}]},"slwh_houzixd3":{"rotate":[{"time":0,"angle":0,"curve":"stepped"},{"time":0.4,"angle":0,"curve":[0.311,0.8,0.582,1]},{"time":1.5667,"angle":-15}],"translate":[{"time":0,"x":0,"y":0,"curve":"stepped"},{"time":0.4,"x":0,"y":0,"curve":[0.311,0.8,0.582,1]},{"time":1.5667,"x":1.61,"y":-17.22}]},"slwh_houzixd4":{"rotate":[{"time":0,"angle":0,"curve":"stepped"},{"time":0.5333,"angle":0,"curve":[0.311,0.8,0.582,1]},{"time":1.7,"angle":-15}],"translate":[{"time":0,"x":0,"y":0,"curve":"stepped"},{"time":0.5333,"x":0,"y":0,"curve":[0.311,0.8,0.582,1]},{"time":1.7,"x":1.61,"y":-17.22}]},"slwh_houzixd5":{"rotate":[{"time":0,"angle":0,"curve":"stepped"},{"time":0.7,"angle":0,"curve":[0.311,0.8,0.582,1]},{"time":1.8667,"angle":-15}],"translate":[{"time":0,"x":0,"y":0,"curve":"stepped"},{"time":0.7,"x":0,"y":0,"curve":[0.311,0.8,0.582,1]},{"time":1.8667,"x":1.61,"y":-17.22}]},"slwh_houzixd6":{"rotate":[{"time":0,"angle":0,"curve":"stepped"},{"time":0.6667,"angle":0,"curve":[0.311,0.8,0.582,1]},{"time":1.8333,"angle":-15}],"translate":[{"time":0,"x":0,"y":0,"curve":"stepped"},{"time":0.6667,"x":0,"y":0,"curve":[0.311,0.8,0.582,1]},{"time":1.8333,"x":1.61,"y":-17.22}]},"slwh_houzixd7":{"rotate":[{"time":0,"angle":0,"curve":"stepped"},{"time":0.8333,"angle":0,"curve":[0.311,0.8,0.582,1]},{"time":2,"angle":-15}],"translate":[{"time":0,"x":0,"y":0,"curve":"stepped"},{"time":0.8333,"x":0,"y":0,"curve":[0.311,0.8,0.582,1]},{"time":2,"x":1.61,"y":-17.22}]},"slwh_houzixd8":{"rotate":[{"time":0,"angle":0,"curve":"stepped"},{"time":0.9,"angle":0,"curve":[0.311,0.8,0.582,1]},{"time":2.0667,"angle":-15}],"translate":[{"time":0,"x":0,"y":0,"curve":"stepped"},{"time":0.9,"x":0,"y":0,"curve":[0.311,0.8,0.582,1]},{"time":2.0667,"x":1.61,"y":-17.22}]},"slwh_houzixd9":{"rotate":[{"time":0,"angle":0,"curve":"stepped"},{"time":0.9667,"angle":0,"curve":[0.311,0.8,0.582,1]},{"time":2.1333,"angle":-15}],"translate":[{"time":0,"x":0,"y":0,"curve":"stepped"},{"time":0.9667,"x":0,"y":0,"curve":[0.311,0.8,0.582,1]},{"time":2.1333,"x":1.61,"y":-17.22}]},"slwh_houzixd10":{"rotate":[{"time":0,"angle":0,"curve":"stepped"},{"time":1.0333,"angle":0,"curve":[0.311,0.8,0.582,1]},{"time":2.1,"angle":-15}],"translate":[{"time":0,"x":0,"y":0,"curve":"stepped"},{"time":1.0333,"x":0,"y":0,"curve":[0.311,0.8,0.582,1]},{"time":2.1,"x":1.61,"y":-17.22}]},"slwh_houzixd11":{"rotate":[{"time":0,"angle":0,"curve":"stepped"},{"time":1.1,"angle":0,"curve":[0.311,0.8,0.582,1]},{"time":2.1667,"angle":-15}],"translate":[{"time":0,"x":0,"y":0,"curve":"stepped"},{"time":1.1,"x":0,"y":0,"curve":[0.311,0.8,0.582,1]},{"time":2.1667,"x":1.61,"y":-17.22}]},"slwh_houzixd12":{"rotate":[{"time":0,"angle":0,"curve":"stepped"},{"time":1.1667,"angle":0,"curve":[0.311,0.8,0.582,1]},{"time":2.3333,"angle":-15}],"translate":[{"time":0,"x":0,"y":0,"curve":"stepped"},{"time":1.1667,"x":0,"y":0,"curve":[0.311,0.8,0.582,1]},{"time":2.3333,"x":1.61,"y":-17.22}]},"slwh_houzixd13":{"rotate":[{"time":0,"angle":0,"curve":"stepped"},{"time":1.2333,"angle":0,"curve":[0.311,0.8,0.582,1]},{"time":2.4,"angle":-15}],"translate":[{"time":0,"x":0,"y":0,"curve":"stepped"},{"time":1.2333,"x":0,"y":0,"curve":[0.311,0.8,0.582,1]},{"time":2.4,"x":1.61,"y":-17.22}]},"slwh_houzixd14":{"rotate":[{"time":0,"angle":0,"curve":"stepped"},{"time":1.3,"angle":0,"curve":[0.311,0.8,0.582,1]},{"time":2.4667,"angle":-15}],"translate":[{"time":0,"x":0,"y":0,"curve":"stepped"},{"time":1.3,"x":0,"y":0,"curve":[0.311,0.8,0.582,1]},{"time":2.4667,"x":1.61,"y":-17.22}]},"slwh_houzixd15":{"rotate":[{"time":0,"angle":0,"curve":"stepped"},{"time":1.3667,"angle":0,"curve":[0.311,0.8,0.582,1]},{"time":2.5333,"angle":-15}],"translate":[{"time":0,"x":0,"y":0,"curve":"stepped"},{"time":1.3667,"x":0,"y":0,"curve":[0.311,0.8,0.582,1]},{"time":2.5333,"x":1.61,"y":-17.22}]},"slwh_houzixd16":{"rotate":[{"time":0,"angle":0,"curve":"stepped"},{"time":1.4333,"angle":0,"curve":[0.311,0.8,0.582,1]},{"time":2.6,"angle":-15}],"translate":[{"time":0,"x":0,"y":0,"curve":"stepped"},{"time":1.4333,"x":0,"y":0,"curve":[0.311,0.8,0.582,1]},{"time":2.6,"x":1.61,"y":-17.22}]},"slwh_houzixd17":{"rotate":[{"time":0,"angle":0,"curve":"stepped"},{"time":0.7,"angle":0,"curve":[0.311,0.8,0.582,1]},{"time":1.8667,"angle":-15}],"translate":[{"time":0,"x":0,"y":0,"curve":"stepped"},{"time":0.7,"x":0,"y":0,"curve":[0.311,0.8,0.582,1]},{"time":1.8667,"x":1.61,"y":-17.22}]},"slwh_houzixd18":{"rotate":[{"time":0,"angle":0,"curve":"stepped"},{"time":1.5667,"angle":0,"curve":[0.311,0.8,0.582,1]},{"time":2.7333,"angle":-15}],"translate":[{"time":0,"x":0,"y":0,"curve":"stepped"},{"time":1.5667,"x":0,"y":0,"curve":[0.311,0.8,0.582,1]},{"time":2.7333,"x":1.61,"y":-17.22}]},"slwh_houzixd19":{"rotate":[{"time":0,"angle":0,"curve":"stepped"},{"time":1.6333,"angle":0,"curve":[0.311,0.8,0.582,1]},{"time":2.8,"angle":-15}],"translate":[{"time":0,"x":0,"y":0,"curve":"stepped"},{"time":1.6333,"x":0,"y":0,"curve":[0.311,0.8,0.582,1]},{"time":2.8,"x":1.61,"y":-17.22}]},"slwh_houzixd20":{"rotate":[{"time":0,"angle":0,"curve":"stepped"},{"time":1.7,"angle":0,"curve":[0.311,0.8,0.582,1]},{"time":2.8667,"angle":-15}],"translate":[{"time":0,"x":0,"y":0,"curve":"stepped"},{"time":1.7,"x":0,"y":0,"curve":[0.311,0.8,0.582,1]},{"time":2.8667,"x":1.61,"y":-17.22}]},"slwh_houzixd21":{"rotate":[{"time":0,"angle":0,"curve":"stepped"},{"time":1.7667,"angle":0,"curve":[0.311,0.8,0.582,1]},{"time":2.9333,"angle":-15}],"translate":[{"time":0,"x":0,"y":0,"curve":"stepped"},{"time":1.7667,"x":0,"y":0,"curve":[0.311,0.8,0.582,1]},{"time":2.9333,"x":1.61,"y":-17.22}]},"slwh_houzixd22":{"rotate":[{"time":0,"angle":0,"curve":"stepped"},{"time":1.8333,"angle":0,"curve":[0.311,0.8,0.582,1]},{"time":2.9,"angle":-15}],"translate":[{"time":0,"x":0,"y":0,"curve":"stepped"},{"time":1.8333,"x":0,"y":0,"curve":[0.311,0.8,0.582,1]},{"time":2.9,"x":1.61,"y":-17.22}]},"slwh_houzixd23":{"rotate":[{"time":0,"angle":0,"curve":"stepped"},{"time":1.9,"angle":0,"curve":[0.311,0.8,0.582,1]},{"time":2.9667,"angle":-15}],"translate":[{"time":0,"x":0,"y":0,"curve":"stepped"},{"time":1.9,"x":0,"y":0,"curve":[0.311,0.8,0.582,1]},{"time":2.9667,"x":1.61,"y":-17.22}]},"slwh_houzixd24":{"rotate":[{"time":0,"angle":0,"curve":"stepped"},{"time":1.9667,"angle":0,"curve":[0.311,0.8,0.582,1]},{"time":3.0333,"angle":-15}],"translate":[{"time":0,"x":0,"y":0,"curve":"stepped"},{"time":1.9667,"x":0,"y":0,"curve":[0.311,0.8,0.582,1]},{"time":3.0333,"x":1.61,"y":-17.22}]},"slwh_houzixd25":{"rotate":[{"time":0,"angle":0,"curve":"stepped"},{"time":2.0333,"angle":0,"curve":[0.311,0.8,0.582,1]},{"time":3.1,"angle":-15}],"translate":[{"time":0,"x":0,"y":0,"curve":"stepped"},{"time":2.0333,"x":0,"y":0,"curve":[0.311,0.8,0.582,1]},{"time":3.1,"x":1.61,"y":-17.22}]},"slwh_houzixd26":{"rotate":[{"time":0,"angle":0,"curve":"stepped"},{"time":2.3333,"angle":0,"curve":[0.311,0.8,0.582,1]},{"time":3.4,"angle":-15}],"translate":[{"time":0,"x":0,"y":0,"curve":"stepped"},{"time":2.3333,"x":0,"y":0,"curve":[0.311,0.8,0.582,1]},{"time":3.4,"x":1.61,"y":-17.22}]},"slwh_houzixd27":{"rotate":[{"time":0,"angle":0,"curve":"stepped"},{"time":2.4,"angle":0,"curve":[0.311,0.8,0.582,1]},{"time":3.4667,"angle":-15}],"translate":[{"time":0,"x":0,"y":0,"curve":"stepped"},{"time":2.4,"x":0,"y":0,"curve":[0.311,0.8,0.582,1]},{"time":3.4667,"x":1.61,"y":-17.22}]},"slwh_houzixd28":{"rotate":[{"time":0,"angle":0,"curve":"stepped"},{"time":2.4667,"angle":0,"curve":[0.311,0.8,0.582,1]},{"time":3.5333,"angle":-15}],"translate":[{"time":0,"x":0,"y":0,"curve":"stepped"},{"time":2.4667,"x":0,"y":0,"curve":[0.311,0.8,0.582,1]},{"time":3.5333,"x":1.61,"y":-17.22}]},"slwh_houzixd29":{"rotate":[{"time":0,"angle":0,"curve":"stepped"},{"time":2.5333,"angle":0,"curve":[0.311,0.8,0.582,1]},{"time":3.6,"angle":-15}],"translate":[{"time":0,"x":0,"y":0,"curve":"stepped"},{"time":2.5333,"x":0,"y":0,"curve":[0.311,0.8,0.582,1]},{"time":3.6,"x":1.61,"y":-17.22}]},"slwh_houzixd30":{"rotate":[{"time":0,"angle":0,"curve":"stepped"},{"time":2.6,"angle":0,"curve":[0.311,0.8,0.582,1]},{"time":3.6667,"angle":-15}],"translate":[{"time":0,"x":0,"y":0,"curve":"stepped"},{"time":2.6,"x":0,"y":0,"curve":[0.311,0.8,0.582,1]},{"time":3.6667,"x":1.61,"y":-17.22}]},"slwh_houzixd31":{"rotate":[{"time":0,"angle":0,"curve":"stepped"},{"time":2.6667,"angle":0,"curve":[0.311,0.8,0.582,1]},{"time":3.7333,"angle":-15}],"translate":[{"time":0,"x":0,"y":0,"curve":"stepped"},{"time":2.6667,"x":0,"y":0,"curve":[0.311,0.8,0.582,1]},{"time":3.7333,"x":1.61,"y":-17.22}]},"slwh_houzixd32":{"rotate":[{"time":0,"angle":0,"curve":"stepped"},{"time":2.7333,"angle":0,"curve":[0.311,0.8,0.582,1]},{"time":3.8,"angle":-15}],"translate":[{"time":0,"x":0,"y":0,"curve":"stepped"},{"time":2.7333,"x":0,"y":0,"curve":[0.311,0.8,0.582,1]},{"time":3.8,"x":1.61,"y":-17.22}]},"slwh_houzixd33":{"rotate":[{"time":0,"angle":0,"curve":"stepped"},{"time":2.8,"angle":0,"curve":[0.311,0.8,0.582,1]},{"time":3.8667,"angle":-15}],"translate":[{"time":0,"x":0,"y":0,"curve":"stepped"},{"time":2.8,"x":0,"y":0,"curve":[0.311,0.8,0.582,1]},{"time":3.8667,"x":1.61,"y":-17.22}]},"slwh_houzixd34":{"rotate":[{"time":0,"angle":0,"curve":"stepped"},{"time":3.3333,"angle":0,"curve":[0.311,0.8,0.582,1]},{"time":4.4,"angle":-15}],"translate":[{"time":0,"x":0,"y":0,"curve":"stepped"},{"time":3.3333,"x":0,"y":0,"curve":[0.311,0.8,0.582,1]},{"time":4.4,"x":1.61,"y":-17.22}]},"slwh_houzixd35":{"rotate":[{"time":0,"angle":0,"curve":"stepped"},{"time":3.2,"angle":0,"curve":[0.311,0.8,0.582,1]},{"time":4.3,"angle":-15}],"translate":[{"time":0,"x":0,"y":0,"curve":"stepped"},{"time":3.2,"x":0,"y":0,"curve":[0.311,0.8,0.582,1]},{"time":4.3,"x":1.61,"y":-17.22}]},"slwh_houzixd36":{"rotate":[{"time":0,"angle":0,"curve":"stepped"},{"time":3,"angle":0,"curve":[0.311,0.8,0.582,1]},{"time":4.0667,"angle":-15}],"translate":[{"time":0,"x":0,"y":0,"curve":"stepped"},{"time":3,"x":0,"y":0,"curve":[0.311,0.8,0.582,1]},{"time":4.1,"x":1.61,"y":-17.22}]},"slwh_houzixd37":{"rotate":[{"time":0,"angle":0,"curve":"stepped"},{"time":3.1333,"angle":0,"curve":[0.311,0.8,0.582,1]},{"time":4.3,"angle":-15}],"translate":[{"time":0,"x":0,"y":0,"curve":"stepped"},{"time":3.1333,"x":0,"y":0,"curve":[0.311,0.8,0.582,1]},{"time":4.3333,"x":1.61,"y":-17.22}]},"slwh_houzixd38":{"rotate":[{"time":0,"angle":0,"curve":"stepped"},{"time":2.7667,"angle":0,"curve":[0.311,0.8,0.582,1]},{"time":3.9333,"angle":-15}],"translate":[{"time":0,"x":0,"y":0,"curve":"stepped"},{"time":2.7667,"x":0,"y":0,"curve":[0.311,0.8,0.582,1]},{"time":3.9667,"x":1.61,"y":-17.22}]},"slwh_houzixd39":{"rotate":[{"time":0,"angle":0,"curve":"stepped"},{"time":2.5,"angle":0,"curve":[0.311,0.8,0.582,1]},{"time":3.6667,"angle":-15}],"translate":[{"time":0,"x":0,"y":0,"curve":"stepped"},{"time":2.5,"x":0,"y":0,"curve":[0.311,0.8,0.582,1]},{"time":3.7,"x":1.61,"y":-17.22}]},"slwh_houzixd40":{"rotate":[{"time":0,"angle":0,"curve":"stepped"},{"time":2.6667,"angle":0,"curve":[0.311,0.8,0.582,1]},{"time":3.8333,"angle":-15}],"translate":[{"time":0,"x":0,"y":0,"curve":"stepped"},{"time":2.6667,"x":0,"y":0,"curve":[0.311,0.8,0.582,1]},{"time":3.8667,"x":1.61,"y":-17.22}]},"slwh_houzixd41":{"rotate":[{"time":0,"angle":0,"curve":"stepped"},{"time":2.8333,"angle":0,"curve":[0.311,0.8,0.582,1]},{"time":4,"angle":-15}],"translate":[{"time":0,"x":0,"y":0,"curve":"stepped"},{"time":2.8333,"x":0,"y":0,"curve":[0.311,0.8,0.582,1]},{"time":4.0333,"x":1.61,"y":-17.22}]},"slwh_houzixd42":{"rotate":[{"time":0,"angle":0,"curve":"stepped"},{"time":2.9333,"angle":0,"curve":[0.311,0.8,0.582,1]},{"time":4.1,"angle":-15}],"translate":[{"time":0,"x":0,"y":0,"curve":"stepped"},{"time":2.9333,"x":0,"y":0,"curve":[0.311,0.8,0.582,1]},{"time":4.1333,"x":1.61,"y":-17.22}]}}}}}