{"skeleton":{"hash":"K6Dss8AtTxrVD0WUxd+9ZnKVjcU","spine":"3.6.37","width":0,"height":0,"images":"./images/"},"bones":[{"name":"root"},{"name":"hip","parent":"root","y":75},{"name":"slwh_houzixd","parent":"hip","rotation":-15,"x":-22.06,"y":20.48,"scaleX":0.386,"scaleY":0.386},{"name":"slwh_houzixd2","parent":"hip","rotation":29.82,"x":-9.4,"y":-16.63,"scaleX":0.505,"scaleY":0.505},{"name":"slwh_houzixd3","parent":"hip","rotation":-15,"x":-72.26,"y":4.08,"scaleX":0.892,"scaleY":0.892},{"name":"slwh_houzixd4","parent":"hip","rotation":29.41,"x":-90.38,"y":58.68,"scaleX":0.391,"scaleY":0.391},{"name":"slwh_houzixd5","parent":"hip","x":-66.26,"y":64.58},{"name":"slwh_houzixd6","parent":"hip","x":-70.66,"y":30.38,"scaleX":0.376,"scaleY":0.376},{"name":"slwh_houzixd7","parent":"hip","x":-60.26,"y":-21.49,"scaleX":0.345,"scaleY":0.345},{"name":"slwh_houzixd8","parent":"hip","x":-56.21,"y":-28.21,"scaleX":0.423,"scaleY":0.423},{"name":"slwh_houzixd9","parent":"hip","x":-58.66,"y":4.03,"scaleX":0.497,"scaleY":0.497},{"name":"slwh_houzixd10","parent":"hip","x":-55.37,"y":27.08,"scaleX":0.166,"scaleY":0.166},{"name":"slwh_houzixd11","parent":"hip","rotation":60,"x":-53.13,"y":6.47},{"name":"slwh_houzixd12","parent":"hip","x":-36.76,"y":-16.03,"scaleX":0.431,"scaleY":0.431,"color":"000000ff"},{"name":"slwh_houzixd13","parent":"hip","rotation":-15,"x":-28.51,"y":3,"scaleX":0.334,"scaleY":0.334,"color":"000000ff"},{"name":"slwh_houzixd14","parent":"hip","rotation":-15,"x":-57.81,"y":-8.93,"scaleX":0.903,"scaleY":0.903,"color":"000000ff"},{"name":"slwh_houzixd15","parent":"hip","rotation":-30,"x":-87.45,"y":-3.21,"color":"000000ff"},{"name":"slwh_houzixd16","parent":"hip","x":-82.84,"y":29.68,"scaleX":0.599,"scaleY":0.599,"color":"000000ff"},{"name":"slwh_houzixd17","parent":"hip","rotation":36.79,"x":-44.13,"y":8.28,"color":"000000ff"},{"name":"slwh_houzixd18","parent":"hip","rotation":-30,"x":40.34,"y":10.41,"scaleX":0.647,"scaleY":0.647,"color":"000000ff"},{"name":"slwh_houzixd19","parent":"hip","rotation":60,"x":92.54,"y":30.41,"scaleX":0.583,"scaleY":0.583,"color":"000000ff"},{"name":"slwh_houzixd20","parent":"hip","rotation":-30,"x":66.66,"y":45.14,"scaleX":0.662,"scaleY":0.662,"color":"000000ff"},{"name":"slwh_houzixd21","parent":"hip","rotation":-60,"x":-46.69,"y":49.82,"color":"000000ff"},{"name":"slwh_houzixd22","parent":"hip","rotation":-60,"x":-53.55,"y":7.2,"scaleX":0.798,"scaleY":0.798,"color":"000000ff"},{"name":"slwh_houzixd23","parent":"hip","x":-55.87,"y":-24.89,"scaleX":0.332,"scaleY":0.332,"color":"000000ff"},{"name":"slwh_houzixd24","parent":"hip","rotation":45,"x":-35.39,"y":-29.17,"color":"000000ff"},{"name":"slwh_houzixd25","parent":"hip","rotation":15,"x":-16.91,"y":-15.25,"color":"000000ff"},{"name":"slwh_houzixd26","parent":"hip","rotation":-30,"x":7.87,"y":6.88,"scaleX":0.738,"scaleY":0.738,"color":"000000ff"},{"name":"slwh_houzixd27","parent":"hip","rotation":-90,"x":5.34,"y":17.62,"scaleX":0.348,"scaleY":0.348,"color":"000000ff"},{"name":"slwh_houzixd28","parent":"hip","rotation":30,"x":14.04,"y":-17.16,"color":"000000ff"},{"name":"slwh_houzixd29","parent":"hip","x":2.67,"y":27.48,"scaleX":0.42,"scaleY":0.42,"color":"000000ff"},{"name":"slwh_houzixd30","parent":"hip","rotation":30,"x":6.56,"y":13.24,"color":"000000ff"},{"name":"slwh_houzixd31","parent":"hip","x":57.1,"y":13.66,"scaleX":0.827,"scaleY":0.827,"color":"000000ff"},{"name":"slwh_houzixd32","parent":"hip","rotation":-15,"x":37.03,"y":37.07,"scaleX":0.957,"scaleY":0.957,"color":"000000ff"},{"name":"slwh_houzixd33","parent":"hip","rotation":-30,"x":32.92,"y":-20.73,"scaleX":0.773,"scaleY":0.773,"color":"000000ff"},{"name":"slwh_houzixd34","parent":"hip","x":47.34,"y":-5.73,"scaleX":0.507,"scaleY":0.507,"color":"000000ff"},{"name":"slwh_houzixd35","parent":"hip","rotation":30,"x":57.56,"y":-19.3,"color":"000000ff"},{"name":"slwh_houzixd36","parent":"hip","rotation":60,"x":73.77,"y":20.08,"scaleX":0.369,"scaleY":0.369,"color":"000000ff"},{"name":"slwh_houzixd37","parent":"hip","rotation":15,"x":87.57,"y":-1.8,"scaleX":0.617,"scaleY":0.617,"color":"0fff00ff"},{"name":"slwh_houzixd38","parent":"hip","rotation":-60,"x":70.32,"y":-19.82,"scaleX":0.439,"scaleY":0.439,"color":"0fff00ff"},{"name":"slwh_houzixd39","parent":"hip","rotation":45,"x":75.37,"y":19.42,"color":"0fff00ff"},{"name":"slwh_houzixd40","parent":"hip","x":106.36,"y":2.8,"scaleX":0.756,"scaleY":0.756,"color":"0fff00ff"},{"name":"slwh_houzixd41","parent":"hip","x":66.91,"y":-5.88,"scaleX":0.533,"scaleY":0.533,"color":"0fff00ff"},{"name":"slwh_houzixd42","parent":"hip","rotation":15,"x":67.71,"y":9.87,"scaleX":0.82,"scaleY":0.82,"color":"0fff00ff"},{"name":"slwh_houzixd43","parent":"hip","rotation":57.38,"x":42.92,"y":26.84,"scaleX":0.386,"scaleY":0.386}],"slots":[{"name":"slwh_houzixd","bone":"slwh_houzixd","blend":"additive"},{"name":"slwh_houzixd43","bone":"slwh_houzixd43","blend":"additive"},{"name":"slwh_houzixd2","bone":"slwh_houzixd2","blend":"additive"},{"name":"slwh_houzixd3","bone":"slwh_houzixd3","blend":"additive"},{"name":"slwh_houzixd4","bone":"slwh_houzixd4","blend":"additive"},{"name":"slwh_houzixd5","bone":"slwh_houzixd5","blend":"additive"},{"name":"slwh_houzixd6","bone":"slwh_houzixd6","blend":"additive"},{"name":"slwh_houzixd7","bone":"slwh_houzixd7","blend":"additive"},{"name":"slwh_houzixd8","bone":"slwh_houzixd8","blend":"additive"},{"name":"slwh_houzixd9","bone":"slwh_houzixd9","blend":"additive"},{"name":"slwh_houzixd10","bone":"slwh_houzixd10","blend":"additive"},{"name":"slwh_houzixd11","bone":"slwh_houzixd11","blend":"additive"},{"name":"slwh_houzixd12","bone":"slwh_houzixd12","blend":"additive"},{"name":"slwh_houzixd13","bone":"slwh_houzixd13","blend":"additive"},{"name":"slwh_houzixd14","bone":"slwh_houzixd14","blend":"additive"},{"name":"slwh_houzixd15","bone":"slwh_houzixd15","blend":"additive"},{"name":"slwh_houzixd16","bone":"slwh_houzixd16","blend":"additive"},{"name":"slwh_houzixd17","bone":"slwh_houzixd17","blend":"additive"},{"name":"slwh_houzixd18","bone":"slwh_houzixd18","blend":"additive"},{"name":"slwh_houzixd19","bone":"slwh_houzixd19","blend":"additive"},{"name":"slwh_houzixd20","bone":"slwh_houzixd20","blend":"additive"},{"name":"slwh_houzixd21","bone":"slwh_houzixd21","blend":"additive"},{"name":"slwh_houzixd22","bone":"slwh_houzixd22","blend":"additive"},{"name":"slwh_houzixd23","bone":"slwh_houzixd23","blend":"additive"},{"name":"slwh_houzixd24","bone":"slwh_houzixd24","blend":"additive"},{"name":"slwh_houzixd25","bone":"slwh_houzixd25","blend":"additive"},{"name":"slwh_houzixd26","bone":"slwh_houzixd26","blend":"additive"},{"name":"slwh_houzixd27","bone":"slwh_houzixd27","blend":"additive"},{"name":"slwh_houzixd28","bone":"slwh_houzixd28","blend":"additive"},{"name":"slwh_houzixd29","bone":"slwh_houzixd29","blend":"additive"},{"name":"slwh_houzixd30","bone":"slwh_houzixd30","blend":"additive"},{"name":"slwh_houzixd31","bone":"slwh_houzixd31","blend":"additive"},{"name":"slwh_houzixd32","bone":"slwh_houzixd32","blend":"additive"},{"name":"slwh_houzixd33","bone":"slwh_houzixd33","blend":"additive"},{"name":"slwh_houzixd34","bone":"slwh_houzixd34","blend":"additive"},{"name":"slwh_houzixd35","bone":"slwh_houzixd35","blend":"additive"},{"name":"slwh_houzixd36","bone":"slwh_houzixd36","blend":"additive"},{"name":"slwh_houzixd37","bone":"slwh_houzixd37","blend":"additive"},{"name":"slwh_houzixd38","bone":"slwh_houzixd38","blend":"additive"},{"name":"slwh_houzixd39","bone":"slwh_houzixd39","blend":"additive"},{"name":"slwh_houzixd40","bone":"slwh_houzixd40","blend":"additive"},{"name":"slwh_houzixd41","bone":"slwh_houzixd41","blend":"additive"},{"name":"slwh_houzixd42","bone":"slwh_houzixd42","blend":"additive"}],"skins":{"default":{"slwh_houzixd":{"slwh_houzixd":{"width":64,"height":64}},"slwh_houzixd10":{"slwh_houzixd":{"width":64,"height":64}},"slwh_houzixd11":{"slwh_houzixd":{"width":64,"height":64}},"slwh_houzixd12":{"slwh_houzixd":{"width":64,"height":64}},"slwh_houzixd13":{"slwh_houzixd":{"width":64,"height":64}},"slwh_houzixd14":{"slwh_houzixd":{"width":64,"height":64}},"slwh_houzixd15":{"slwh_houzixd":{"width":64,"height":64}},"slwh_houzixd16":{"slwh_houzixd":{"width":64,"height":64}},"slwh_houzixd17":{"slwh_houzixd":{"width":64,"height":64}},"slwh_houzixd18":{"slwh_houzixd":{"width":64,"height":64}},"slwh_houzixd19":{"slwh_houzixd":{"width":64,"height":64}},"slwh_houzixd2":{"slwh_houzixd":{"width":64,"height":64}},"slwh_houzixd20":{"slwh_houzixd":{"width":64,"height":64}},"slwh_houzixd21":{"slwh_houzixd":{"width":64,"height":64}},"slwh_houzixd22":{"slwh_houzixd":{"width":64,"height":64}},"slwh_houzixd23":{"slwh_houzixd":{"width":64,"height":64}},"slwh_houzixd24":{"slwh_houzixd":{"width":64,"height":64}},"slwh_houzixd25":{"slwh_houzixd":{"width":64,"height":64}},"slwh_houzixd26":{"slwh_houzixd":{"width":64,"height":64}},"slwh_houzixd27":{"slwh_houzixd":{"width":64,"height":64}},"slwh_houzixd28":{"slwh_houzixd":{"width":64,"height":64}},"slwh_houzixd29":{"slwh_houzixd":{"width":64,"height":64}},"slwh_houzixd3":{"slwh_houzixd":{"width":64,"height":64}},"slwh_houzixd30":{"slwh_houzixd":{"width":64,"height":64}},"slwh_houzixd31":{"slwh_houzixd":{"width":64,"height":64}},"slwh_houzixd32":{"slwh_houzixd":{"width":64,"height":64}},"slwh_houzixd33":{"slwh_houzixd":{"width":64,"height":64}},"slwh_houzixd34":{"slwh_houzixd":{"width":64,"height":64}},"slwh_houzixd35":{"slwh_houzixd":{"width":64,"height":64}},"slwh_houzixd36":{"slwh_houzixd":{"width":64,"height":64}},"slwh_houzixd37":{"slwh_houzixd":{"width":64,"height":64}},"slwh_houzixd38":{"slwh_houzixd":{"width":64,"height":64}},"slwh_houzixd39":{"slwh_houzixd":{"width":64,"height":64}},"slwh_houzixd4":{"slwh_houzixd":{"width":64,"height":64}},"slwh_houzixd40":{"slwh_houzixd":{"width":64,"height":64}},"slwh_houzixd41":{"slwh_houzixd":{"width":64,"height":64}},"slwh_houzixd42":{"slwh_houzixd":{"width":64,"height":64}},"slwh_houzixd43":{"slwh_houzixd":{"width":64,"height":64}},"slwh_houzixd5":{"slwh_houzixd":{"width":64,"height":64}},"slwh_houzixd6":{"slwh_houzixd":{"width":64,"height":64}},"slwh_houzixd7":{"slwh_houzixd":{"width":64,"height":64}},"slwh_houzixd8":{"slwh_houzixd":{"width":64,"height":64}},"slwh_houzixd9":{"slwh_houzixd":{"width":64,"height":64}}}},"animations":{"animation":{"slots":{"slwh_houzixd":{"color":[{"time":0,"color":"ffffff00","curve":[0.34,0.42,0.668,0.74]},{"time":0.3333,"color":"fffffffe","curve":"stepped"},{"time":0.4,"color":"fffffffe","curve":[0.351,0.4,0.757,1]},{"time":0.5,"color":"ffffff3c","curve":[0.326,0.4,0.658,0.73]},{"time":0.6667,"color":"ffffff80","curve":[0.323,0.42,0.655,0.75]},{"time":0.8333,"color":"ffffff22","curve":[0.32,0.46,0.652,0.79]},{"time":1,"color":"ffffff4a","curve":[0.318,0.65,0.65,0.95]},{"time":1.1667,"color":"ffffff00"}],"attachment":[{"time":0,"name":"slwh_houzixd"},{"time":1.1667,"name":null}]},"slwh_houzixd2":{"color":[{"time":0,"color":"ffffff00","curve":"stepped"},{"time":0.1,"color":"ffffff00","curve":[0.271,0,0.619,0.41]},{"time":0.4333,"color":"fffffffe","curve":"stepped"},{"time":0.5,"color":"fffffffe","curve":[0.351,0.4,0.757,1]},{"time":0.6,"color":"ffffff3c","curve":[0.332,0.33,0.668,0.67]},{"time":0.7667,"color":"ffffff80","curve":[0.341,0.36,0.678,0.7]},{"time":0.9333,"color":"ffffff22","curve":[0.352,0.41,0.689,0.76]},{"time":1.1,"color":"ffffff4a","curve":[0.367,0.63,0.705,1]},{"time":1.2667,"color":"ffffff00"}],"attachment":[{"time":0,"name":"slwh_houzixd"},{"time":0.1,"name":"slwh_houzixd"},{"time":1.2667,"name":null}]},"slwh_houzixd3":{"color":[{"time":0,"color":"ffffff00","curve":"stepped"},{"time":0.7333,"color":"ffffff00","curve":[0.271,0,0.619,0.41]},{"time":1.0667,"color":"fffffffe","curve":"stepped"},{"time":1.1333,"color":"fffffffe","curve":[0.351,0.4,0.757,1]},{"time":1.2333,"color":"ffffff3c","curve":[0.332,0.33,0.668,0.67]},{"time":1.4,"color":"ffffff80","curve":[0.341,0.36,0.678,0.7]},{"time":1.5667,"color":"ffffff22","curve":[0.352,0.41,0.689,0.76]},{"time":1.7333,"color":"ffffff4a","curve":[0.367,0.63,0.705,1]},{"time":1.9,"color":"ffffff00"}],"attachment":[{"time":0,"name":"slwh_houzixd"},{"time":0.7333,"name":"slwh_houzixd"},{"time":1.9,"name":null}]},"slwh_houzixd4":{"color":[{"time":0,"color":"ffffff00","curve":"stepped"},{"time":0.9,"color":"ffffff00","curve":[0.271,0,0.619,0.41]},{"time":1.2333,"color":"fffffffe","curve":"stepped"},{"time":1.3,"color":"fffffffe","curve":[0.351,0.4,0.757,1]},{"time":1.4,"color":"ffffff3c","curve":[0.332,0.33,0.668,0.67]},{"time":1.5667,"color":"ffffff80","curve":[0.341,0.36,0.678,0.7]},{"time":1.7333,"color":"ffffff22","curve":[0.352,0.41,0.689,0.76]},{"time":1.9,"color":"ffffff4a","curve":[0.367,0.63,0.705,1]},{"time":2.0667,"color":"ffffff00"}],"attachment":[{"time":0,"name":"slwh_houzixd"},{"time":0.9,"name":"slwh_houzixd"},{"time":2.0667,"name":null}]},"slwh_houzixd5":{"color":[{"time":0,"color":"ffffff00","curve":"stepped"},{"time":1.0333,"color":"ffffff00","curve":[0.271,0,0.619,0.41]},{"time":1.3667,"color":"fffffffe","curve":"stepped"},{"time":1.4333,"color":"fffffffe","curve":[0.351,0.4,0.757,1]},{"time":1.5333,"color":"ffffff3c","curve":[0.332,0.33,0.668,0.67]},{"time":1.7,"color":"ffffff80","curve":[0.341,0.36,0.678,0.7]},{"time":1.8667,"color":"ffffff22","curve":[0.352,0.41,0.689,0.76]},{"time":2.0333,"color":"ffffff4a","curve":[0.367,0.63,0.705,1]},{"time":2.2,"color":"ffffff00"}],"attachment":[{"time":0,"name":"slwh_houzixd"},{"time":1.0333,"name":"slwh_houzixd"},{"time":2.2,"name":null}]},"slwh_houzixd6":{"color":[{"time":0,"color":"ffffff00","curve":"stepped"},{"time":1.2,"color":"ffffff00","curve":[0.271,0,0.619,0.41]},{"time":1.5333,"color":"fffffffe","curve":"stepped"},{"time":1.6,"color":"fffffffe","curve":[0.351,0.4,0.757,1]},{"time":1.7,"color":"ffffff3c","curve":[0.332,0.33,0.668,0.67]},{"time":1.8667,"color":"ffffff80","curve":[0.341,0.36,0.678,0.7]},{"time":2.0333,"color":"ffffff22","curve":[0.352,0.41,0.689,0.76]},{"time":2.2,"color":"ffffff4a","curve":[0.367,0.63,0.705,1]},{"time":2.3667,"color":"ffffff00"}],"attachment":[{"time":0,"name":"slwh_houzixd"},{"time":1.2,"name":"slwh_houzixd"},{"time":2.3667,"name":null}]},"slwh_houzixd7":{"color":[{"time":0,"color":"ffffff00","curve":"stepped"},{"time":1.3,"color":"ffffff00","curve":[0.271,0,0.619,0.41]},{"time":1.6333,"color":"fffffffe","curve":"stepped"},{"time":1.7,"color":"fffffffe","curve":[0.351,0.4,0.757,1]},{"time":1.8,"color":"ffffff3c","curve":[0.332,0.33,0.668,0.67]},{"time":1.9667,"color":"ffffff80","curve":[0.341,0.36,0.678,0.7]},{"time":2.1333,"color":"ffffff22","curve":[0.352,0.41,0.689,0.76]},{"time":2.3,"color":"ffffff4a","curve":[0.367,0.63,0.705,1]},{"time":2.4667,"color":"ffffff00"}],"attachment":[{"time":0,"name":"slwh_houzixd"},{"time":1.3,"name":"slwh_houzixd"},{"time":2.4667,"name":null}]},"slwh_houzixd8":{"color":[{"time":0,"color":"ffffff00","curve":"stepped"},{"time":1.4667,"color":"ffffff00","curve":[0.271,0,0.619,0.41]},{"time":1.8,"color":"fffffffe","curve":"stepped"},{"time":1.8667,"color":"fffffffe","curve":[0.351,0.4,0.757,1]},{"time":1.9667,"color":"ffffff3c","curve":[0.332,0.33,0.668,0.67]},{"time":2.1333,"color":"ffffff80","curve":[0.341,0.36,0.678,0.7]},{"time":2.3,"color":"ffffff22","curve":[0.352,0.41,0.689,0.76]},{"time":2.4667,"color":"ffffff4a","curve":[0.367,0.63,0.705,1]},{"time":2.6333,"color":"ffffff00"}],"attachment":[{"time":0,"name":"slwh_houzixd"},{"time":1.4667,"name":"slwh_houzixd"},{"time":2.6333,"name":null}]},"slwh_houzixd9":{"color":[{"time":0,"color":"ffffff00","curve":"stepped"},{"time":1.6,"color":"ffffff00","curve":[0.271,0,0.619,0.41]},{"time":1.9333,"color":"fffffffe","curve":"stepped"},{"time":2,"color":"fffffffe","curve":[0.351,0.4,0.757,1]},{"time":2.1,"color":"ffffff3c","curve":[0.332,0.33,0.668,0.67]},{"time":2.2667,"color":"ffffff80","curve":[0.341,0.36,0.678,0.7]},{"time":2.4333,"color":"ffffff22","curve":[0.352,0.41,0.689,0.76]},{"time":2.6,"color":"ffffff4a","curve":[0.367,0.63,0.705,1]},{"time":2.7667,"color":"ffffff00"}],"attachment":[{"time":0,"name":"slwh_houzixd"},{"time":1.6,"name":"slwh_houzixd"},{"time":2.7667,"name":null}]},"slwh_houzixd10":{"color":[{"time":0,"color":"ffffff00","curve":"stepped"},{"time":1.6667,"color":"ffffff00","curve":[0.271,0,0.619,0.41]},{"time":2,"color":"fffffffe","curve":"stepped"},{"time":2.0667,"color":"fffffffe","curve":[0.351,0.4,0.757,1]},{"time":2.1667,"color":"ffffff3c","curve":[0.332,0.33,0.668,0.67]},{"time":2.3333,"color":"ffffff80","curve":[0.341,0.36,0.678,0.7]},{"time":2.5,"color":"ffffff22","curve":[0.352,0.41,0.689,0.76]},{"time":2.6667,"color":"ffffff4a","curve":[0.367,0.63,0.705,1]},{"time":2.7333,"color":"ffffff00"}],"attachment":[{"time":0,"name":"slwh_houzixd"},{"time":1.6667,"name":"slwh_houzixd"},{"time":2.7333,"name":null}]},"slwh_houzixd11":{"color":[{"time":0,"color":"ffffff00","curve":"stepped"},{"time":1.7333,"color":"ffffff00","curve":[0.271,0,0.619,0.41]},{"time":2.0667,"color":"fffffffe","curve":"stepped"},{"time":2.1333,"color":"fffffffe","curve":[0.351,0.4,0.757,1]},{"time":2.2333,"color":"ffffff3c","curve":[0.332,0.33,0.668,0.67]},{"time":2.4,"color":"ffffff80","curve":[0.341,0.36,0.678,0.7]},{"time":2.5667,"color":"ffffff22","curve":[0.352,0.41,0.689,0.76]},{"time":2.7333,"color":"ffffff4a","curve":[0.367,0.63,0.705,1]},{"time":2.8,"color":"ffffff00"}],"attachment":[{"time":0,"name":"slwh_houzixd"},{"time":1.7333,"name":"slwh_houzixd"},{"time":2.8,"name":null}]},"slwh_houzixd12":{"color":[{"time":0,"color":"ffffff00","curve":"stepped"},{"time":1.8,"color":"ffffff00","curve":[0.271,0,0.619,0.41]},{"time":2.1333,"color":"fffffffe","curve":"stepped"},{"time":2.2,"color":"fffffffe","curve":[0.351,0.4,0.757,1]},{"time":2.3,"color":"ffffff3c","curve":[0.332,0.33,0.668,0.67]},{"time":2.4667,"color":"ffffff80","curve":[0.341,0.36,0.678,0.7]},{"time":2.6333,"color":"ffffff22","curve":[0.352,0.41,0.689,0.76]},{"time":2.8,"color":"ffffff4a","curve":[0.367,0.63,0.705,1]},{"time":2.9667,"color":"ffffff00"}],"attachment":[{"time":0,"name":"slwh_houzixd"},{"time":1.8,"name":"slwh_houzixd"},{"time":2.9667,"name":null}]},"slwh_houzixd13":{"color":[{"time":0,"color":"ffffff00","curve":"stepped"},{"time":1.9333,"color":"ffffff00","curve":[0.271,0,0.619,0.41]},{"time":2.2667,"color":"fffffffe","curve":"stepped"},{"time":2.3333,"color":"fffffffe","curve":[0.351,0.4,0.757,1]},{"time":2.4333,"color":"ffffff3c","curve":[0.332,0.33,0.668,0.67]},{"time":2.6,"color":"ffffff80","curve":[0.341,0.36,0.678,0.7]},{"time":2.7667,"color":"ffffff22","curve":[0.352,0.41,0.689,0.76]},{"time":2.9333,"color":"ffffff4a","curve":[0.367,0.63,0.705,1]},{"time":3.1,"color":"ffffff00"}],"attachment":[{"time":0,"name":"slwh_houzixd"},{"time":1.9333,"name":"slwh_houzixd"},{"time":3.1,"name":null}]},"slwh_houzixd14":{"color":[{"time":0,"color":"ffffff00","curve":"stepped"},{"time":2.2333,"color":"ffffff00","curve":[0.271,0,0.619,0.41]},{"time":2.5667,"color":"fffffffe","curve":"stepped"},{"time":2.6333,"color":"fffffffe","curve":[0.351,0.4,0.757,1]},{"time":2.7333,"color":"ffffff3c","curve":[0.332,0.33,0.668,0.67]},{"time":2.9,"color":"ffffff80","curve":[0.341,0.36,0.678,0.7]},{"time":3.0667,"color":"ffffff22","curve":[0.352,0.41,0.689,0.76]},{"time":3.2333,"color":"ffffff4a","curve":[0.367,0.63,0.705,1]},{"time":3.4,"color":"ffffff00"}],"attachment":[{"time":0,"name":"slwh_houzixd"},{"time":2.2333,"name":"slwh_houzixd"},{"time":3.4,"name":null}]},"slwh_houzixd15":{"color":[{"time":0,"color":"ffffff00","curve":"stepped"},{"time":2.3,"color":"ffffff00","curve":[0.271,0,0.619,0.41]},{"time":2.6333,"color":"fffffffe","curve":"stepped"},{"time":2.7,"color":"fffffffe","curve":[0.351,0.4,0.757,1]},{"time":2.8,"color":"ffffff3c","curve":[0.332,0.33,0.668,0.67]},{"time":2.9667,"color":"ffffff80","curve":[0.341,0.36,0.678,0.7]},{"time":3.1333,"color":"ffffff22","curve":[0.352,0.41,0.689,0.76]},{"time":3.3,"color":"ffffff4a","curve":[0.367,0.63,0.705,1]},{"time":3.4667,"color":"ffffff00"}],"attachment":[{"time":0,"name":"slwh_houzixd"},{"time":2.3,"name":"slwh_houzixd"},{"time":3.4667,"name":null}]},"slwh_houzixd16":{"color":[{"time":0,"color":"ffffff00","curve":"stepped"},{"time":2.4,"color":"ffffff00","curve":[0.271,0,0.619,0.41]},{"time":2.7333,"color":"fffffffe","curve":"stepped"},{"time":2.8,"color":"fffffffe","curve":[0.351,0.4,0.757,1]},{"time":2.9,"color":"ffffff3c","curve":[0.332,0.33,0.668,0.67]},{"time":3.0667,"color":"ffffff80","curve":[0.341,0.36,0.678,0.7]},{"time":3.2333,"color":"ffffff22","curve":[0.352,0.41,0.689,0.76]},{"time":3.4,"color":"ffffff4a","curve":[0.367,0.63,0.705,1]},{"time":3.5667,"color":"ffffff00"}],"attachment":[{"time":0,"name":"slwh_houzixd"},{"time":2.4,"name":"slwh_houzixd"},{"time":3.5667,"name":null}]},"slwh_houzixd17":{"color":[{"time":0,"color":"ffffff00","curve":"stepped"},{"time":2.6,"color":"ffffff00","curve":[0.271,0,0.619,0.41]},{"time":2.9333,"color":"fffffffe","curve":"stepped"},{"time":3,"color":"fffffffe","curve":[0.351,0.4,0.757,1]},{"time":3.1,"color":"ffffff3c","curve":[0.332,0.33,0.668,0.67]},{"time":3.2667,"color":"ffffff80","curve":[0.341,0.36,0.678,0.7]},{"time":3.4333,"color":"ffffff22","curve":[0.352,0.41,0.689,0.76]},{"time":3.6,"color":"ffffff4a","curve":[0.367,0.63,0.705,1]},{"time":3.7667,"color":"ffffff00"}],"attachment":[{"time":0,"name":"slwh_houzixd"},{"time":2.6,"name":"slwh_houzixd"},{"time":3.7667,"name":null}]},"slwh_houzixd18":{"color":[{"time":0,"color":"ffffff00","curve":"stepped"},{"time":2.6,"color":"ffffff00","curve":[0.271,0,0.619,0.41]},{"time":2.9333,"color":"fffffffe","curve":"stepped"},{"time":3,"color":"fffffffe","curve":[0.351,0.4,0.757,1]},{"time":3.1,"color":"ffffff3c","curve":[0.332,0.33,0.668,0.67]},{"time":3.2667,"color":"ffffff80","curve":[0.341,0.36,0.678,0.7]},{"time":3.4333,"color":"ffffff22","curve":[0.352,0.41,0.689,0.76]},{"time":3.6,"color":"ffffff4a","curve":[0.367,0.63,0.705,1]},{"time":3.7667,"color":"ffffff00"}],"attachment":[{"time":0,"name":"slwh_houzixd"},{"time":2.6,"name":"slwh_houzixd"},{"time":3.7667,"name":null}]},"slwh_houzixd19":{"color":[{"time":0,"color":"ffffff00","curve":"stepped"},{"time":2.8,"color":"ffffff00","curve":[0.271,0,0.619,0.41]},{"time":3.1333,"color":"fffffffe","curve":"stepped"},{"time":3.2,"color":"fffffffe","curve":[0.351,0.4,0.757,1]},{"time":3.3,"color":"ffffff3c","curve":[0.332,0.33,0.668,0.67]},{"time":3.4667,"color":"ffffff80","curve":[0.341,0.36,0.678,0.7]},{"time":3.6333,"color":"ffffff22","curve":[0.352,0.41,0.689,0.76]},{"time":3.8,"color":"ffffff4a","curve":[0.367,0.63,0.705,1]},{"time":3.9667,"color":"ffffff00"}],"attachment":[{"time":0,"name":"slwh_houzixd"},{"time":2.8,"name":"slwh_houzixd"},{"time":3.9667,"name":null}]},"slwh_houzixd20":{"color":[{"time":0,"color":"ffffff00","curve":"stepped"},{"time":2.6667,"color":"ffffff00","curve":[0.271,0,0.619,0.41]},{"time":3,"color":"fffffffe","curve":"stepped"},{"time":3.0667,"color":"fffffffe","curve":[0.351,0.4,0.757,1]},{"time":3.1667,"color":"ffffff3c","curve":[0.332,0.33,0.668,0.67]},{"time":3.3333,"color":"ffffff80","curve":[0.341,0.36,0.678,0.7]},{"time":3.5,"color":"ffffff22","curve":[0.352,0.41,0.689,0.76]},{"time":3.6667,"color":"ffffff4a","curve":[0.367,0.63,0.705,1]},{"time":3.8333,"color":"ffffff00"}],"attachment":[{"time":0,"name":"slwh_houzixd"},{"time":2.6667,"name":"slwh_houzixd"},{"time":3.8333,"name":null}]},"slwh_houzixd21":{"color":[{"time":0,"color":"ffffff00","curve":"stepped"},{"time":2.8667,"color":"ffffff00","curve":[0.271,0,0.619,0.41]},{"time":3.2,"color":"fffffffe","curve":"stepped"},{"time":3.2667,"color":"fffffffe","curve":[0.351,0.4,0.757,1]},{"time":3.3667,"color":"ffffff3c","curve":[0.332,0.33,0.668,0.67]},{"time":3.5333,"color":"ffffff80","curve":[0.341,0.36,0.678,0.7]},{"time":3.7,"color":"ffffff22","curve":[0.352,0.41,0.689,0.76]},{"time":3.8667,"color":"ffffff4a","curve":[0.367,0.63,0.705,1]},{"time":4.0333,"color":"ffffff00"}],"attachment":[{"time":0,"name":"slwh_houzixd"},{"time":2.8667,"name":"slwh_houzixd"},{"time":4.0333,"name":null}]},"slwh_houzixd22":{"color":[{"time":0,"color":"ffffff00","curve":"stepped"},{"time":2.9,"color":"ffffff00","curve":[0.271,0,0.619,0.41]},{"time":3.2333,"color":"fffffffe","curve":"stepped"},{"time":3.3,"color":"fffffffe","curve":[0.351,0.4,0.757,1]},{"time":3.4,"color":"ffffff3c","curve":[0.332,0.33,0.668,0.67]},{"time":3.5667,"color":"ffffff80","curve":[0.341,0.36,0.678,0.7]},{"time":3.7333,"color":"ffffff22","curve":[0.352,0.41,0.689,0.76]},{"time":3.9,"color":"ffffff4a","curve":[0.367,0.63,0.705,1]},{"time":3.9667,"color":"ffffff00"}],"attachment":[{"time":0,"name":"slwh_houzixd"},{"time":2.9,"name":"slwh_houzixd"},{"time":3.9667,"name":null}]},"slwh_houzixd23":{"color":[{"time":0,"color":"ffffff00","curve":"stepped"},{"time":3.0333,"color":"ffffff00","curve":[0.271,0,0.619,0.41]},{"time":3.3667,"color":"fffffffe","curve":"stepped"},{"time":3.4333,"color":"fffffffe","curve":[0.351,0.4,0.757,1]},{"time":3.5333,"color":"ffffff3c","curve":[0.332,0.33,0.668,0.67]},{"time":3.7,"color":"ffffff80","curve":[0.341,0.36,0.678,0.7]},{"time":3.8667,"color":"ffffff22","curve":[0.352,0.41,0.689,0.76]},{"time":4.0333,"color":"ffffff4a","curve":[0.367,0.63,0.705,1]},{"time":4.1,"color":"ffffff00"}],"attachment":[{"time":0,"name":"slwh_houzixd"},{"time":3.0333,"name":"slwh_houzixd"},{"time":4.1,"name":null}]},"slwh_houzixd24":{"color":[{"time":0,"color":"ffffff00","curve":"stepped"},{"time":3.0667,"color":"ffffff00","curve":[0.271,0,0.619,0.41]},{"time":3.4,"color":"fffffffe","curve":"stepped"},{"time":3.4667,"color":"fffffffe","curve":[0.351,0.4,0.757,1]},{"time":3.5667,"color":"ffffff3c","curve":[0.332,0.33,0.668,0.67]},{"time":3.7333,"color":"ffffff80","curve":[0.341,0.36,0.678,0.7]},{"time":3.9,"color":"ffffff22","curve":[0.352,0.41,0.689,0.76]},{"time":4.0667,"color":"ffffff4a","curve":[0.367,0.63,0.705,1]},{"time":4.1333,"color":"ffffff00"}],"attachment":[{"time":0,"name":"slwh_houzixd"},{"time":3.0667,"name":"slwh_houzixd"},{"time":4.1333,"name":null}]},"slwh_houzixd25":{"color":[{"time":0,"color":"ffffff00","curve":"stepped"},{"time":3.2333,"color":"ffffff00","curve":[0.271,0,0.619,0.41]},{"time":3.5667,"color":"fffffffe","curve":"stepped"},{"time":3.6333,"color":"fffffffe","curve":[0.351,0.4,0.757,1]},{"time":3.7333,"color":"ffffff3c","curve":[0.332,0.33,0.668,0.67]},{"time":3.9,"color":"ffffff80","curve":[0.341,0.36,0.678,0.7]},{"time":4.0667,"color":"ffffff22","curve":[0.352,0.41,0.689,0.76]},{"time":4.1333,"color":"ffffff4a","curve":[0.367,0.63,0.705,1]},{"time":4.3,"color":"ffffff00"}],"attachment":[{"time":0,"name":"slwh_houzixd"},{"time":3.2333,"name":"slwh_houzixd"},{"time":4.3,"name":null}]},"slwh_houzixd26":{"color":[{"time":0,"color":"ffffff00","curve":"stepped"},{"time":3.3667,"color":"ffffff00","curve":[0.271,0,0.619,0.41]},{"time":3.7,"color":"fffffffe","curve":"stepped"},{"time":3.7667,"color":"fffffffe","curve":[0.351,0.4,0.757,1]},{"time":3.8667,"color":"ffffff3c","curve":[0.332,0.33,0.668,0.67]},{"time":4.0333,"color":"ffffff80","curve":[0.341,0.36,0.678,0.7]},{"time":4.2,"color":"ffffff22","curve":[0.352,0.41,0.689,0.76]},{"time":4.2667,"color":"ffffff4a","curve":[0.367,0.63,0.705,1]},{"time":4.4333,"color":"ffffff00"}],"attachment":[{"time":0,"name":"slwh_houzixd"},{"time":3.3667,"name":"slwh_houzixd"},{"time":4.4333,"name":null}]},"slwh_houzixd27":{"color":[{"time":0,"color":"ffffff00","curve":"stepped"},{"time":3.4333,"color":"ffffff00","curve":[0.271,0,0.619,0.41]},{"time":3.7667,"color":"fffffffe","curve":"stepped"},{"time":3.8333,"color":"fffffffe","curve":[0.351,0.4,0.757,1]},{"time":3.9333,"color":"ffffff3c","curve":[0.332,0.33,0.668,0.67]},{"time":4.1,"color":"ffffff80","curve":[0.341,0.36,0.678,0.7]},{"time":4.1667,"color":"ffffff22","curve":[0.352,0.41,0.689,0.76]},{"time":4.3333,"color":"ffffff4a","curve":[0.367,0.63,0.705,1]},{"time":4.5,"color":"ffffff00"}],"attachment":[{"time":0,"name":"slwh_houzixd"},{"time":3.4333,"name":"slwh_houzixd"},{"time":4.5,"name":null}]},"slwh_houzixd28":{"color":[{"time":0,"color":"ffffff00","curve":"stepped"},{"time":3.7333,"color":"ffffff00","curve":[0.271,0,0.619,0.41]},{"time":4.0667,"color":"fffffffe","curve":"stepped"},{"time":4.1333,"color":"fffffffe","curve":[0.351,0.4,0.757,1]},{"time":4.2333,"color":"ffffff3c","curve":[0.332,0.33,0.668,0.67]},{"time":4.4,"color":"ffffff80","curve":[0.341,0.36,0.678,0.7]},{"time":4.4667,"color":"ffffff22","curve":[0.352,0.41,0.689,0.76]},{"time":4.6333,"color":"ffffff4a","curve":[0.367,0.63,0.705,1]},{"time":4.8,"color":"ffffff00"}],"attachment":[{"time":0,"name":"slwh_houzixd"},{"time":3.7333,"name":"slwh_houzixd"},{"time":4.8,"name":null}]},"slwh_houzixd29":{"color":[{"time":0,"color":"ffffff00","curve":"stepped"},{"time":3.6,"color":"ffffff00","curve":[0.271,0,0.619,0.41]},{"time":3.9333,"color":"fffffffe","curve":"stepped"},{"time":4,"color":"fffffffe","curve":[0.351,0.4,0.757,1]},{"time":4.1,"color":"ffffff3c","curve":[0.332,0.33,0.668,0.67]},{"time":4.2667,"color":"ffffff80","curve":[0.341,0.36,0.678,0.7]},{"time":4.3333,"color":"ffffff22","curve":[0.352,0.41,0.689,0.76]},{"time":4.5,"color":"ffffff4a","curve":[0.367,0.63,0.705,1]},{"time":4.6667,"color":"ffffff00"}],"attachment":[{"time":0,"name":"slwh_houzixd"},{"time":3.6,"name":"slwh_houzixd"},{"time":4.6667,"name":null}]},"slwh_houzixd30":{"color":[{"time":0,"color":"ffffff00","curve":"stepped"},{"time":3.6333,"color":"ffffff00","curve":[0.271,0,0.619,0.41]},{"time":3.9667,"color":"fffffffe","curve":"stepped"},{"time":4.0333,"color":"fffffffe","curve":[0.351,0.4,0.757,1]},{"time":4.1333,"color":"ffffff3c","curve":[0.332,0.33,0.668,0.67]},{"time":4.2,"color":"ffffff80","curve":[0.341,0.36,0.678,0.7]},{"time":4.3667,"color":"ffffff22","curve":[0.352,0.41,0.689,0.76]},{"time":4.5333,"color":"ffffff4a","curve":[0.367,0.63,0.705,1]},{"time":4.7,"color":"ffffff00"}],"attachment":[{"time":0,"name":"slwh_houzixd"},{"time":3.6333,"name":"slwh_houzixd"},{"time":4.7,"name":null}]},"slwh_houzixd31":{"color":[{"time":0,"color":"ffffff00","curve":"stepped"},{"time":0.4,"color":"ffffff00","curve":[0.271,0,0.619,0.41]},{"time":0.7333,"color":"fffffffe","curve":"stepped"},{"time":0.8,"color":"fffffffe","curve":[0.351,0.4,0.757,1]},{"time":0.9,"color":"ffffff3c","curve":[0.332,0.33,0.668,0.67]},{"time":0.9667,"color":"ffffff80","curve":[0.341,0.36,0.678,0.7]},{"time":1.1333,"color":"ffffff22","curve":[0.352,0.41,0.689,0.76]},{"time":1.3,"color":"ffffff4a","curve":[0.367,0.63,0.705,1]},{"time":1.4667,"color":"ffffff00"}],"attachment":[{"time":0,"name":"slwh_houzixd"},{"time":0.4,"name":"slwh_houzixd"},{"time":1.4667,"name":null}]},"slwh_houzixd32":{"color":[{"time":0,"color":"ffffff00","curve":"stepped"},{"time":0.0667,"color":"ffffff00","curve":[0.271,0,0.619,0.41]},{"time":0.4,"color":"fffffffe","curve":"stepped"},{"time":0.4667,"color":"fffffffe","curve":[0.351,0.4,0.757,1]},{"time":0.6333,"color":"ffffff80","curve":[0.341,0.36,0.678,0.7]},{"time":0.8,"color":"ffffff22","curve":[0.352,0.41,0.689,0.76]},{"time":0.9667,"color":"ffffff4a","curve":[0.367,0.63,0.705,1]},{"time":1.1333,"color":"ffffff00"}],"attachment":[{"time":0,"name":"slwh_houzixd"},{"time":0.0667,"name":"slwh_houzixd"},{"time":1.1333,"name":null}]},"slwh_houzixd33":{"color":[{"time":0,"color":"ffffff00","curve":"stepped"},{"time":0.2,"color":"ffffff00","curve":[0.271,0,0.619,0.41]},{"time":0.5333,"color":"fffffffe","curve":"stepped"},{"time":0.6,"color":"fffffffe","curve":[0.351,0.4,0.757,1]},{"time":0.7667,"color":"ffffff80","curve":[0.341,0.36,0.678,0.7]},{"time":0.9333,"color":"ffffff22","curve":[0.352,0.41,0.689,0.76]},{"time":1.1,"color":"ffffff4a","curve":[0.367,0.63,0.705,1]},{"time":1.2667,"color":"ffffff00"}],"attachment":[{"time":0,"name":"slwh_houzixd"},{"time":0.2,"name":"slwh_houzixd"},{"time":1.2667,"name":null}]},"slwh_houzixd34":{"color":[{"time":0,"color":"ffffff00","curve":"stepped"},{"time":0.0667,"color":"ffffff00","curve":[0.271,0,0.619,0.41]},{"time":0.3667,"color":"fffffffe","curve":"stepped"},{"time":0.4,"color":"fffffffe","curve":[0.322,0.3,0.659,0.64]},{"time":0.4667,"color":"ffffff3c","curve":[0.332,0.33,0.668,0.67]},{"time":0.6333,"color":"ffffff80","curve":[0.341,0.36,0.678,0.7]},{"time":0.8,"color":"ffffff22","curve":[0.352,0.41,0.689,0.76]},{"time":0.9667,"color":"ffffff4a","curve":[0.367,0.63,0.705,1]},{"time":1.1333,"color":"ffffff00"}],"attachment":[{"time":0,"name":"slwh_houzixd"},{"time":0.0667,"name":"slwh_houzixd"},{"time":1.1333,"name":null}]},"slwh_houzixd35":{"color":[{"time":0,"color":"ffffff00","curve":"stepped"},{"time":1.3333,"color":"ffffff00","curve":[0.271,0,0.619,0.41]},{"time":1.5667,"color":"fffffffe","curve":"stepped"},{"time":1.6333,"color":"fffffffe","curve":[0.351,0.4,0.757,1]},{"time":1.7333,"color":"ffffff3c","curve":[0.332,0.33,0.668,0.67]},{"time":1.9,"color":"ffffff80","curve":[0.341,0.36,0.678,0.7]},{"time":2.0667,"color":"ffffff22","curve":[0.352,0.41,0.689,0.76]},{"time":2.2333,"color":"ffffff4a","curve":[0.367,0.63,0.705,1]},{"time":2.4,"color":"ffffff00","curve":"stepped"},{"time":2.4333,"color":"ffffff00"}],"attachment":[{"time":0,"name":"slwh_houzixd"},{"time":1.3333,"name":"slwh_houzixd"},{"time":2.4333,"name":null}]},"slwh_houzixd36":{"color":[{"time":0,"color":"ffffff00","curve":"stepped"},{"time":1.9667,"color":"ffffff00","curve":[0.271,0,0.619,0.41]},{"time":2.2,"color":"fffffffe","curve":"stepped"},{"time":2.2667,"color":"fffffffe","curve":[0.351,0.4,0.757,1]},{"time":2.3667,"color":"ffffff3c","curve":[0.332,0.33,0.668,0.67]},{"time":2.5333,"color":"ffffff80","curve":[0.341,0.36,0.678,0.7]},{"time":2.7,"color":"ffffff22","curve":[0.352,0.41,0.689,0.76]},{"time":2.8667,"color":"ffffff4a","curve":[0.367,0.63,0.705,1]},{"time":3.0333,"color":"ffffff00","curve":"stepped"},{"time":3.0667,"color":"ffffff00"}],"attachment":[{"time":0,"name":"slwh_houzixd"},{"time":1.9667,"name":"slwh_houzixd"},{"time":3.0667,"name":null}]},"slwh_houzixd37":{"color":[{"time":0,"color":"ffffff00","curve":"stepped"},{"time":1.7333,"color":"ffffff00","curve":[0.271,0,0.619,0.41]},{"time":2.0667,"color":"fffffffe","curve":"stepped"},{"time":2.1333,"color":"fffffffe","curve":[0.351,0.4,0.757,1]},{"time":2.2333,"color":"ffffff3c","curve":[0.332,0.33,0.668,0.67]},{"time":2.4,"color":"ffffff80","curve":[0.341,0.36,0.678,0.7]},{"time":2.5667,"color":"ffffff22","curve":[0.352,0.41,0.689,0.76]},{"time":2.7333,"color":"ffffff4a","curve":[0.367,0.63,0.705,1]},{"time":2.9,"color":"ffffff00","curve":"stepped"},{"time":2.9333,"color":"ffffff00"}],"attachment":[{"time":0,"name":"slwh_houzixd"},{"time":1.7333,"name":"slwh_houzixd"},{"time":2.9333,"name":null}]},"slwh_houzixd38":{"color":[{"time":0,"color":"ffffff00","curve":"stepped"},{"time":1.8,"color":"ffffff00","curve":[0.271,0,0.619,0.41]},{"time":2.1333,"color":"fffffffe","curve":"stepped"},{"time":2.2,"color":"fffffffe","curve":[0.351,0.4,0.757,1]},{"time":2.3,"color":"ffffff3c","curve":[0.332,0.33,0.668,0.67]},{"time":2.4667,"color":"ffffff80","curve":[0.341,0.36,0.678,0.7]},{"time":2.6333,"color":"ffffff22","curve":[0.352,0.41,0.689,0.76]},{"time":2.8,"color":"ffffff4a","curve":[0.367,0.63,0.705,1]},{"time":2.9667,"color":"ffffff00","curve":"stepped"},{"time":3,"color":"ffffff00"}],"attachment":[{"time":0,"name":"slwh_houzixd"},{"time":1.8,"name":"slwh_houzixd"},{"time":3,"name":null}]},"slwh_houzixd39":{"color":[{"time":0,"color":"ffffff00","curve":"stepped"},{"time":1.8667,"color":"ffffff00","curve":[0.271,0,0.619,0.41]},{"time":2.2,"color":"fffffffe","curve":"stepped"},{"time":2.2667,"color":"fffffffe","curve":[0.351,0.4,0.757,1]},{"time":2.3667,"color":"ffffff3c","curve":[0.332,0.33,0.668,0.67]},{"time":2.5333,"color":"ffffff80","curve":[0.341,0.36,0.678,0.7]},{"time":2.7,"color":"ffffff22","curve":[0.352,0.41,0.689,0.76]},{"time":2.8667,"color":"ffffff4a","curve":[0.367,0.63,0.705,1]},{"time":3.0333,"color":"ffffff00","curve":"stepped"},{"time":3.0667,"color":"ffffff00"}],"attachment":[{"time":0,"name":"slwh_houzixd"},{"time":1.8667,"name":"slwh_houzixd"},{"time":3.0667,"name":null}]},"slwh_houzixd40":{"color":[{"time":0,"color":"ffffff00","curve":"stepped"},{"time":2.2333,"color":"ffffff00","curve":[0.271,0,0.619,0.41]},{"time":2.5667,"color":"fffffffe","curve":"stepped"},{"time":2.6333,"color":"fffffffe","curve":[0.351,0.4,0.757,1]},{"time":2.7333,"color":"ffffff3c","curve":[0.332,0.33,0.668,0.67]},{"time":2.9,"color":"ffffff80","curve":[0.341,0.36,0.678,0.7]},{"time":3.0667,"color":"ffffff22","curve":[0.352,0.41,0.689,0.76]},{"time":3.2333,"color":"ffffff4a","curve":[0.367,0.63,0.705,1]},{"time":3.4,"color":"ffffff00","curve":"stepped"},{"time":3.4333,"color":"ffffff00"}],"attachment":[{"time":0,"name":"slwh_houzixd"},{"time":2.2333,"name":"slwh_houzixd"},{"time":3.4333,"name":null}]},"slwh_houzixd41":{"color":[{"time":0,"color":"ffffff00","curve":"stepped"},{"time":2.4667,"color":"ffffff00","curve":[0.271,0,0.619,0.41]},{"time":2.8,"color":"fffffffe","curve":"stepped"},{"time":2.8667,"color":"fffffffe","curve":[0.351,0.4,0.757,1]},{"time":2.9667,"color":"ffffff3c","curve":[0.332,0.33,0.668,0.67]},{"time":3.1333,"color":"ffffff80","curve":[0.341,0.36,0.678,0.7]},{"time":3.3,"color":"ffffff22","curve":[0.352,0.41,0.689,0.76]},{"time":3.4667,"color":"ffffff4a","curve":[0.367,0.63,0.705,1]},{"time":3.6333,"color":"ffffff00","curve":"stepped"},{"time":3.6667,"color":"ffffff00"}],"attachment":[{"time":0,"name":"slwh_houzixd"},{"time":2.4667,"name":"slwh_houzixd"},{"time":3.6667,"name":null}]},"slwh_houzixd42":{"color":[{"time":0,"color":"ffffff00","curve":"stepped"},{"time":2.3667,"color":"ffffff00","curve":[0.311,0.8,0.582,1]},{"time":2.6667,"color":"fffffffe","curve":"stepped"},{"time":2.7667,"color":"fffffffe","curve":[0.351,0.4,0.757,1]},{"time":2.8333,"color":"ffffff3c","curve":[0.332,0.33,0.668,0.67]},{"time":3,"color":"ffffff80","curve":[0.341,0.36,0.678,0.7]},{"time":3.1667,"color":"ffffff22","curve":[0.352,0.41,0.689,0.76]},{"time":3.3333,"color":"ffffff4a","curve":[0.367,0.63,0.705,1]},{"time":3.5,"color":"ffffff00","curve":"stepped"},{"time":3.5667,"color":"ffffff00"}],"attachment":[{"time":0,"name":"slwh_houzixd"},{"time":2.3667,"name":"slwh_houzixd"},{"time":3.5667,"name":null}]},"slwh_houzixd43":{"color":[{"time":0,"color":"ffffff00","curve":[0.34,0.42,0.668,0.74]},{"time":0.3333,"color":"fffffffe","curve":"stepped"},{"time":0.4,"color":"fffffffe","curve":[0.351,0.4,0.757,1]},{"time":0.5,"color":"ffffff3c","curve":[0.326,0.4,0.658,0.73]},{"time":0.6667,"color":"ffffff80","curve":[0.323,0.42,0.655,0.75]},{"time":0.8333,"color":"ffffff22","curve":[0.32,0.46,0.652,0.79]},{"time":1,"color":"ffffff4a","curve":[0.318,0.65,0.65,0.95]},{"time":1.1667,"color":"ffffff00"}],"attachment":[{"time":0,"name":"slwh_houzixd"},{"time":1.1667,"name":null}]}},"bones":{"slwh_houzixd":{"rotate":[{"time":0,"angle":0,"curve":[0.311,0.8,0.582,1]},{"time":1.1667,"angle":-15}],"translate":[{"time":0,"x":0,"y":0,"curve":[0.311,0.8,0.582,1]},{"time":1.1667,"x":1.61,"y":-17.22}]},"slwh_houzixd2":{"rotate":[{"time":0,"angle":0,"curve":"stepped"},{"time":0.1,"angle":0,"curve":[0.311,0.8,0.582,1]},{"time":1.2667,"angle":-15}],"translate":[{"time":0,"x":0,"y":0,"curve":"stepped"},{"time":0.1,"x":0,"y":0,"curve":[0.311,0.8,0.582,1]},{"time":1.2667,"x":1.61,"y":-17.22}]},"slwh_houzixd3":{"rotate":[{"time":0,"angle":0,"curve":"stepped"},{"time":0.7333,"angle":0,"curve":[0.311,0.8,0.582,1]},{"time":1.9,"angle":-15}],"translate":[{"time":0,"x":0,"y":0,"curve":"stepped"},{"time":0.7333,"x":0,"y":0,"curve":[0.311,0.8,0.582,1]},{"time":1.9,"x":1.61,"y":-17.22}]},"slwh_houzixd4":{"rotate":[{"time":0,"angle":0,"curve":"stepped"},{"time":0.9,"angle":0,"curve":[0.311,0.8,0.582,1]},{"time":2.0667,"angle":-15}],"translate":[{"time":0,"x":0,"y":0,"curve":"stepped"},{"time":0.9,"x":0,"y":0,"curve":[0.311,0.8,0.582,1]},{"time":2.0667,"x":1.61,"y":-17.22}]},"slwh_houzixd5":{"rotate":[{"time":0,"angle":0,"curve":"stepped"},{"time":1.0333,"angle":0,"curve":[0.311,0.8,0.582,1]},{"time":2.2,"angle":-15}],"translate":[{"time":0,"x":0,"y":0,"curve":"stepped"},{"time":1.0333,"x":0,"y":0,"curve":[0.311,0.8,0.582,1]},{"time":2.2,"x":1.61,"y":-17.22}]},"slwh_houzixd6":{"rotate":[{"time":0,"angle":0,"curve":"stepped"},{"time":1.2,"angle":0,"curve":[0.311,0.8,0.582,1]},{"time":2.3667,"angle":-15}],"translate":[{"time":0,"x":0,"y":0,"curve":"stepped"},{"time":1.2,"x":0,"y":0,"curve":[0.311,0.8,0.582,1]},{"time":2.3667,"x":1.61,"y":-17.22}]},"slwh_houzixd7":{"rotate":[{"time":0,"angle":0,"curve":"stepped"},{"time":1.3,"angle":0,"curve":[0.311,0.8,0.582,1]},{"time":2.4667,"angle":-15}],"translate":[{"time":0,"x":0,"y":0,"curve":"stepped"},{"time":1.3,"x":0,"y":0,"curve":[0.311,0.8,0.582,1]},{"time":2.4667,"x":1.61,"y":-17.22}]},"slwh_houzixd8":{"rotate":[{"time":0,"angle":0,"curve":"stepped"},{"time":1.4667,"angle":0,"curve":[0.311,0.8,0.582,1]},{"time":2.6333,"angle":-15}],"translate":[{"time":0,"x":0,"y":0,"curve":"stepped"},{"time":1.4667,"x":0,"y":0,"curve":[0.311,0.8,0.582,1]},{"time":2.6333,"x":1.61,"y":-17.22}]},"slwh_houzixd9":{"rotate":[{"time":0,"angle":0,"curve":"stepped"},{"time":1.6,"angle":0,"curve":[0.311,0.8,0.582,1]},{"time":2.7667,"angle":-15}],"translate":[{"time":0,"x":0,"y":0,"curve":"stepped"},{"time":1.6,"x":0,"y":0,"curve":[0.311,0.8,0.582,1]},{"time":2.7667,"x":1.61,"y":-17.22}]},"slwh_houzixd10":{"rotate":[{"time":0,"angle":0,"curve":"stepped"},{"time":1.6667,"angle":0,"curve":[0.311,0.8,0.582,1]},{"time":2.7333,"angle":-15}],"translate":[{"time":0,"x":0,"y":0,"curve":"stepped"},{"time":1.6667,"x":0,"y":0,"curve":[0.311,0.8,0.582,1]},{"time":2.7333,"x":1.61,"y":-17.22}]},"slwh_houzixd11":{"rotate":[{"time":0,"angle":0,"curve":"stepped"},{"time":1.7333,"angle":0,"curve":[0.311,0.8,0.582,1]},{"time":2.8,"angle":-15}],"translate":[{"time":0,"x":0,"y":0,"curve":"stepped"},{"time":1.7333,"x":0,"y":0,"curve":[0.311,0.8,0.582,1]},{"time":2.8,"x":1.61,"y":-17.22}]},"slwh_houzixd12":{"rotate":[{"time":0,"angle":0,"curve":"stepped"},{"time":1.8,"angle":0,"curve":[0.311,0.8,0.582,1]},{"time":2.9667,"angle":-15}],"translate":[{"time":0,"x":0,"y":0,"curve":"stepped"},{"time":1.8,"x":0,"y":0,"curve":[0.311,0.8,0.582,1]},{"time":2.9667,"x":1.61,"y":-17.22}]},"slwh_houzixd13":{"rotate":[{"time":0,"angle":0,"curve":"stepped"},{"time":1.9333,"angle":0,"curve":[0.311,0.8,0.582,1]},{"time":3.1,"angle":-15}],"translate":[{"time":0,"x":0,"y":0,"curve":"stepped"},{"time":1.9333,"x":0,"y":0,"curve":[0.311,0.8,0.582,1]},{"time":3.1,"x":1.61,"y":-17.22}]},"slwh_houzixd14":{"rotate":[{"time":0,"angle":0,"curve":"stepped"},{"time":2.2333,"angle":0,"curve":[0.311,0.8,0.582,1]},{"time":3.4,"angle":-15}],"translate":[{"time":0,"x":0,"y":0,"curve":"stepped"},{"time":2.2333,"x":0,"y":0,"curve":[0.311,0.8,0.582,1]},{"time":3.4,"x":1.61,"y":-17.22}]},"slwh_houzixd15":{"rotate":[{"time":0,"angle":0,"curve":"stepped"},{"time":2.3,"angle":0,"curve":[0.311,0.8,0.582,1]},{"time":3.4667,"angle":-15}],"translate":[{"time":0,"x":0,"y":0,"curve":"stepped"},{"time":2.3,"x":0,"y":0,"curve":[0.311,0.8,0.582,1]},{"time":3.4667,"x":1.61,"y":-17.22}]},"slwh_houzixd16":{"rotate":[{"time":0,"angle":0,"curve":"stepped"},{"time":2.4,"angle":0,"curve":[0.311,0.8,0.582,1]},{"time":3.5667,"angle":-15}],"translate":[{"time":0,"x":0,"y":0,"curve":"stepped"},{"time":2.4,"x":0,"y":0,"curve":[0.311,0.8,0.582,1]},{"time":3.5667,"x":1.61,"y":-17.22}]},"slwh_houzixd17":{"rotate":[{"time":0,"angle":0,"curve":"stepped"},{"time":2.6,"angle":0,"curve":[0.311,0.8,0.582,1]},{"time":3.7667,"angle":-15}],"translate":[{"time":0,"x":0,"y":0,"curve":"stepped"},{"time":2.6,"x":0,"y":0,"curve":[0.311,0.8,0.582,1]},{"time":3.7667,"x":1.61,"y":-17.22}]},"slwh_houzixd18":{"rotate":[{"time":0,"angle":0,"curve":"stepped"},{"time":2.6,"angle":0,"curve":[0.311,0.8,0.582,1]},{"time":3.7667,"angle":-15}],"translate":[{"time":0,"x":0,"y":0,"curve":"stepped"},{"time":2.6,"x":0,"y":0,"curve":[0.311,0.8,0.582,1]},{"time":3.7667,"x":1.61,"y":-17.22}]},"slwh_houzixd19":{"rotate":[{"time":0,"angle":0,"curve":"stepped"},{"time":2.8,"angle":0,"curve":[0.311,0.8,0.582,1]},{"time":3.9667,"angle":-15}],"translate":[{"time":0,"x":0,"y":0,"curve":"stepped"},{"time":2.8,"x":0,"y":0,"curve":[0.311,0.8,0.582,1]},{"time":3.9667,"x":1.61,"y":-17.22}]},"slwh_houzixd20":{"rotate":[{"time":0,"angle":0,"curve":"stepped"},{"time":2.6667,"angle":0,"curve":[0.311,0.8,0.582,1]},{"time":3.8333,"angle":-15}],"translate":[{"time":0,"x":0,"y":0,"curve":"stepped"},{"time":2.6667,"x":0,"y":0,"curve":[0.311,0.8,0.582,1]},{"time":3.8333,"x":1.61,"y":-17.22}]},"slwh_houzixd21":{"rotate":[{"time":0,"angle":0,"curve":"stepped"},{"time":2.8667,"angle":0,"curve":[0.311,0.8,0.582,1]},{"time":4.0333,"angle":-15}],"translate":[{"time":0,"x":0,"y":0,"curve":"stepped"},{"time":2.8667,"x":0,"y":0,"curve":[0.311,0.8,0.582,1]},{"time":4.0333,"x":1.61,"y":-17.22}]},"slwh_houzixd22":{"rotate":[{"time":0,"angle":0,"curve":"stepped"},{"time":2.9,"angle":0,"curve":[0.311,0.8,0.582,1]},{"time":3.9667,"angle":-15}],"translate":[{"time":0,"x":0,"y":0,"curve":"stepped"},{"time":2.9,"x":0,"y":0,"curve":[0.311,0.8,0.582,1]},{"time":3.9667,"x":1.61,"y":-17.22}]},"slwh_houzixd23":{"rotate":[{"time":0,"angle":0,"curve":"stepped"},{"time":3.0333,"angle":0,"curve":[0.311,0.8,0.582,1]},{"time":4.1,"angle":-15}],"translate":[{"time":0,"x":0,"y":0,"curve":"stepped"},{"time":3.0333,"x":0,"y":0,"curve":[0.311,0.8,0.582,1]},{"time":4.1,"x":1.61,"y":-17.22}]},"slwh_houzixd24":{"rotate":[{"time":0,"angle":0,"curve":"stepped"},{"time":3.0667,"angle":0,"curve":[0.311,0.8,0.582,1]},{"time":4.1333,"angle":-15}],"translate":[{"time":0,"x":0,"y":0,"curve":"stepped"},{"time":3.0667,"x":0,"y":0,"curve":[0.311,0.8,0.582,1]},{"time":4.1333,"x":1.61,"y":-17.22}]},"slwh_houzixd25":{"rotate":[{"time":0,"angle":0,"curve":"stepped"},{"time":3.2333,"angle":0,"curve":[0.311,0.8,0.582,1]},{"time":4.3,"angle":-15}],"translate":[{"time":0,"x":0,"y":0,"curve":"stepped"},{"time":3.2333,"x":0,"y":0,"curve":[0.311,0.8,0.582,1]},{"time":4.3,"x":1.61,"y":-17.22}]},"slwh_houzixd26":{"rotate":[{"time":0,"angle":0,"curve":"stepped"},{"time":3.3667,"angle":0,"curve":[0.311,0.8,0.582,1]},{"time":4.4333,"angle":-15}],"translate":[{"time":0,"x":0,"y":0,"curve":"stepped"},{"time":3.3667,"x":0,"y":0,"curve":[0.311,0.8,0.582,1]},{"time":4.4333,"x":1.61,"y":-17.22}]},"slwh_houzixd27":{"rotate":[{"time":0,"angle":0,"curve":"stepped"},{"time":3.4333,"angle":0,"curve":[0.311,0.8,0.582,1]},{"time":4.5,"angle":-15}],"translate":[{"time":0,"x":0,"y":0,"curve":"stepped"},{"time":3.4333,"x":0,"y":0,"curve":[0.311,0.8,0.582,1]},{"time":4.5,"x":1.61,"y":-17.22}]},"slwh_houzixd28":{"rotate":[{"time":0,"angle":0,"curve":"stepped"},{"time":3.7333,"angle":0,"curve":[0.311,0.8,0.582,1]},{"time":4.8,"angle":-15}],"translate":[{"time":0,"x":0,"y":0,"curve":"stepped"},{"time":3.7333,"x":0,"y":0,"curve":[0.311,0.8,0.582,1]},{"time":4.8,"x":1.61,"y":-17.22}]},"slwh_houzixd29":{"rotate":[{"time":0,"angle":0,"curve":"stepped"},{"time":3.6,"angle":0,"curve":[0.311,0.8,0.582,1]},{"time":4.6667,"angle":-15}],"translate":[{"time":0,"x":0,"y":0,"curve":"stepped"},{"time":3.6,"x":0,"y":0,"curve":[0.311,0.8,0.582,1]},{"time":4.6667,"x":1.61,"y":-17.22}]},"slwh_houzixd30":{"rotate":[{"time":0,"angle":0,"curve":"stepped"},{"time":3.6333,"angle":0,"curve":[0.311,0.8,0.582,1]},{"time":4.7,"angle":-15}],"translate":[{"time":0,"x":0,"y":0,"curve":"stepped"},{"time":3.6333,"x":0,"y":0,"curve":[0.311,0.8,0.582,1]},{"time":4.7,"x":1.61,"y":-17.22}]},"slwh_houzixd31":{"rotate":[{"time":0,"angle":0,"curve":"stepped"},{"time":0.4,"angle":0,"curve":[0.311,0.8,0.582,1]},{"time":1.4667,"angle":-15}],"translate":[{"time":0,"x":0,"y":0,"curve":"stepped"},{"time":0.4,"x":0,"y":0,"curve":[0.311,0.8,0.582,1]},{"time":1.4667,"x":1.61,"y":-17.22}]},"slwh_houzixd32":{"rotate":[{"time":0,"angle":0,"curve":"stepped"},{"time":0.0667,"angle":0,"curve":[0.311,0.8,0.582,1]},{"time":1.1333,"angle":-15}],"translate":[{"time":0,"x":0,"y":0,"curve":"stepped"},{"time":0.0667,"x":0,"y":0,"curve":[0.311,0.8,0.582,1]},{"time":1.1333,"x":1.61,"y":-17.22}]},"slwh_houzixd33":{"rotate":[{"time":0,"angle":0,"curve":"stepped"},{"time":0.2,"angle":0,"curve":[0.311,0.8,0.582,1]},{"time":1.2667,"angle":-15}],"translate":[{"time":0,"x":0,"y":0,"curve":"stepped"},{"time":0.2,"x":0,"y":0,"curve":[0.311,0.8,0.582,1]},{"time":1.2667,"x":1.61,"y":-17.22}]},"slwh_houzixd34":{"rotate":[{"time":0,"angle":0,"curve":"stepped"},{"time":0.0667,"angle":0,"curve":[0.311,0.8,0.582,1]},{"time":1.1333,"angle":-15}],"translate":[{"time":0,"x":0,"y":0,"curve":"stepped"},{"time":0.0667,"x":0,"y":0,"curve":[0.311,0.8,0.582,1]},{"time":1.1333,"x":1.61,"y":-17.22}]},"slwh_houzixd35":{"rotate":[{"time":0,"angle":0,"curve":"stepped"},{"time":1.3333,"angle":0,"curve":[0.311,0.8,0.582,1]},{"time":2.4333,"angle":-15}],"translate":[{"time":0,"x":0,"y":0,"curve":"stepped"},{"time":1.3333,"x":0,"y":0,"curve":[0.311,0.8,0.582,1]},{"time":2.4333,"x":1.61,"y":-17.22}]},"slwh_houzixd36":{"rotate":[{"time":0,"angle":0,"curve":"stepped"},{"time":1.9667,"angle":0,"curve":[0.311,0.8,0.582,1]},{"time":3.0333,"angle":-15}],"translate":[{"time":0,"x":0,"y":0,"curve":"stepped"},{"time":1.9667,"x":0,"y":0,"curve":[0.311,0.8,0.582,1]},{"time":3.0667,"x":1.61,"y":-17.22}]},"slwh_houzixd37":{"rotate":[{"time":0,"angle":0,"curve":"stepped"},{"time":1.7333,"angle":0,"curve":[0.311,0.8,0.582,1]},{"time":2.9,"angle":-15}],"translate":[{"time":0,"x":0,"y":0,"curve":"stepped"},{"time":1.7333,"x":0,"y":0,"curve":[0.311,0.8,0.582,1]},{"time":2.9333,"x":1.61,"y":-17.22}]},"slwh_houzixd38":{"rotate":[{"time":0,"angle":0,"curve":"stepped"},{"time":1.8,"angle":0,"curve":[0.311,0.8,0.582,1]},{"time":2.9667,"angle":-15}],"translate":[{"time":0,"x":0,"y":0,"curve":"stepped"},{"time":1.8,"x":0,"y":0,"curve":[0.311,0.8,0.582,1]},{"time":3,"x":1.61,"y":-17.22}]},"slwh_houzixd39":{"rotate":[{"time":0,"angle":0,"curve":"stepped"},{"time":1.8667,"angle":0,"curve":[0.311,0.8,0.582,1]},{"time":3.0333,"angle":-15}],"translate":[{"time":0,"x":0,"y":0,"curve":"stepped"},{"time":1.8667,"x":0,"y":0,"curve":[0.311,0.8,0.582,1]},{"time":3.0667,"x":1.61,"y":-17.22}]},"slwh_houzixd40":{"rotate":[{"time":0,"angle":0,"curve":"stepped"},{"time":2.2333,"angle":0,"curve":[0.311,0.8,0.582,1]},{"time":3.4,"angle":-15}],"translate":[{"time":0,"x":0,"y":0,"curve":"stepped"},{"time":2.2333,"x":0,"y":0,"curve":[0.311,0.8,0.582,1]},{"time":3.4333,"x":1.61,"y":-17.22}]},"slwh_houzixd41":{"rotate":[{"time":0,"angle":0,"curve":"stepped"},{"time":2.4667,"angle":0,"curve":[0.311,0.8,0.582,1]},{"time":3.6333,"angle":-15}],"translate":[{"time":0,"x":0,"y":0,"curve":"stepped"},{"time":2.4667,"x":0,"y":0,"curve":[0.311,0.8,0.582,1]},{"time":3.6667,"x":1.61,"y":-17.22}]},"slwh_houzixd42":{"rotate":[{"time":0,"angle":0,"curve":"stepped"},{"time":2.3667,"angle":0,"curve":[0.311,0.8,0.582,1]},{"time":3.5333,"angle":-15}],"translate":[{"time":0,"x":0,"y":0,"curve":"stepped"},{"time":2.3667,"x":0,"y":0,"curve":[0.311,0.8,0.582,1]},{"time":3.5667,"x":1.61,"y":-17.22}]},"slwh_houzixd43":{"rotate":[{"time":0,"angle":0,"curve":[0.311,0.8,0.582,1]},{"time":1.1667,"angle":-15}],"translate":[{"time":0,"x":0,"y":0,"curve":[0.311,0.8,0.582,1]},{"time":1.1667,"x":1.61,"y":-17.22}]}}}}}