{"skeleton":{"hash":"v7x05Gjcuk4yXyhdXLJeUQt3OhU","spine":"3.6.37","width":244,"height":89,"images":"./images/"},"bones":[{"name":"root"},{"name":"hip","parent":"root"},{"name":"slwh_caijindb","parent":"hip"},{"name":"slwh_caijinjinbi1","parent":"slwh_caijindb","rotation":114.32,"x":-35.65,"y":15.56},{"name":"slwh_caijinjinbi2","parent":"slwh_caijindb","rotation":88.53,"x":41.78,"y":10.13},{"name":"slwh_caijinjinbi3","parent":"slwh_caijindb","rotation":92.72,"x":12.14,"y":6.67},{"name":"slwh_caijinnumdb","parent":"slwh_caijindb","y":-12},{"name":"slwh_caijintext","parent":"slwh_caijindb","x":-1,"y":19.5},{"name":"slwh_caijinxd","parent":"slwh_caijinjinbi2","rotation":-15.87,"x":17.98,"y":-7.26}],"slots":[{"name":"slwh_caijindb","bone":"slwh_caijindb","attachment":"slwh_caijindb"},{"name":"slwh_caijinjinbi3","bone":"slwh_caijinjinbi3","attachment":"slwh_caijinjinbi3"},{"name":"slwh_caijinjinbi2","bone":"slwh_caijinjinbi2","attachment":"slwh_caijinjinbi2"},{"name":"slwh_caijinjinbi1","bone":"slwh_caijinjinbi1","attachment":"slwh_caijinjinbi1"},{"name":"slwh_caijinnumdb","bone":"slwh_caijinnumdb","attachment":"slwh_caijinnumdb"},{"name":"slwh_caijintext","bone":"slwh_caijintext","attachment":"slwh_caijintext"},{"name":"slwh_caijinxd","bone":"slwh_caijinxd","attachment":"slwh_caijinxd","blend":"additive"}],"skins":{"default":{"slwh_caijindb":{"slwh_caijindb":{"width":244,"height":82}},"slwh_caijinjinbi1":{"slwh_caijinjinbi1":{"x":1.44,"y":5.77,"rotation":-114.32,"width":73,"height":67}},"slwh_caijinjinbi2":{"slwh_caijinjinbi2":{"x":3.81,"y":2.37,"rotation":-88.53,"width":59,"height":58}},"slwh_caijinjinbi3":{"slwh_caijinjinbi3":{"x":3.31,"y":-0.52,"rotation":-92.72,"width":51,"height":52}},"slwh_caijinnumdb":{"slwh_caijinnumdb":{"width":234,"height":56}},"slwh_caijintext":{"slwh_caijintext":{"width":70,"height":39}},"slwh_caijinxd":{"slwh_caijinxd":{"x":-2.31,"y":-0.73,"rotation":-72.66,"width":51,"height":45}}}},"animations":{"animation":{"slots":{"slwh_caijinxd":{"color":[{"time":0,"color":"ffffff00","curve":[0.304,0.23,0.647,0.6]},{"time":0.6667,"color":"fffffffe","curve":[0.365,0.45,0.754,1]},{"time":2,"color":"ffffff00"}]}},"bones":{"slwh_caijinjinbi1":{"rotate":[{"time":0,"angle":0,"curve":"stepped"},{"time":1.6667,"angle":0,"curve":"stepped"},{"time":2,"angle":0}],"translate":[{"time":0,"x":0,"y":0,"curve":[0.311,0.8,0.582,1]},{"time":0.1333,"x":0.34,"y":-0.75,"curve":[0.25,0,0.75,1]},{"time":0.3667,"x":-0.21,"y":0.47,"curve":[0.25,0,0.75,1]},{"time":0.6333,"x":0.23,"y":-0.51,"curve":[0.25,0,0.75,1]},{"time":0.9667,"x":-0.03,"y":0.06,"curve":[0.25,0,0.75,1]},{"time":1.3333,"x":0,"y":0,"curve":"stepped"},{"time":1.6667,"x":0,"y":0,"curve":"stepped"},{"time":2,"x":0,"y":0}],"scale":[{"time":0,"x":1,"y":1,"curve":[0.311,0.8,0.582,1]},{"time":0.1333,"x":0.99,"y":1.01,"curve":[0.25,0,0.75,1]},{"time":0.3667,"x":1.01,"y":0.99,"curve":[0.25,0,0.75,1]},{"time":0.6333,"x":1,"y":1.01,"curve":[0.25,0,0.75,1]},{"time":0.9667,"x":1.01,"y":1,"curve":[0.25,0,0.75,1]},{"time":1.3333,"x":1,"y":1,"curve":"stepped"},{"time":1.6667,"x":1,"y":1,"curve":"stepped"},{"time":2,"x":1,"y":1}]},"slwh_caijinjinbi3":{"rotate":[{"time":0,"angle":0,"curve":"stepped"},{"time":0.1,"angle":0,"curve":"stepped"},{"time":1.5,"angle":0,"curve":"stepped"},{"time":2,"angle":0}],"translate":[{"time":0,"x":0,"y":0,"curve":"stepped"},{"time":0.1,"x":0,"y":0,"curve":[0.311,0.8,0.582,1]},{"time":0.2667,"x":0.04,"y":-0.8,"curve":[0.25,0,0.75,1]},{"time":0.5,"x":-0.03,"y":0.68,"curve":[0.25,0,0.75,1]},{"time":0.7667,"x":0.01,"y":-0.27,"curve":[0.25,0,0.75,1]},{"time":1.1,"x":-0.01,"y":0.27,"curve":[0.25,0,0.75,1]},{"time":1.5,"x":0,"y":0,"curve":"stepped"},{"time":2,"x":0,"y":0}],"scale":[{"time":0,"x":1,"y":1,"curve":"stepped"},{"time":0.1,"x":1,"y":1,"curve":[0.311,0.8,0.582,1]},{"time":0.2667,"x":0.98,"y":1.02,"curve":[0.25,0,0.75,1]},{"time":0.5,"x":1.02,"y":0.98,"curve":[0.25,0,0.75,1]},{"time":0.7667,"x":0.99,"y":1.01,"curve":[0.25,0,0.75,1]},{"time":1.1,"x":1.01,"y":0.99,"curve":[0.25,0,0.75,1]},{"time":1.5,"x":1,"y":1,"curve":"stepped"},{"time":2,"x":1,"y":1}]},"slwh_caijinjinbi2":{"rotate":[{"time":0,"angle":0,"curve":"stepped"},{"time":0.0333,"angle":0,"curve":"stepped"},{"time":2,"angle":0}],"translate":[{"time":0,"x":0,"y":0,"curve":"stepped"},{"time":0.0333,"x":0,"y":0,"curve":[0.25,0,0.75,1]},{"time":0.2,"x":-0.02,"y":-0.71,"curve":[0.25,0,0.75,1]},{"time":0.4,"x":0,"y":0.07,"curve":[0.25,0,0.75,1]},{"time":0.6667,"x":-0.01,"y":-0.29,"curve":[0.25,0,0.75,1]},{"time":0.9667,"x":0.01,"y":0.24,"curve":[0.25,0,0.75,1]},{"time":1.3,"x":0,"y":0,"curve":"stepped"},{"time":2,"x":0,"y":0}],"scale":[{"time":0,"x":1,"y":1,"curve":"stepped"},{"time":0.0333,"x":1,"y":1,"curve":[0.25,0,0.75,1]},{"time":0.2,"x":0.99,"y":1.01,"curve":[0.25,0,0.75,1]},{"time":0.4,"x":1.01,"y":0.99,"curve":[0.25,0,0.75,1]},{"time":0.6667,"x":1,"y":1.01,"curve":[0.25,0,0.75,1]},{"time":0.9667,"x":1.01,"y":1,"curve":[0.25,0,0.75,1]},{"time":1.3,"x":1,"y":1,"curve":"stepped"},{"time":2,"x":1,"y":1}]},"slwh_caijinxd":{"rotate":[{"time":0,"angle":0,"curve":[0.25,0,0.75,1]},{"time":2,"angle":-30}],"translate":[{"time":0,"x":0,"y":0,"curve":"stepped"},{"time":2,"x":0,"y":0}],"scale":[{"time":0,"x":1,"y":1,"curve":"stepped"},{"time":2,"x":1,"y":1}]}}}}}