{"skeleton":{"hash":"lICzu4C6Xy2NhRDTY8Kbntorj9k","spine":"3.6.37","width":1626,"height":768.8,"images":"./images/"},"bones":[{"name":"root"},{"name":"hip","parent":"root"},{"name":"slwh_dsx","parent":"hip"},{"name":"zhanshi","parent":"slwh_dsx","x":3,"y":223.34,"color":"cf00ffff"},{"name":"laba","parent":"zhanshi","x":-3,"y":18.16},{"name":"laba2","parent":"zhanshi","x":-3,"y":18.16,"scaleX":-1},{"name":"slwh_boomgc","parent":"hip"},{"name":"slwh_boomgq","parent":"hip"},{"name":"slwh_boomgq2","parent":"hip"},{"name":"slwh_boomgt","parent":"hip"},{"name":"slwh_boompoint","parent":"hip"},{"name":"slwh_dsx_gx","parent":"hip","rotation":45.46,"scaleX":12,"scaleY":12},{"name":"slwh_dsx_gx2","parent":"hip","rotation":150,"scaleX":12,"scaleY":12},{"name":"slwh_dsx_gx3","parent":"hip","rotation":-175.65,"scaleX":12,"scaleY":12},{"name":"slwh_dsx_gx4","parent":"hip","rotation":-104.57,"scaleX":12,"scaleY":12},{"name":"slwh_dsx_gx5","parent":"hip","rotation":-13.8,"scaleX":12,"scaleY":12},{"name":"slwh_dsx_gx6","parent":"hip","rotation":19.1},{"name":"slwh_dsx_gx7","parent":"hip","rotation":-139.46},{"name":"slwh_dsx_gx8","parent":"hip","rotation":107.98},{"name":"slwh_dsx_gx9","parent":"hip","rotation":-13.93},{"name":"slwh_dsx_gx10","parent":"hip","rotation":173.21},{"name":"slwh_dsx_gxs1","parent":"hip"},{"name":"slwh_dsxdb","parent":"zhanshi","x":-3,"y":18.16},{"name":"slwh_dsxgs","parent":"zhanshi","x":-3,"y":-31.44,"scaleY":0.601},{"name":"slwh_dsxgs1","parent":"slwh_dsxgs","rotation":90},{"name":"slwh_dsxgs2","parent":"slwh_dsxgs","rotation":67.5},{"name":"slwh_dsxgs3","parent":"slwh_dsxgs","rotation":45},{"name":"slwh_dsxgs4","parent":"slwh_dsxgs","rotation":22.5},{"name":"slwh_dsxgs5","parent":"slwh_dsxgs"},{"name":"slwh_dsxgs6","parent":"slwh_dsxgs","rotation":-22.5},{"name":"slwh_dsxgs7","parent":"slwh_dsxgs","rotation":-45},{"name":"slwh_dsxgs8","parent":"slwh_dsxgs","rotation":-67.5},{"name":"slwh_dsxhcd1","parent":"zhanshi","length":8.04,"rotation":27.96,"x":314.94,"y":107.95},{"name":"slwh_dsxhcd2","parent":"zhanshi","length":10.4,"rotation":-7.39,"x":387.69,"y":-6.16},{"name":"slwh_dsxhcd3","parent":"zhanshi","length":7.69,"rotation":5.61,"x":483.39,"y":46.83},{"name":"slwh_dsxhcd4","parent":"zhanshi","length":11.48,"rotation":174.44,"x":-322.2,"y":26.67},{"name":"slwh_dsxhcd5","parent":"zhanshi","length":10.37,"rotation":164.14,"x":-410.8,"y":111.03},{"name":"slwh_dsxhcd6","parent":"zhanshi","length":11.23,"rotation":-168.69,"x":-469.73,"y":-26.16},{"name":"slwh_dsxlcd1","parent":"zhanshi","length":8.98,"rotation":154.78,"x":-290.76,"y":117.39},{"name":"slwh_dsxlcd2","parent":"zhanshi","length":8.29,"rotation":16.95,"x":400.57,"y":63.12},{"name":"slwh_dsxlvcd1","parent":"zhanshi","length":7.88,"rotation":176.46,"x":-380.59,"y":47.95},{"name":"slwh_dsxlvcd2","parent":"zhanshi","length":13.24,"rotation":19.03,"x":291.13,"y":40.93},{"name":"slwh_dsxmaindb","parent":"slwh_dsx","y":193.47},{"name":"slwh_dsxnllizi","parent":"hip","rotation":90,"scaleX":12,"scaleY":12},{"name":"slwh_dsxrlb1","parent":"laba","length":83.21,"rotation":131.47,"x":-94.95,"y":0.13},{"name":"slwh_dsxrlb2","parent":"laba","length":122.85,"rotation":145,"x":-133.81,"y":-13.96},{"name":"slwh_dsxrlb3","parent":"laba2","length":122.85,"rotation":145,"x":-133.81,"y":-13.96},{"name":"slwh_dsxrlb4","parent":"laba2","length":83.21,"rotation":131.47,"x":-94.95,"y":0.13},{"name":"slwh_dsxrsd","parent":"zhanshi","rotation":-180,"x":-3,"y":-9.36},{"name":"slwh_dsxrsd2","parent":"zhanshi","rotation":-180,"x":-3,"y":-9.36,"scaleX":-1},{"name":"slwh_dsxtext1","parent":"slwh_dsxdb","x":2,"y":20},{"name":"slwh_dsxtext2","parent":"slwh_dsxdb","x":3,"y":-18.16,"color":"ffe100ff"},{"name":"slwh_dsxtext3","parent":"zhanshi","color":"ffe100ff"},{"name":"slwh_dsxtext4","parent":"slwh_dsxdb","x":3,"y":-18.16,"color":"ffe100ff"},{"name":"slwh_dsxtext2sg","parent":"slwh_dsxtext2","x":0.83,"y":19},{"name":"slwh_dsxtext2sg2","parent":"slwh_dsxtext3","x":0.83,"y":19,"scaleX":4,"scaleY":4}],"slots":[{"name":"bg","bone":"hip"},{"name":"slwh_dsxhcd6","bone":"slwh_dsxhcd6","attachment":"slwh_dsxhcd6"},{"name":"slwh_dsxhcd5","bone":"slwh_dsxhcd5","attachment":"slwh_dsxhcd5"},{"name":"slwh_dsxhcd4","bone":"slwh_dsxhcd4","attachment":"slwh_dsxhcd4"},{"name":"slwh_dsxhcd3","bone":"slwh_dsxhcd3","attachment":"slwh_dsxhcd3"},{"name":"slwh_dsxhcd2","bone":"slwh_dsxhcd2","attachment":"slwh_dsxhcd2"},{"name":"slwh_dsxhcd1","bone":"slwh_dsxhcd1","attachment":"slwh_dsxhcd1"},{"name":"slwh_dsxlvcd1","bone":"slwh_dsxlvcd1","attachment":"slwh_dsxlvcd1"},{"name":"slwh_dsxlvcd2","bone":"slwh_dsxlvcd2","attachment":"slwh_dsxlvcd2"},{"name":"slwh_dsxlcd1","bone":"slwh_dsxlcd1","attachment":"slwh_dsxlcd1"},{"name":"slwh_dsxlcd2","bone":"slwh_dsxlcd2","attachment":"slwh_dsxlcd2"},{"name":"slwh_dsxmaindb1","bone":"slwh_dsxmaindb","attachment":"slwh_dsxmaindb1"},{"name":"slwh_dsxmaindb2","bone":"slwh_dsxmaindb","color":"614274c7","attachment":"slwh_dsxmaindb2","blend":"additive"},{"name":"slwh_dsxmaindb3","bone":"slwh_dsxmaindb","color":"feb7ffc7","attachment":"slwh_dsxmaindb3","blend":"additive"},{"name":"slwh_dsxgy","bone":"zhanshi","attachment":"slwh_dsxgy","blend":"additive"},{"name":"slwh_dsxgs1","bone":"slwh_dsxgs1","attachment":"slwh_dsxgs","blend":"additive"},{"name":"slwh_dsxgs2","bone":"slwh_dsxgs2","attachment":"slwh_dsxgs","blend":"additive"},{"name":"slwh_dsxgs3","bone":"slwh_dsxgs3","attachment":"slwh_dsxgs","blend":"additive"},{"name":"slwh_dsxgs4","bone":"slwh_dsxgs4","attachment":"slwh_dsxgs","blend":"additive"},{"name":"slwh_dsxgs5","bone":"slwh_dsxgs5","attachment":"slwh_dsxgs","blend":"additive"},{"name":"slwh_dsxgs6","bone":"slwh_dsxgs6","attachment":"slwh_dsxgs","blend":"additive"},{"name":"slwh_dsxgs7","bone":"slwh_dsxgs7","attachment":"slwh_dsxgs","blend":"additive"},{"name":"slwh_dsxgs8","bone":"slwh_dsxgs8","attachment":"slwh_dsxgs","blend":"additive"},{"name":"slwh_dsxdbyy","bone":"slwh_dsxdb","attachment":"slwh_dsxdbyy"},{"name":"slwh_dsxrsd","bone":"slwh_dsxrsd","attachment":"slwh_dsxrsd"},{"name":"slwh_dsxrsd2","bone":"slwh_dsxrsd2","attachment":"slwh_dsxrsd"},{"name":"slwh_dsxrlb2","bone":"slwh_dsxrlb2","attachment":"slwh_dsxrlb2"},{"name":"slwh_dsxrlb3","bone":"slwh_dsxrlb3","attachment":"slwh_dsxrlb2"},{"name":"slwh_dsxrlb1","bone":"slwh_dsxrlb1","attachment":"slwh_dsxrlb1"},{"name":"slwh_dsxrlb4","bone":"slwh_dsxrlb4","attachment":"slwh_dsxrlb1"},{"name":"slwh_dsxdb","bone":"slwh_dsxdb","attachment":"slwh_dsxdb"},{"name":"slwh_dsxtext1","bone":"slwh_dsxtext1","attachment":"slwh_dsxtext1"},{"name":"slwh_dsxtext1fg","bone":"slwh_dsxtext1","blend":"additive"},{"name":"slwh_dsxtext2","bone":"slwh_dsxtext2","attachment":"slwh_dsxtext2"},{"name":"slwh_dsxtext4","bone":"slwh_dsxtext4","blend":"additive"},{"name":"slwh_dsxtext3","bone":"slwh_dsxtext3"},{"name":"slwh_dsxtext2cy","bone":"slwh_dsxtext3","blend":"additive"},{"name":"slwh_dsxtext2fg","bone":"slwh_dsxtext2","blend":"additive"},{"name":"slwh_dsxgd","bone":"slwh_dsxtext2","attachment":"slwh_dsxgd","blend":"additive"},{"name":"slwh_dsxtext2sg","bone":"slwh_dsxtext2sg","attachment":"slwh_dsxtext2sg1","blend":"additive"},{"name":"slwh_dsxnllizi","bone":"slwh_dsxnllizi","blend":"additive"},{"name":"slwh_boomgq","bone":"slwh_boomgq","blend":"additive"},{"name":"slwh_boomgq2","bone":"slwh_boomgq2","blend":"additive"},{"name":"slwh_boomgc","bone":"slwh_boomgc","blend":"additive"},{"name":"slwh_dsx_gxs1","bone":"slwh_dsx_gxs1","blend":"additive"},{"name":"slwh_boomgt","bone":"slwh_boomgt","blend":"additive"},{"name":"slwh_boompoint","bone":"slwh_boompoint","blend":"additive"},{"name":"slwh_dsxtext2sg2","bone":"slwh_dsxtext2sg2","attachment":"slwh_dsxtext2sg1","blend":"additive"},{"name":"slwh_dsx_gx","bone":"slwh_dsx_gx","blend":"additive"},{"name":"slwh_dsx_gx6","bone":"slwh_dsx_gx6","blend":"additive"},{"name":"slwh_dsx_gx7","bone":"slwh_dsx_gx7","blend":"additive"},{"name":"slwh_dsx_gx8","bone":"slwh_dsx_gx8","blend":"additive"},{"name":"slwh_dsx_gx9","bone":"slwh_dsx_gx9","blend":"additive"},{"name":"slwh_dsx_gx10","bone":"slwh_dsx_gx10","blend":"additive"},{"name":"slwh_dsx_gx5","bone":"slwh_dsx_gx5","blend":"additive"},{"name":"slwh_dsx_gx2","bone":"slwh_dsx_gx2","blend":"additive"},{"name":"slwh_dsx_gx3","bone":"slwh_dsx_gx3","blend":"additive"},{"name":"slwh_dsx_gx4","bone":"slwh_dsx_gx4","blend":"additive"}],"skins":{"default":{"slwh_boomgc":{"slwh_boomgc":{"scaleX":2,"scaleY":2,"width":128,"height":128}},"slwh_boomgq":{"slwh_boomgq":{"scaleX":2,"scaleY":2,"width":64,"height":64}},"slwh_boomgq2":{"slwh_boomgq":{"scaleX":2,"scaleY":2,"width":64,"height":64}},"slwh_boomgt":{"slwh_boomgt":{"scaleX":4,"scaleY":4,"rotation":-180,"width":266,"height":107}},"slwh_boompoint":{"slwh_boompoint":{"scaleX":2,"scaleY":2,"width":148,"height":154}},"slwh_dsx_gx":{"slwh_dsx_gx4":{"x":48.84,"width":141,"height":17}},"slwh_dsx_gx10":{"slwh_dsx_gx8":{"x":48.84,"width":196,"height":28}},"slwh_dsx_gx2":{"slwh_dsx_gx4":{"x":48.84,"width":141,"height":17}},"slwh_dsx_gx3":{"slwh_dsx_gx4":{"x":48.84,"width":141,"height":17}},"slwh_dsx_gx4":{"slwh_dsx_gx4":{"x":48.84,"width":141,"height":17}},"slwh_dsx_gx5":{"slwh_dsx_gx4":{"x":48.84,"width":141,"height":17}},"slwh_dsx_gx6":{"slwh_dsx_gx8":{"x":48.84,"width":196,"height":28}},"slwh_dsx_gx7":{"slwh_dsx_gx8":{"x":48.84,"width":196,"height":28}},"slwh_dsx_gx8":{"slwh_dsx_gx8":{"x":48.84,"width":196,"height":28}},"slwh_dsx_gx9":{"slwh_dsx_gx8":{"x":48.84,"width":196,"height":28}},"slwh_dsx_gxs1":{"slwh_dsx_gxs1":{"width":256,"height":256}},"slwh_dsxdb":{"slwh_dsxdb":{"width":464,"height":171}},"slwh_dsxdbyy":{"slwh_dsxdbyy":{"y":-18.5,"scaleX":4,"scaleY":4,"width":173,"height":58}},"slwh_dsxgd":{"slwh_dsxgd":{"x":127.81,"y":40.17,"width":43,"height":41}},"slwh_dsxgs1":{"slwh_dsxgs":{"y":148.5,"width":122,"height":372}},"slwh_dsxgs2":{"slwh_dsxgs":{"y":148.5,"width":122,"height":372}},"slwh_dsxgs3":{"slwh_dsxgs":{"y":148.5,"width":122,"height":372}},"slwh_dsxgs4":{"slwh_dsxgs":{"y":148.5,"width":122,"height":372}},"slwh_dsxgs5":{"slwh_dsxgs":{"y":148.5,"width":122,"height":372}},"slwh_dsxgs6":{"slwh_dsxgs":{"y":148.5,"width":122,"height":372}},"slwh_dsxgs7":{"slwh_dsxgs":{"y":148.5,"width":122,"height":372}},"slwh_dsxgs8":{"slwh_dsxgs":{"y":148.5,"width":122,"height":372}},"slwh_dsxgy":{"slwh_dsxgy":{"x":-13,"y":61.16,"scaleX":4,"scaleY":4,"width":367,"height":45}},"slwh_dsxhcd1":{"slwh_dsxhcd1":{"x":1.25,"y":-0.98,"rotation":-27.96,"width":19,"height":20}},"slwh_dsxhcd2":{"slwh_dsxhcd2":{"x":0.76,"y":0.43,"rotation":7.39,"width":25,"height":23}},"slwh_dsxhcd3":{"slwh_dsxhcd3":{"x":-0.9,"y":-0.08,"rotation":-5.61,"width":19,"height":20}},"slwh_dsxhcd4":{"slwh_dsxhcd4":{"x":0.35,"y":-0.47,"rotation":-174.44,"width":27,"height":21}},"slwh_dsxhcd5":{"slwh_dsxhcd5":{"x":0.23,"y":-0.08,"rotation":-164.14,"width":22,"height":19}},"slwh_dsxhcd6":{"slwh_dsxhcd6":{"x":-0.48,"y":-1.25,"rotation":168.69,"width":23,"height":27}},"slwh_dsxlcd1":{"slwh_dsxlcd1":{"x":0.1,"y":-0.81,"rotation":-154.78,"width":21,"height":17}},"slwh_dsxlcd2":{"slwh_dsxlcd2":{"x":-0.35,"y":-0.89,"rotation":-16.95,"width":21,"height":17}},"slwh_dsxlvcd1":{"slwh_dsxlvcd1":{"x":-0.58,"y":-0.25,"rotation":-176.46,"width":20,"height":17}},"slwh_dsxlvcd2":{"slwh_dsxlvcd2":{"x":0.42,"y":0.11,"rotation":-19.03,"width":31,"height":27}},"slwh_dsxmaindb1":{"slwh_dsxmaindb1":{"x":-2,"y":-239.97,"scaleX":4,"scaleY":4,"width":366,"height":120}},"slwh_dsxmaindb2":{"slwh_dsxmaindb2":{"x":-2.5,"y":-144.47,"scaleX":4,"scaleY":4,"width":365,"height":73}},"slwh_dsxmaindb3":{"slwh_dsxmaindb3":{"x":-1.5,"y":-215.47,"scaleX":4,"scaleY":4,"width":366,"height":108}},"slwh_dsxnllizi":{"slwh_dsxnllizi0":{"x":28.28,"width":119,"height":116},"slwh_dsxnllizi1":{"x":28.28,"width":119,"height":116},"slwh_dsxnllizi2":{"x":28.28,"width":119,"height":116},"slwh_dsxnllizi3":{"x":28.28,"width":119,"height":116},"slwh_dsxnllizi4":{"x":28.28,"width":119,"height":116},"slwh_dsxnllizi5":{"x":28.28,"width":119,"height":116},"slwh_dsxnllizi6":{"x":28.28,"width":119,"height":116},"slwh_dsxnllizi7":{"x":28.28,"width":119,"height":116},"slwh_dsxnllizi8":{"x":28.28,"width":119,"height":116},"slwh_dsxnllizi9":{"x":28.28,"width":119,"height":116},"slwh_dsxnllizi10":{"x":28.28,"width":119,"height":116},"slwh_dsxnllizi11":{"x":28.28,"width":119,"height":116},"slwh_dsxnllizi12":{"x":28.28,"width":119,"height":116},"slwh_dsxnllizi13":{"x":28.28,"width":119,"height":116},"slwh_dsxnllizi14":{"x":28.28,"width":119,"height":116},"slwh_dsxnllizi15":{"x":28.28,"width":119,"height":116},"slwh_dsxnllizi16":{"x":28.28,"width":119,"height":116},"slwh_dsxnllizi17":{"x":28.28,"width":119,"height":116},"slwh_dsxnllizi18":{"x":28.28,"width":119,"height":116},"slwh_dsxnllizi19":{"x":28.28,"width":119,"height":116}},"slwh_dsxrlb1":{"slwh_dsxrlb1":{"x":53.62,"y":3.2,"rotation":-131.47,"width":114,"height":148}},"slwh_dsxrlb2":{"slwh_dsxrlb2":{"x":82.14,"y":-6.92,"rotation":-145,"width":141,"height":177}},"slwh_dsxrlb3":{"slwh_dsxrlb2":{"x":82.14,"y":-6.92,"rotation":-145,"width":141,"height":177}},"slwh_dsxrlb4":{"slwh_dsxrlb1":{"x":53.62,"y":3.2,"rotation":-131.47,"width":114,"height":148}},"slwh_dsxrsd":{"slwh_dsxrsd":{"x":242,"y":14.97,"rotation":-180,"width":188,"height":144}},"slwh_dsxrsd2":{"slwh_dsxrsd":{"x":242,"y":14.97,"rotation":-180,"width":188,"height":144}},"slwh_dsxtext1":{"slwh_dsxtext1":{"width":94,"height":85}},"slwh_dsxtext1fg":{"slwh_dsxtext1fg":{"y":10.86,"scaleX":4,"scaleY":4,"width":33,"height":30}},"slwh_dsxtext2":{"slwh_dsxtext2":{"width":290,"height":89}},"slwh_dsxtext2cy":{"slwh_dsxtext2cy":{"y":3.74,"scaleX":4,"scaleY":4,"width":99,"height":58}},"slwh_dsxtext2fg":{"slwh_dsxtext2fg":{"x":0.04,"y":22.83,"scaleX":4,"scaleY":4,"width":80,"height":26}},"slwh_dsxtext2sg":{"slwh_dsxtext2sg1":{"width":93,"height":42},"slwh_dsxtext2sg2":{"width":93,"height":42},"slwh_dsxtext2sg3":{"width":93,"height":42},"slwh_dsxtext2sg4":{"width":93,"height":42},"slwh_dsxtext2sg5":{"width":93,"height":42},"slwh_dsxtext2sg6":{"width":93,"height":42},"slwh_dsxtext2sg7":{"width":93,"height":42},"slwh_dsxtext2sg8":{"width":93,"height":42},"slwh_dsxtext2sg9":{"width":93,"height":42},"slwh_dsxtext2sg10":{"width":93,"height":42},"slwh_dsxtext2sg11":{"width":93,"height":42},"slwh_dsxtext2sg12":{"width":93,"height":42},"slwh_dsxtext2sg13":{"width":93,"height":42},"slwh_dsxtext2sg14":{"width":93,"height":42},"slwh_dsxtext2sg15":{"width":93,"height":42},"slwh_dsxtext2sg16":{"width":93,"height":42},"slwh_dsxtext2sg17":{"width":93,"height":42},"slwh_dsxtext2sg18":{"width":93,"height":42},"slwh_dsxtext2sg19":{"width":93,"height":42},"slwh_dsxtext2sg20":{"width":93,"height":42},"slwh_dsxtext2sg21":{"width":93,"height":42},"slwh_dsxtext2sg22":{"width":93,"height":42},"slwh_dsxtext2sg23":{"width":93,"height":42},"slwh_dsxtext2sg24":{"width":93,"height":42},"slwh_dsxtext2sg25":{"width":93,"height":42},"slwh_dsxtext2sg26":{"width":93,"height":42},"slwh_dsxtext2sg27":{"width":93,"height":42},"slwh_dsxtext2sg28":{"width":93,"height":42},"slwh_dsxtext2sg29":{"width":93,"height":42},"slwh_dsxtext2sg30":{"width":93,"height":42},"slwh_dsxtext2sg31":{"width":93,"height":42},"slwh_dsxtext2sg32":{"width":93,"height":42},"slwh_dsxtext2sg33":{"width":93,"height":42}},"slwh_dsxtext2sg2":{"slwh_dsxtext2sg1":{"width":93,"height":42},"slwh_dsxtext2sg2":{"width":93,"height":42},"slwh_dsxtext2sg3":{"width":93,"height":42},"slwh_dsxtext2sg4":{"width":93,"height":42},"slwh_dsxtext2sg5":{"width":93,"height":42},"slwh_dsxtext2sg6":{"width":93,"height":42},"slwh_dsxtext2sg7":{"width":93,"height":42},"slwh_dsxtext2sg8":{"width":93,"height":42},"slwh_dsxtext2sg9":{"width":93,"height":42},"slwh_dsxtext2sg10":{"width":93,"height":42},"slwh_dsxtext2sg11":{"width":93,"height":42},"slwh_dsxtext2sg12":{"width":93,"height":42},"slwh_dsxtext2sg13":{"width":93,"height":42},"slwh_dsxtext2sg14":{"width":93,"height":42},"slwh_dsxtext2sg15":{"width":93,"height":42},"slwh_dsxtext2sg16":{"width":93,"height":42},"slwh_dsxtext2sg17":{"width":93,"height":42},"slwh_dsxtext2sg18":{"width":93,"height":42},"slwh_dsxtext2sg19":{"width":93,"height":42},"slwh_dsxtext2sg20":{"width":93,"height":42},"slwh_dsxtext2sg21":{"width":93,"height":42},"slwh_dsxtext2sg22":{"width":93,"height":42},"slwh_dsxtext2sg23":{"width":93,"height":42},"slwh_dsxtext2sg24":{"width":93,"height":42},"slwh_dsxtext2sg25":{"width":93,"height":42},"slwh_dsxtext2sg26":{"width":93,"height":42},"slwh_dsxtext2sg27":{"width":93,"height":42},"slwh_dsxtext2sg28":{"width":93,"height":42},"slwh_dsxtext2sg29":{"width":93,"height":42},"slwh_dsxtext2sg30":{"width":93,"height":42},"slwh_dsxtext2sg31":{"width":93,"height":42},"slwh_dsxtext2sg32":{"width":93,"height":42},"slwh_dsxtext2sg33":{"width":93,"height":42}},"slwh_dsxtext3":{"slwh_dsxtext2":{"width":290,"height":89}},"slwh_dsxtext4":{"slwh_dsxtext2":{"width":290,"height":89}}}},"animations":{"idle":{"slots":{"slwh_boomgc":{"color":[{"time":0,"color":"fffffffe","curve":"stepped"},{"time":2.4,"color":"fffffffe"}]},"slwh_boomgq":{"color":[{"time":0,"color":"fffffffe","curve":"stepped"},{"time":2.4,"color":"fffffffe"}]},"slwh_boomgq2":{"color":[{"time":0,"color":"fffffffe","curve":"stepped"},{"time":2.4,"color":"fffffffe"}]},"slwh_boomgt":{"color":[{"time":0,"color":"fffffffe","curve":"stepped"},{"time":2.4,"color":"fffffffe"}]},"slwh_boompoint":{"color":[{"time":0,"color":"fffffffe","curve":"stepped"},{"time":2.4,"color":"fffffffe"}]},"slwh_dsx_gx":{"color":[{"time":0,"color":"fffffffe","curve":"stepped"},{"time":2.4,"color":"fffffffe"}],"attachment":[{"time":0,"name":null},{"time":2.4,"name":null}]},"slwh_dsx_gx2":{"color":[{"time":0,"color":"fffffffe","curve":"stepped"},{"time":2.4,"color":"fffffffe"}],"attachment":[{"time":0,"name":null},{"time":2.4,"name":null}]},"slwh_dsx_gx3":{"color":[{"time":0,"color":"fffffffe","curve":"stepped"},{"time":2.4,"color":"fffffffe"}],"attachment":[{"time":0,"name":null},{"time":2.4,"name":null}]},"slwh_dsx_gx4":{"color":[{"time":0,"color":"fffffffe","curve":"stepped"},{"time":2.4,"color":"fffffffe"}],"attachment":[{"time":0,"name":null},{"time":2.4,"name":null}]},"slwh_dsx_gx5":{"color":[{"time":0,"color":"fffffffe","curve":"stepped"},{"time":2.4,"color":"fffffffe"}],"attachment":[{"time":0,"name":null},{"time":2.4,"name":null}]},"slwh_dsx_gx6":{"color":[{"time":0,"color":"fffffffe","curve":"stepped"},{"time":2.4,"color":"fffffffe"}],"attachment":[{"time":0,"name":null},{"time":2.4,"name":null}]},"slwh_dsx_gx7":{"color":[{"time":0,"color":"fffffffe","curve":"stepped"},{"time":2.4,"color":"fffffffe"}],"attachment":[{"time":0,"name":null},{"time":2.4,"name":null}]},"slwh_dsx_gx8":{"color":[{"time":0,"color":"fffffffe","curve":"stepped"},{"time":2.4,"color":"fffffffe"}],"attachment":[{"time":0,"name":null},{"time":2.4,"name":null}]},"slwh_dsx_gx9":{"color":[{"time":0,"color":"fffffffe","curve":"stepped"},{"time":2.4,"color":"fffffffe"}],"attachment":[{"time":0,"name":null},{"time":2.4,"name":null}]},"slwh_dsx_gx10":{"color":[{"time":0,"color":"fffffffe","curve":"stepped"},{"time":2.4,"color":"fffffffe"}],"attachment":[{"time":0,"name":null},{"time":2.4,"name":null}]},"slwh_dsx_gxs1":{"color":[{"time":0,"color":"fffffffe","curve":"stepped"},{"time":2.4,"color":"fffffffe"}]},"slwh_dsxdb":{"color":[{"time":0,"color":"fffffffe","curve":"stepped"},{"time":2.4,"color":"fffffffe"}]},"slwh_dsxdbyy":{"color":[{"time":0,"color":"fffffffe","curve":"stepped"},{"time":2.4,"color":"fffffffe"}]},"slwh_dsxgd":{"color":[{"time":0,"color":"fffffffe","curve":"stepped"},{"time":2.4,"color":"fffffffe"}]},"slwh_dsxgs1":{"color":[{"time":0,"color":"fffffffe","curve":"stepped"},{"time":2.4,"color":"fffffffe"}]},"slwh_dsxgs2":{"color":[{"time":0,"color":"fffffffe","curve":"stepped"},{"time":2.4,"color":"fffffffe"}]},"slwh_dsxgs3":{"color":[{"time":0,"color":"fffffffe","curve":"stepped"},{"time":2.4,"color":"fffffffe"}]},"slwh_dsxgs4":{"color":[{"time":0,"color":"fffffffe","curve":"stepped"},{"time":2.4,"color":"fffffffe"}]},"slwh_dsxgs5":{"color":[{"time":0,"color":"fffffffe","curve":"stepped"},{"time":2.4,"color":"fffffffe"}]},"slwh_dsxgs6":{"color":[{"time":0,"color":"fffffffe","curve":"stepped"},{"time":2.4,"color":"fffffffe"}]},"slwh_dsxgs7":{"color":[{"time":0,"color":"fffffffe","curve":"stepped"},{"time":2.4,"color":"fffffffe"}]},"slwh_dsxgs8":{"color":[{"time":0,"color":"fffffffe","curve":"stepped"},{"time":2.4,"color":"fffffffe"}]},"slwh_dsxgy":{"color":[{"time":0,"color":"fffffffe","curve":"stepped"},{"time":2.4,"color":"fffffffe"}]},"slwh_dsxhcd1":{"color":[{"time":0,"color":"fffffffe","curve":"stepped"},{"time":2.4,"color":"fffffffe"}]},"slwh_dsxhcd2":{"color":[{"time":0,"color":"fffffffe","curve":"stepped"},{"time":2.4,"color":"fffffffe"}]},"slwh_dsxhcd3":{"color":[{"time":0,"color":"fffffffe","curve":"stepped"},{"time":2.4,"color":"fffffffe"}]},"slwh_dsxhcd4":{"color":[{"time":0,"color":"fffffffe","curve":"stepped"},{"time":2.4,"color":"fffffffe"}]},"slwh_dsxhcd5":{"color":[{"time":0,"color":"fffffffe","curve":"stepped"},{"time":2.4,"color":"fffffffe"}]},"slwh_dsxhcd6":{"color":[{"time":0,"color":"fffffffe","curve":"stepped"},{"time":2.4,"color":"fffffffe"}]},"slwh_dsxlcd1":{"color":[{"time":0,"color":"fffffffe","curve":"stepped"},{"time":2.4,"color":"fffffffe"}]},"slwh_dsxlcd2":{"color":[{"time":0,"color":"fffffffe","curve":"stepped"},{"time":2.4,"color":"fffffffe"}]},"slwh_dsxlvcd1":{"color":[{"time":0,"color":"fffffffe","curve":"stepped"},{"time":2.4,"color":"fffffffe"}]},"slwh_dsxlvcd2":{"color":[{"time":0,"color":"fffffffe","curve":"stepped"},{"time":2.4,"color":"fffffffe"}]},"slwh_dsxmaindb1":{"color":[{"time":0,"color":"fffffffe","curve":"stepped"},{"time":2.4,"color":"fffffffe"}]},"slwh_dsxmaindb2":{"color":[{"time":0,"color":"5f4274c6","curve":"stepped"},{"time":2.4,"color":"5f4274c6"}]},"slwh_dsxmaindb3":{"color":[{"time":0,"color":"fdb7ffc6","curve":"stepped"},{"time":2.4,"color":"fdb7ffc6"}]},"slwh_dsxnllizi":{"color":[{"time":0,"color":"fffffffe","curve":"stepped"},{"time":2.4,"color":"fffffffe"}],"attachment":[{"time":0,"name":null},{"time":2.4,"name":null}]},"slwh_dsxrlb1":{"color":[{"time":0,"color":"fffffffe","curve":"stepped"},{"time":2.4,"color":"fffffffe"}]},"slwh_dsxrlb2":{"color":[{"time":0,"color":"fffffffe","curve":"stepped"},{"time":2.4,"color":"fffffffe"}]},"slwh_dsxrlb3":{"color":[{"time":0,"color":"fffffffe","curve":"stepped"},{"time":2.4,"color":"fffffffe"}]},"slwh_dsxrlb4":{"color":[{"time":0,"color":"fffffffe","curve":"stepped"},{"time":2.4,"color":"fffffffe"}]},"slwh_dsxrsd":{"color":[{"time":0,"color":"fffffffe","curve":"stepped"},{"time":2.4,"color":"fffffffe"}]},"slwh_dsxrsd2":{"color":[{"time":0,"color":"fffffffe","curve":"stepped"},{"time":2.4,"color":"fffffffe"}]},"slwh_dsxtext1":{"color":[{"time":0,"color":"fffffffe","curve":"stepped"},{"time":2.4,"color":"fffffffe"}]},"slwh_dsxtext2":{"color":[{"time":0,"color":"fffffffe","curve":"stepped"},{"time":2.4,"color":"fffffffe"}]},"slwh_dsxtext3":{"color":[{"time":0,"color":"fffffffe","curve":"stepped"},{"time":2.4,"color":"fffffffe"}]},"slwh_dsxtext4":{"color":[{"time":0,"color":"fffffffe","curve":"stepped"},{"time":2.4,"color":"fffffffe"}]},"slwh_dsxtext1fg":{"color":[{"time":0,"color":"ffffff00","curve":"stepped"},{"time":0.6,"color":"ffffff00","curve":[0.25,0,0.75,1]},{"time":1.2,"color":"fffffffe","curve":[0.25,0,0.75,1]},{"time":2.4,"color":"ffffff00"}],"attachment":[{"time":0,"name":"slwh_dsxtext1fg"},{"time":2.4,"name":null}]},"slwh_dsxtext2cy":{"color":[{"time":0,"color":"fffffffe","curve":"stepped"},{"time":2.4,"color":"fffffffe"}],"attachment":[{"time":0,"name":null},{"time":2.4,"name":null}]},"slwh_dsxtext2fg":{"color":[{"time":0,"color":"ffffff00","curve":"stepped"},{"time":0.6,"color":"ffffff00","curve":[0.25,0,0.75,1]},{"time":1.2,"color":"fffffffe","curve":[0.25,0,0.75,1]},{"time":2.4,"color":"ffffff00"}],"attachment":[{"time":0,"name":"slwh_dsxtext2fg"},{"time":2.4,"name":null}]},"slwh_dsxtext2sg":{"color":[{"time":0,"color":"fffffffe","curve":"stepped"},{"time":2.4,"color":"fffffffe"}],"attachment":[{"time":0.0667,"name":"slwh_dsxtext2sg1"},{"time":0.1333,"name":"slwh_dsxtext2sg2"},{"time":0.2,"name":"slwh_dsxtext2sg3"},{"time":0.2667,"name":"slwh_dsxtext2sg4"},{"time":0.3333,"name":"slwh_dsxtext2sg5"},{"time":0.4,"name":"slwh_dsxtext2sg6"},{"time":0.4667,"name":"slwh_dsxtext2sg7"},{"time":0.5333,"name":"slwh_dsxtext2sg8"},{"time":0.6,"name":"slwh_dsxtext2sg9"},{"time":0.6667,"name":"slwh_dsxtext2sg10"},{"time":0.7333,"name":"slwh_dsxtext2sg11"},{"time":0.8,"name":"slwh_dsxtext2sg12"},{"time":0.8667,"name":"slwh_dsxtext2sg13"},{"time":0.9333,"name":"slwh_dsxtext2sg14"},{"time":1,"name":"slwh_dsxtext2sg15"},{"time":1.0667,"name":"slwh_dsxtext2sg16"},{"time":1.1333,"name":"slwh_dsxtext2sg17"},{"time":1.2,"name":"slwh_dsxtext2sg18"},{"time":1.2667,"name":"slwh_dsxtext2sg19"},{"time":1.3333,"name":"slwh_dsxtext2sg20"},{"time":1.4,"name":"slwh_dsxtext2sg21"},{"time":1.4667,"name":"slwh_dsxtext2sg22"},{"time":1.5333,"name":"slwh_dsxtext2sg23"},{"time":1.6,"name":"slwh_dsxtext2sg24"},{"time":1.6667,"name":"slwh_dsxtext2sg25"},{"time":1.7333,"name":"slwh_dsxtext2sg26"},{"time":1.8,"name":"slwh_dsxtext2sg27"},{"time":1.8667,"name":"slwh_dsxtext2sg28"},{"time":1.9333,"name":"slwh_dsxtext2sg29"},{"time":2,"name":"slwh_dsxtext2sg30"},{"time":2.0667,"name":"slwh_dsxtext2sg31"},{"time":2.1333,"name":"slwh_dsxtext2sg32"},{"time":2.2,"name":"slwh_dsxtext2sg33"}]},"slwh_dsxtext2sg2":{"color":[{"time":0,"color":"fffffffe","curve":"stepped"},{"time":2.4,"color":"fffffffe"}],"attachment":[{"time":0.0667,"name":"slwh_dsxtext2sg1"},{"time":0.1333,"name":"slwh_dsxtext2sg2"},{"time":0.2,"name":"slwh_dsxtext2sg3"},{"time":0.2667,"name":"slwh_dsxtext2sg4"},{"time":0.3333,"name":"slwh_dsxtext2sg5"},{"time":0.4,"name":"slwh_dsxtext2sg6"},{"time":0.4667,"name":"slwh_dsxtext2sg7"},{"time":0.5333,"name":"slwh_dsxtext2sg8"},{"time":0.6,"name":"slwh_dsxtext2sg9"},{"time":0.6667,"name":"slwh_dsxtext2sg10"},{"time":0.7333,"name":"slwh_dsxtext2sg11"},{"time":0.8,"name":"slwh_dsxtext2sg12"},{"time":0.8667,"name":"slwh_dsxtext2sg13"},{"time":0.9333,"name":"slwh_dsxtext2sg14"},{"time":1,"name":"slwh_dsxtext2sg15"},{"time":1.0667,"name":"slwh_dsxtext2sg16"},{"time":1.1333,"name":"slwh_dsxtext2sg17"},{"time":1.2,"name":"slwh_dsxtext2sg18"},{"time":1.2667,"name":"slwh_dsxtext2sg19"},{"time":1.3333,"name":"slwh_dsxtext2sg20"},{"time":1.4,"name":"slwh_dsxtext2sg21"},{"time":1.4667,"name":"slwh_dsxtext2sg22"},{"time":1.5333,"name":"slwh_dsxtext2sg23"},{"time":1.6,"name":"slwh_dsxtext2sg24"},{"time":1.6667,"name":"slwh_dsxtext2sg25"},{"time":1.7333,"name":"slwh_dsxtext2sg26"},{"time":1.8,"name":"slwh_dsxtext2sg27"},{"time":1.8667,"name":"slwh_dsxtext2sg28"},{"time":1.9333,"name":"slwh_dsxtext2sg29"},{"time":2,"name":"slwh_dsxtext2sg30"},{"time":2.0667,"name":"slwh_dsxtext2sg31"},{"time":2.1333,"name":"slwh_dsxtext2sg32"},{"time":2.2,"name":"slwh_dsxtext2sg33"}]}},"bones":{"slwh_dsxgs8":{"rotate":[{"time":0,"angle":0},{"time":1.1667,"angle":-21.87,"curve":"stepped"},{"time":1.2,"angle":0},{"time":2.3667,"angle":-21.87,"curve":"stepped"},{"time":2.4,"angle":-22.5}],"translate":[{"time":0,"x":0,"y":0,"curve":"stepped"},{"time":2.4,"x":0,"y":0}],"scale":[{"time":0,"x":1,"y":1,"curve":"stepped"},{"time":2.4,"x":1,"y":1}]},"slwh_dsxgs7":{"rotate":[{"time":0,"angle":0},{"time":1.1667,"angle":-21.87,"curve":"stepped"},{"time":1.2,"angle":0},{"time":2.3667,"angle":-21.87,"curve":"stepped"},{"time":2.4,"angle":-22.5}],"translate":[{"time":0,"x":0,"y":0,"curve":"stepped"},{"time":2.4,"x":0,"y":0}],"scale":[{"time":0,"x":1,"y":1,"curve":"stepped"},{"time":2.4,"x":1,"y":1}]},"slwh_dsxgs6":{"rotate":[{"time":0,"angle":0},{"time":1.1667,"angle":-21.87,"curve":"stepped"},{"time":1.2,"angle":0},{"time":2.3667,"angle":-21.87,"curve":"stepped"},{"time":2.4,"angle":-22.5}],"translate":[{"time":0,"x":0,"y":0,"curve":"stepped"},{"time":2.4,"x":0,"y":0}],"scale":[{"time":0,"x":1,"y":1,"curve":"stepped"},{"time":2.4,"x":1,"y":1}]},"slwh_dsxgs5":{"rotate":[{"time":0,"angle":0},{"time":1.1667,"angle":-21.87,"curve":"stepped"},{"time":1.2,"angle":0},{"time":2.3667,"angle":-21.87,"curve":"stepped"},{"time":2.4,"angle":-22.5}],"translate":[{"time":0,"x":0,"y":0,"curve":"stepped"},{"time":2.4,"x":0,"y":0}],"scale":[{"time":0,"x":1,"y":1,"curve":"stepped"},{"time":2.4,"x":1,"y":1}]},"slwh_dsxgs4":{"rotate":[{"time":0,"angle":0},{"time":1.1667,"angle":-21.87,"curve":"stepped"},{"time":1.2,"angle":0},{"time":2.3667,"angle":-21.87,"curve":"stepped"},{"time":2.4,"angle":-22.5}],"translate":[{"time":0,"x":0,"y":0,"curve":"stepped"},{"time":2.4,"x":0,"y":0}],"scale":[{"time":0,"x":1,"y":1,"curve":"stepped"},{"time":2.4,"x":1,"y":1}]},"slwh_dsxgs3":{"rotate":[{"time":0,"angle":0},{"time":1.1667,"angle":-21.87,"curve":"stepped"},{"time":1.2,"angle":0},{"time":2.3667,"angle":-21.87,"curve":"stepped"},{"time":2.4,"angle":-22.5}],"translate":[{"time":0,"x":0,"y":0,"curve":"stepped"},{"time":2.4,"x":0,"y":0}],"scale":[{"time":0,"x":1,"y":1,"curve":"stepped"},{"time":2.4,"x":1,"y":1}]},"slwh_dsxgs2":{"rotate":[{"time":0,"angle":0},{"time":1.1667,"angle":-21.87,"curve":"stepped"},{"time":1.2,"angle":0},{"time":2.3667,"angle":-21.87,"curve":"stepped"},{"time":2.4,"angle":-22.5}],"translate":[{"time":0,"x":0,"y":0,"curve":"stepped"},{"time":2.4,"x":0,"y":0}],"scale":[{"time":0,"x":1,"y":1,"curve":"stepped"},{"time":2.4,"x":1,"y":1}]},"slwh_dsxgs1":{"rotate":[{"time":0,"angle":0},{"time":1.1667,"angle":-21.87,"curve":"stepped"},{"time":1.2,"angle":0},{"time":2.3667,"angle":-21.87,"curve":"stepped"},{"time":2.4,"angle":-22.5}],"translate":[{"time":0,"x":0,"y":0,"curve":"stepped"},{"time":2.4,"x":0,"y":0}],"scale":[{"time":0,"x":1,"y":1,"curve":"stepped"},{"time":2.4,"x":1,"y":1}]},"slwh_dsxtext2sg":{"rotate":[{"time":0,"angle":0,"curve":"stepped"},{"time":2.4,"angle":0}],"translate":[{"time":0,"x":0,"y":0,"curve":"stepped"},{"time":2.4,"x":0,"y":0}],"scale":[{"time":0,"x":1,"y":1,"curve":"stepped"},{"time":2.4,"x":1,"y":1}]},"slwh_dsxtext1":{"rotate":[{"time":0,"angle":0,"curve":"stepped"},{"time":2.4,"angle":0}],"translate":[{"time":0,"x":0,"y":0,"curve":"stepped"},{"time":2.4,"x":0,"y":0}],"scale":[{"time":0,"x":1,"y":1,"curve":"stepped"},{"time":2.4,"x":1,"y":1}]},"slwh_dsxhcd1":{"rotate":[{"time":0,"angle":0,"curve":"stepped"},{"time":2.4,"angle":0}],"translate":[{"time":0,"x":1.31,"y":1.31,"curve":[0.25,0,0.75,1]},{"time":0.5,"x":0,"y":0,"curve":[0.25,0,0.75,1]},{"time":1.7,"x":3.36,"y":3.36,"curve":[0.25,0,0.75,1]},{"time":2.4,"x":1.31,"y":1.31}],"scale":[{"time":0,"x":1,"y":1,"curve":"stepped"},{"time":2.4,"x":1,"y":1}]},"slwh_dsxlvcd2":{"rotate":[{"time":0,"angle":0,"curve":"stepped"},{"time":2.4,"angle":0}],"translate":[{"time":0,"x":0,"y":0,"curve":[0.25,0,0.75,1]},{"time":1.2,"x":6.34,"y":4.47,"curve":[0.25,0,0.75,1]},{"time":2.4,"x":0,"y":0}],"scale":[{"time":0,"x":1,"y":1,"curve":"stepped"},{"time":2.4,"x":1,"y":1}]},"slwh_dsxlcd2":{"rotate":[{"time":0,"angle":0,"curve":"stepped"},{"time":2.4,"angle":0}],"translate":[{"time":0,"x":1.29,"y":0.39,"curve":[0.25,0,0.75,1]},{"time":0.4,"x":0,"y":0,"curve":[0.25,0,0.75,1]},{"time":1.6,"x":4.54,"y":1.38,"curve":[0.25,0,0.75,1]},{"time":2.4,"x":1.29,"y":0.39}],"scale":[{"time":0,"x":1,"y":1,"curve":"stepped"},{"time":2.4,"x":1,"y":1}]},"slwh_dsxhcd2":{"rotate":[{"time":0,"angle":0,"curve":"stepped"},{"time":2.4,"angle":0}],"translate":[{"time":0,"x":1.16,"y":-0.15,"curve":[0.25,0,0.75,1]},{"time":0.3,"x":0,"y":0,"curve":[0.25,0,0.75,1]},{"time":1.5,"x":6.27,"y":-0.81,"curve":[0.25,0,0.75,1]},{"time":2.4,"x":1.16,"y":-0.15}],"scale":[{"time":0,"x":1,"y":1,"curve":"stepped"},{"time":2.4,"x":1,"y":1}]},"slwh_dsxhcd3":{"rotate":[{"time":0,"angle":0,"curve":"stepped"},{"time":2.4,"angle":0}],"translate":[{"time":0,"x":2.36,"y":0.26,"curve":[0.25,0,0.75,1]},{"time":0.6,"x":0,"y":0,"curve":[0.25,0,0.75,1]},{"time":1.8,"x":4.72,"y":0.53,"curve":[0.25,0,0.75,1]},{"time":2.4,"x":2.36,"y":0.26}],"scale":[{"time":0,"x":1,"y":1,"curve":"stepped"},{"time":2.4,"x":1,"y":1}]},"slwh_dsxhcd4":{"rotate":[{"time":0,"angle":0,"curve":"stepped"},{"time":2.4,"angle":0}],"translate":[{"time":0,"x":-1.34,"y":0.13,"curve":[0.25,0,0.75,1]},{"time":0.4,"x":0,"y":0,"curve":[0.25,0,0.75,1]},{"time":1.6,"x":-4.73,"y":0.46,"curve":[0.25,0,0.75,1]},{"time":2.4,"x":-1.34,"y":0.13}],"scale":[{"time":0,"x":1,"y":1,"curve":"stepped"},{"time":2.4,"x":1,"y":1}]},"slwh_dsxlcd1":{"rotate":[{"time":0,"angle":0,"curve":"stepped"},{"time":2.4,"angle":0}],"translate":[{"time":0,"x":-0.52,"y":0.24,"curve":[0.25,0,0.75,1]},{"time":0.2,"x":0,"y":0,"curve":[0.25,0,0.75,1]},{"time":1.4,"x":-5.35,"y":2.52,"curve":[0.25,0,0.75,1]},{"time":2.4,"x":-0.52,"y":0.24}],"scale":[{"time":0,"x":1,"y":1,"curve":"stepped"},{"time":2.4,"x":1,"y":1}]},"slwh_dsxlvcd1":{"rotate":[{"time":0,"angle":0,"curve":"stepped"},{"time":2.4,"angle":0}],"translate":[{"time":0,"x":0,"y":0,"curve":[0.25,0,0.75,1]},{"time":1.2,"x":-4.74,"y":0.29,"curve":[0.25,0,0.75,1]},{"time":2.4,"x":0,"y":0}],"scale":[{"time":0,"x":1,"y":1,"curve":"stepped"},{"time":2.4,"x":1,"y":1}]},"slwh_dsxhcd5":{"rotate":[{"time":0,"angle":0,"curve":"stepped"},{"time":2.4,"angle":0}],"translate":[{"time":0,"x":-0.96,"y":0.52,"curve":[0.25,0,0.75,1]},{"time":0.3,"x":0,"y":0,"curve":[0.25,0,0.75,1]},{"time":1.5,"x":-5.2,"y":2.82,"curve":[0.25,0,0.75,1]},{"time":2.4,"x":-0.96,"y":0.52}],"scale":[{"time":0,"x":1,"y":1,"curve":"stepped"},{"time":2.4,"x":1,"y":1}]},"slwh_dsxhcd6":{"rotate":[{"time":0,"angle":0,"curve":"stepped"},{"time":2.4,"angle":0}],"translate":[{"time":0,"x":-1.45,"y":-0.36,"curve":[0.25,0,0.75,1]},{"time":0.3333,"x":0,"y":0,"curve":[0.25,0,0.75,1]},{"time":1.5333,"x":-6.78,"y":-1.68,"curve":[0.25,0,0.75,1]},{"time":2.4,"x":-1.45,"y":-0.36}],"scale":[{"time":0,"x":1,"y":1,"curve":"stepped"},{"time":2.4,"x":1,"y":1}]},"slwh_dsxrlb2":{"rotate":[{"time":0,"angle":0,"curve":"stepped"},{"time":2.4,"angle":0}],"translate":[{"time":0,"x":0,"y":0,"curve":"stepped"},{"time":2.4,"x":0,"y":0}],"scale":[{"time":0,"x":1,"y":1,"curve":"stepped"},{"time":0.4,"x":1,"y":1,"curve":[0.25,0,0.75,1]},{"time":1.6,"x":1.02,"y":1,"curve":[0.25,0,0.75,1]},{"time":2.4,"x":1,"y":1}]},"slwh_dsxrlb1":{"rotate":[{"time":0,"angle":0,"curve":"stepped"},{"time":2.4,"angle":0}],"translate":[{"time":0,"x":0,"y":0,"curve":"stepped"},{"time":2.4,"x":0,"y":0}],"scale":[{"time":0,"x":1,"y":1,"curve":[0.25,0,0.75,1]},{"time":1.2,"x":1.03,"y":1,"curve":[0.25,0,0.75,1]},{"time":2.4,"x":1,"y":1}]},"slwh_dsxmaindb":{"rotate":[{"time":0,"angle":0,"curve":"stepped"},{"time":2.4,"angle":0}],"translate":[{"time":0,"x":0,"y":0,"curve":"stepped"},{"time":2.4,"x":0,"y":0}],"scale":[{"time":0,"x":1,"y":1,"curve":"stepped"},{"time":2.4,"x":1,"y":1}]},"slwh_dsxgs":{"rotate":[{"time":0,"angle":0,"curve":"stepped"},{"time":2.4,"angle":0}],"translate":[{"time":0,"x":0,"y":0,"curve":"stepped"},{"time":2.4,"x":0,"y":0}],"scale":[{"time":0,"x":1,"y":1,"curve":"stepped"},{"time":2.4,"x":1,"y":1}]},"slwh_dsxdb":{"rotate":[{"time":0,"angle":0,"curve":"stepped"},{"time":2.4,"angle":0}],"translate":[{"time":0,"x":0,"y":0,"curve":"stepped"},{"time":2.4,"x":0,"y":0}],"scale":[{"time":0,"x":1,"y":1,"curve":"stepped"},{"time":2.4,"x":1,"y":1}]},"slwh_dsxtext2":{"rotate":[{"time":0,"angle":0,"curve":"stepped"},{"time":2.4,"angle":0}],"translate":[{"time":0,"x":0,"y":0,"curve":"stepped"},{"time":2.4,"x":0,"y":0}],"scale":[{"time":0,"x":1,"y":1,"curve":"stepped"},{"time":2.4,"x":1,"y":1}]},"slwh_dsxrlb3":{"rotate":[{"time":0,"angle":0,"curve":"stepped"},{"time":2.4,"angle":0}],"translate":[{"time":0,"x":0,"y":0,"curve":"stepped"},{"time":2.4,"x":0,"y":0}],"scale":[{"time":0,"x":1,"y":1,"curve":"stepped"},{"time":0.4,"x":1,"y":1,"curve":[0.25,0,0.75,1]},{"time":1.6,"x":1.02,"y":1,"curve":[0.25,0,0.75,1]},{"time":2.4,"x":1,"y":1}]},"slwh_dsxrlb4":{"rotate":[{"time":0,"angle":0,"curve":"stepped"},{"time":2.4,"angle":0}],"translate":[{"time":0,"x":0,"y":0,"curve":"stepped"},{"time":2.4,"x":0,"y":0}],"scale":[{"time":0,"x":1,"y":1,"curve":[0.25,0,0.75,1]},{"time":1.2,"x":1.03,"y":1,"curve":[0.25,0,0.75,1]},{"time":2.4,"x":1,"y":1}]},"slwh_dsx":{"rotate":[{"time":0,"angle":0,"curve":"stepped"},{"time":2.4,"angle":0}],"translate":[{"time":0,"x":0,"y":0,"curve":"stepped"},{"time":2.4,"x":0,"y":0}],"scale":[{"time":0,"x":1,"y":1,"curve":"stepped"},{"time":2.4,"x":1,"y":1}]},"slwh_dsxrsd":{"rotate":[{"time":0,"angle":0,"curve":"stepped"},{"time":2.4,"angle":0}],"translate":[{"time":0,"x":0,"y":0,"curve":"stepped"},{"time":2.4,"x":0,"y":0}],"scale":[{"time":0,"x":1,"y":1,"curve":"stepped"},{"time":2.4,"x":1,"y":1}]},"slwh_dsxrsd2":{"rotate":[{"time":0,"angle":0,"curve":"stepped"},{"time":2.4,"angle":0}],"translate":[{"time":0,"x":0,"y":0,"curve":"stepped"},{"time":2.4,"x":0,"y":0}],"scale":[{"time":0,"x":1,"y":1,"curve":"stepped"},{"time":2.4,"x":1,"y":1}]},"slwh_dsxtext3":{"rotate":[{"time":0,"angle":0,"curve":"stepped"},{"time":2.4,"angle":0}],"translate":[{"time":0,"x":0,"y":0,"curve":"stepped"},{"time":2.4,"x":0,"y":0}],"scale":[{"time":0,"x":1,"y":1,"curve":"stepped"},{"time":2.4,"x":1,"y":1}]},"slwh_dsxtext4":{"rotate":[{"time":0,"angle":0,"curve":"stepped"},{"time":2.4,"angle":0}],"translate":[{"time":0,"x":0,"y":0,"curve":"stepped"},{"time":2.4,"x":0,"y":0}],"scale":[{"time":0,"x":1,"y":1,"curve":"stepped"},{"time":2.4,"x":1,"y":1}]},"slwh_dsxtext2sg2":{"rotate":[{"time":0,"angle":0,"curve":"stepped"},{"time":2.4,"angle":0}],"translate":[{"time":0,"x":0,"y":0,"curve":"stepped"},{"time":2.4,"x":0,"y":0}],"scale":[{"time":0,"x":1,"y":1,"curve":"stepped"},{"time":2.4,"x":1,"y":1}]}}},"start":{"slots":{"slwh_boomgc":{"color":[{"time":0,"color":"ffffff00","curve":[0.311,0.8,0.582,1]},{"time":0.2,"color":"ffffff80","curve":[0.293,0.2,0.665,0.66]},{"time":0.8,"color":"ffffff00","curve":"stepped"},{"time":2.4,"color":"ffffff00","curve":"stepped"},{"time":4.8,"color":"ffffff00"}],"attachment":[{"time":0,"name":"slwh_boomgc"},{"time":0.8,"name":null},{"time":2.4,"name":null}]},"slwh_boomgq":{"color":[{"time":0,"color":"ffffff00","curve":"stepped"},{"time":0.6667,"color":"ffffff00","curve":[0.292,0,0.63,0.37]},{"time":0.7,"color":"fffffffe","curve":[0.293,0.2,0.665,0.66]},{"time":2.4,"color":"ffffff00","curve":"stepped"},{"time":4.8,"color":"ffffff00"}],"attachment":[{"time":0,"name":"slwh_boomgq"},{"time":2.4,"name":null}]},"slwh_boomgq2":{"color":[{"time":0,"color":"ffffff00","curve":"stepped"},{"time":0.6667,"color":"ffffff00","curve":[0.292,0,0.63,0.37]},{"time":0.9333,"color":"ffffff22","curve":[0.293,0.2,0.665,0.66]},{"time":2.4,"color":"ffffff00","curve":"stepped"},{"time":4.8,"color":"ffffff00"}],"attachment":[{"time":0,"name":"slwh_boomgq"},{"time":2.4,"name":null}]},"slwh_boomgt":{"color":[{"time":0,"color":"ffffff00","curve":[0.311,0.8,0.582,1]},{"time":0.2,"color":"ffffff4a","curve":[0.293,0.2,0.665,0.66]},{"time":0.8,"color":"ffffff00","curve":"stepped"},{"time":2.4,"color":"ffffff00","curve":"stepped"},{"time":4.8,"color":"ffffff00"}],"attachment":[{"time":0,"name":"slwh_boomgt"},{"time":0.8,"name":null},{"time":2.4,"name":null}]},"slwh_boompoint":{"color":[{"time":0,"color":"ffffff00","curve":"stepped"},{"time":0.4,"color":"ffffff00","curve":[0.311,0.8,0.582,1]},{"time":0.6,"color":"ffffff4a","curve":[0.293,0.2,0.665,0.66]},{"time":1.2,"color":"ffffff00","curve":"stepped"},{"time":2.4,"color":"ffffff00","curve":"stepped"},{"time":4.8,"color":"ffffff00"}],"attachment":[{"time":0,"name":"slwh_boompoint"},{"time":0.4,"name":"slwh_boompoint"},{"time":1.2,"name":null},{"time":2.4,"name":null}]},"slwh_dsx_gx":{"color":[{"time":0,"color":"fffffffe","curve":[0.25,0,0.75,1]},{"time":0.4333,"color":"ffffff00","curve":"stepped"},{"time":4.8,"color":"ffffff00"}],"attachment":[{"time":0,"name":"slwh_dsx_gx4"},{"time":4.8,"name":null}]},"slwh_dsx_gx2":{"color":[{"time":0,"color":"fffffffe","curve":[0.25,0,0.75,1]},{"time":0.6667,"color":"ffffff00","curve":"stepped"},{"time":4.8,"color":"ffffff00"}],"attachment":[{"time":0,"name":"slwh_dsx_gx4"},{"time":4.8,"name":null}]},"slwh_dsx_gx3":{"color":[{"time":0,"color":"fffffffe","curve":[0.25,0,0.75,1]},{"time":0.4,"color":"ffffff00","curve":"stepped"},{"time":4.8,"color":"ffffff00"}],"attachment":[{"time":0,"name":"slwh_dsx_gx4"},{"time":4.8,"name":null}]},"slwh_dsx_gx4":{"color":[{"time":0,"color":"fffffffe","curve":[0.25,0,0.75,1]},{"time":0.6,"color":"ffffff00","curve":"stepped"},{"time":4.8,"color":"ffffff00"}],"attachment":[{"time":0,"name":"slwh_dsx_gx4"},{"time":4.8,"name":null}]},"slwh_dsx_gx5":{"color":[{"time":0,"color":"fffffffe","curve":[0.25,0,0.75,1]},{"time":0.5,"color":"ffffff00","curve":"stepped"},{"time":4.8,"color":"ffffff00"}],"attachment":[{"time":0,"name":"slwh_dsx_gx4"},{"time":4.8,"name":null}]},"slwh_dsx_gx6":{"color":[{"time":0,"color":"fffffffe","curve":[0.25,0,0.75,1]},{"time":0.4333,"color":"ffffff00","curve":"stepped"},{"time":4.8,"color":"ffffff00"}],"attachment":[{"time":0,"name":"slwh_dsx_gx8"},{"time":4.8,"name":null}]},"slwh_dsx_gx7":{"color":[{"time":0,"color":"fffffffe","curve":[0.25,0,0.75,1]},{"time":0.6,"color":"ffffff00","curve":"stepped"},{"time":4.8,"color":"ffffff00"}],"attachment":[{"time":0,"name":"slwh_dsx_gx8"},{"time":4.8,"name":null}]},"slwh_dsx_gx8":{"color":[{"time":0,"color":"fffffffe","curve":[0.25,0,0.75,1]},{"time":0.6,"color":"ffffff00","curve":"stepped"},{"time":4.8,"color":"ffffff00"}],"attachment":[{"time":0,"name":"slwh_dsx_gx8"},{"time":4.8,"name":null}]},"slwh_dsx_gx9":{"color":[{"time":0,"color":"fffffffe","curve":[0.25,0,0.75,1]},{"time":0.8,"color":"ffffff00","curve":"stepped"},{"time":4.8,"color":"ffffff00"}],"attachment":[{"time":0,"name":"slwh_dsx_gx8"},{"time":4.8,"name":null}]},"slwh_dsx_gx10":{"color":[{"time":0,"color":"fffffffe","curve":[0.25,0,0.75,1]},{"time":0.6667,"color":"ffffff00","curve":"stepped"},{"time":4.8,"color":"ffffff00"}],"attachment":[{"time":0,"name":"slwh_dsx_gx8"},{"time":4.8,"name":null}]},"slwh_dsx_gxs1":{"color":[{"time":0,"color":"ffffff00","curve":[0.311,0.8,0.582,1]},{"time":0.2,"color":"ffffff80","curve":[0.293,0.2,0.665,0.66]},{"time":0.8,"color":"ffffff00","curve":"stepped"},{"time":2.4,"color":"ffffff00","curve":"stepped"},{"time":4.8,"color":"ffffff00"}],"attachment":[{"time":0,"name":"slwh_dsx_gxs1"},{"time":0.8,"name":null},{"time":2.4,"name":null}]},"slwh_dsxdb":{"color":[{"time":0,"color":"fffffffe","curve":"stepped"},{"time":2.4,"color":"fffffffe","curve":"stepped"},{"time":4.8,"color":"fffffffe"}]},"slwh_dsxdbyy":{"color":[{"time":0,"color":"ffffff00","curve":"stepped"},{"time":0.8,"color":"ffffff00","curve":[0.311,0.8,0.582,1]},{"time":1.2,"color":"fffffffe","curve":"stepped"},{"time":2.4,"color":"fffffffe","curve":"stepped"},{"time":4.8,"color":"fffffffe"}]},"slwh_dsxgd":{"color":[{"time":0,"color":"ffffff00","curve":"stepped"},{"time":0.6,"color":"ffffff00","curve":"stepped"},{"time":0.7,"color":"ffffff00","curve":[0.32,0,0.654,0.34]},{"time":0.8,"color":"fffffffe","curve":"stepped"},{"time":2.4,"color":"fffffffe","curve":"stepped"},{"time":4.8,"color":"fffffffe"}]},"slwh_dsxgs1":{"color":[{"time":0,"color":"ffffff00","curve":"stepped"},{"time":0.6,"color":"ffffff00"},{"time":1.1,"color":"fffffffe","curve":"stepped"},{"time":2.4,"color":"fffffffe","curve":"stepped"},{"time":4.8,"color":"fffffffe"}]},"slwh_dsxgs2":{"color":[{"time":0,"color":"ffffff00","curve":"stepped"},{"time":0.6,"color":"ffffff00"},{"time":1.1,"color":"fffffffe","curve":"stepped"},{"time":2.4,"color":"fffffffe","curve":"stepped"},{"time":4.8,"color":"fffffffe"}]},"slwh_dsxgs3":{"color":[{"time":0,"color":"ffffff00","curve":"stepped"},{"time":0.6,"color":"ffffff00"},{"time":1.1,"color":"fffffffe","curve":"stepped"},{"time":2.4,"color":"fffffffe","curve":"stepped"},{"time":4.8,"color":"fffffffe"}]},"slwh_dsxgs4":{"color":[{"time":0,"color":"ffffff00","curve":"stepped"},{"time":0.6,"color":"ffffff00"},{"time":1.1,"color":"fffffffe","curve":"stepped"},{"time":2.4,"color":"fffffffe","curve":"stepped"},{"time":4.8,"color":"fffffffe"}]},"slwh_dsxgs5":{"color":[{"time":0,"color":"ffffff00","curve":"stepped"},{"time":0.6,"color":"ffffff00"},{"time":1.1,"color":"fffffffe","curve":"stepped"},{"time":2.4,"color":"fffffffe","curve":"stepped"},{"time":4.8,"color":"fffffffe"}]},"slwh_dsxgs6":{"color":[{"time":0,"color":"ffffff00","curve":"stepped"},{"time":0.6,"color":"ffffff00"},{"time":1.1,"color":"fffffffe","curve":"stepped"},{"time":2.4,"color":"fffffffe","curve":"stepped"},{"time":4.8,"color":"fffffffe"}]},"slwh_dsxgs7":{"color":[{"time":0,"color":"ffffff00","curve":"stepped"},{"time":0.6,"color":"ffffff00"},{"time":1.1,"color":"fffffffe","curve":"stepped"},{"time":2.4,"color":"fffffffe","curve":"stepped"},{"time":4.8,"color":"fffffffe"}]},"slwh_dsxgs8":{"color":[{"time":0,"color":"ffffff00","curve":"stepped"},{"time":0.6,"color":"ffffff00"},{"time":1.1,"color":"fffffffe","curve":"stepped"},{"time":2.4,"color":"fffffffe","curve":"stepped"},{"time":4.8,"color":"fffffffe"}]},"slwh_dsxgy":{"color":[{"time":0,"color":"ffffff00","curve":"stepped"},{"time":0.6,"color":"ffffff00","curve":[0.29,0,0.629,0.38]},{"time":1,"color":"fffffffe","curve":"stepped"},{"time":1.5667,"color":"fffffffe","curve":"stepped"},{"time":4.8,"color":"fffffffe"}]},"slwh_dsxhcd1":{"color":[{"time":0,"color":"ffffff00","curve":"stepped"},{"time":0.8,"color":"ffffff00","curve":[0.311,0.8,0.582,1]},{"time":1.2,"color":"fffffffe","curve":"stepped"},{"time":2.4,"color":"fffffffe","curve":"stepped"},{"time":4.8,"color":"fffffffe"}]},"slwh_dsxhcd2":{"color":[{"time":0,"color":"ffffff00","curve":"stepped"},{"time":0.8,"color":"ffffff00","curve":[0.311,0.8,0.582,1]},{"time":1.2,"color":"fffffffe","curve":"stepped"},{"time":2.4,"color":"fffffffe","curve":"stepped"},{"time":4.8,"color":"fffffffe"}]},"slwh_dsxhcd3":{"color":[{"time":0,"color":"ffffff00","curve":"stepped"},{"time":0.8,"color":"ffffff00","curve":[0.311,0.8,0.582,1]},{"time":1.2,"color":"fffffffe","curve":"stepped"},{"time":2.4,"color":"fffffffe","curve":"stepped"},{"time":4.8,"color":"fffffffe"}]},"slwh_dsxhcd4":{"color":[{"time":0,"color":"ffffff00","curve":"stepped"},{"time":0.8,"color":"ffffff00","curve":[0.311,0.8,0.582,1]},{"time":1.2,"color":"fffffffe","curve":"stepped"},{"time":2.4,"color":"fffffffe","curve":"stepped"},{"time":4.8,"color":"fffffffe"}]},"slwh_dsxhcd5":{"color":[{"time":0,"color":"ffffff00","curve":"stepped"},{"time":0.8,"color":"ffffff00","curve":[0.311,0.8,0.582,1]},{"time":1.2,"color":"fffffffe","curve":"stepped"},{"time":2.4,"color":"fffffffe","curve":"stepped"},{"time":4.8,"color":"fffffffe"}]},"slwh_dsxhcd6":{"color":[{"time":0,"color":"ffffff00","curve":"stepped"},{"time":0.8,"color":"ffffff00","curve":[0.311,0.8,0.582,1]},{"time":1.2,"color":"fffffffe","curve":"stepped"},{"time":2.4,"color":"fffffffe","curve":"stepped"},{"time":4.8,"color":"fffffffe"}]},"slwh_dsxlcd1":{"color":[{"time":0,"color":"ffffff00","curve":"stepped"},{"time":0.8,"color":"ffffff00","curve":[0.311,0.8,0.582,1]},{"time":1.2,"color":"fffffffe","curve":"stepped"},{"time":2.4,"color":"fffffffe","curve":"stepped"},{"time":4.8,"color":"fffffffe"}]},"slwh_dsxlcd2":{"color":[{"time":0,"color":"ffffff00","curve":"stepped"},{"time":0.8,"color":"ffffff00","curve":[0.311,0.8,0.582,1]},{"time":1.2,"color":"fffffffe","curve":"stepped"},{"time":2.4,"color":"fffffffe","curve":"stepped"},{"time":4.8,"color":"fffffffe"}]},"slwh_dsxlvcd1":{"color":[{"time":0,"color":"ffffff00","curve":"stepped"},{"time":0.8,"color":"ffffff00","curve":[0.311,0.8,0.582,1]},{"time":1.2,"color":"fffffffe","curve":"stepped"},{"time":2.4,"color":"fffffffe","curve":"stepped"},{"time":4.8,"color":"fffffffe"}]},"slwh_dsxlvcd2":{"color":[{"time":0,"color":"ffffff00","curve":"stepped"},{"time":0.8,"color":"ffffff00","curve":[0.311,0.8,0.582,1]},{"time":1.2,"color":"fffffffe","curve":"stepped"},{"time":2.4,"color":"fffffffe","curve":"stepped"},{"time":4.8,"color":"fffffffe"}]},"slwh_dsxmaindb1":{"color":[{"time":0,"color":"ffffff00","curve":"stepped"},{"time":1.1667,"color":"ffffff00","curve":[0.265,0,0.618,0.43]},{"time":1.5333,"color":"fffffffe","curve":"stepped"},{"time":4.8,"color":"fffffffe"}]},"slwh_dsxmaindb2":{"color":[{"time":0,"color":"5f427400","curve":"stepped"},{"time":1.1667,"color":"5f427400","curve":[0.265,0,0.618,0.43]},{"time":1.5333,"color":"5f4274c6","curve":"stepped"},{"time":4.8,"color":"5f4274c6"}]},"slwh_dsxmaindb3":{"color":[{"time":0,"color":"fdb7ff00","curve":"stepped"},{"time":1.1667,"color":"fdb7ff00","curve":[0.265,0,0.618,0.43]},{"time":1.5333,"color":"fdb7ffc6","curve":"stepped"},{"time":4.8,"color":"fdb7ffc6"}]},"slwh_dsxnllizi":{"color":[{"time":0,"color":"fffffffe","curve":"stepped"},{"time":0.4,"color":"fffffffe","curve":[0.347,0.38,0.757,1]},{"time":0.6667,"color":"ffffff00","curve":"stepped"},{"time":4.8,"color":"ffffff00"}],"attachment":[{"time":0,"name":"slwh_dsxnllizi0"},{"time":0.0333,"name":"slwh_dsxnllizi1"},{"time":0.0667,"name":"slwh_dsxnllizi2"},{"time":0.1,"name":"slwh_dsxnllizi3"},{"time":0.1333,"name":"slwh_dsxnllizi4"},{"time":0.1667,"name":"slwh_dsxnllizi5"},{"time":0.2,"name":"slwh_dsxnllizi6"},{"time":0.2333,"name":"slwh_dsxnllizi7"},{"time":0.2667,"name":"slwh_dsxnllizi8"},{"time":0.3,"name":"slwh_dsxnllizi9"},{"time":0.3333,"name":"slwh_dsxnllizi10"},{"time":0.3667,"name":"slwh_dsxnllizi11"},{"time":0.4,"name":"slwh_dsxnllizi12"},{"time":0.4333,"name":"slwh_dsxnllizi13"},{"time":0.4667,"name":"slwh_dsxnllizi14"},{"time":0.5,"name":"slwh_dsxnllizi15"},{"time":0.5333,"name":"slwh_dsxnllizi16"},{"time":0.5667,"name":"slwh_dsxnllizi17"},{"time":0.6,"name":"slwh_dsxnllizi18"},{"time":0.6333,"name":"slwh_dsxnllizi19"},{"time":0.6667,"name":null},{"time":2.4,"name":null},{"time":4.8,"name":null}]},"slwh_dsxrlb1":{"color":[{"time":0,"color":"ffffff00","curve":"stepped"},{"time":0.6,"color":"ffffff00","curve":"stepped"},{"time":0.6667,"color":"ffffff00","curve":[0.311,0.8,0.582,1]},{"time":0.8667,"color":"fffffffe","curve":"stepped"},{"time":2.4,"color":"fffffffe","curve":"stepped"},{"time":4.8,"color":"fffffffe"}]},"slwh_dsxrlb2":{"color":[{"time":0,"color":"ffffff00","curve":"stepped"},{"time":0.6,"color":"ffffff00","curve":"stepped"},{"time":1,"color":"ffffff00","curve":[0.311,0.8,0.582,1]},{"time":1.2,"color":"fffffffe","curve":"stepped"},{"time":2.4,"color":"fffffffe","curve":"stepped"},{"time":4.8,"color":"fffffffe"}]},"slwh_dsxrlb3":{"color":[{"time":0,"color":"ffffff00","curve":"stepped"},{"time":0.6,"color":"ffffff00","curve":"stepped"},{"time":1,"color":"ffffff00","curve":[0.311,0.8,0.582,1]},{"time":1.2,"color":"fffffffe","curve":"stepped"},{"time":2.4,"color":"fffffffe","curve":"stepped"},{"time":4.8,"color":"fffffffe"}]},"slwh_dsxrlb4":{"color":[{"time":0,"color":"ffffff00","curve":"stepped"},{"time":0.6,"color":"ffffff00","curve":"stepped"},{"time":0.6667,"color":"ffffff00","curve":[0.311,0.8,0.582,1]},{"time":0.8667,"color":"fffffffe","curve":"stepped"},{"time":2.4,"color":"fffffffe","curve":"stepped"},{"time":4.8,"color":"fffffffe"}]},"slwh_dsxrsd":{"color":[{"time":0,"color":"ffffff00","curve":"stepped"},{"time":0.6,"color":"ffffff00","curve":"stepped"},{"time":0.8667,"color":"ffffff00","curve":[0.311,0.8,0.582,1]},{"time":1.0667,"color":"fffffffe","curve":"stepped"},{"time":2.4,"color":"fffffffe","curve":"stepped"},{"time":4.8,"color":"fffffffe"}]},"slwh_dsxrsd2":{"color":[{"time":0,"color":"ffffff00","curve":"stepped"},{"time":0.6,"color":"ffffff00","curve":"stepped"},{"time":0.8667,"color":"ffffff00","curve":[0.311,0.8,0.582,1]},{"time":1.0667,"color":"fffffffe","curve":"stepped"},{"time":2.4,"color":"fffffffe","curve":"stepped"},{"time":4.8,"color":"fffffffe"}]},"slwh_dsxtext1":{"color":[{"time":0,"color":"ffffff00","curve":"stepped"},{"time":0.6,"color":"ffffff00","curve":[0.311,0.8,0.582,1]},{"time":0.7,"color":"fffffffe","curve":"stepped"},{"time":2.4,"color":"fffffffe","curve":"stepped"},{"time":4.8,"color":"fffffffe"}]},"slwh_dsxtext2":{"color":[{"time":0,"color":"ffffff00","curve":"stepped"},{"time":0.6,"color":"ffffff00","curve":"stepped"},{"time":0.7,"color":"ffffff00","curve":[0.311,0.8,0.582,1]},{"time":0.8,"color":"fffffffe","curve":"stepped"},{"time":2.4,"color":"fffffffe","curve":"stepped"},{"time":4.8,"color":"fffffffe"}]},"slwh_dsxtext3":{"color":[{"time":0,"color":"ffffff00","curve":[0.311,0.8,0.582,1]},{"time":0.7,"color":"fffffffe","curve":[0.311,0.25,0.649,0.6]},{"time":0.8333,"color":"ffffff00","curve":"stepped"},{"time":4.8,"color":"ffffff00"}],"attachment":[{"time":0,"name":"slwh_dsxtext2"},{"time":0.6,"name":"slwh_dsxtext2"},{"time":4.8,"name":null}]},"slwh_dsxtext4":{"color":[{"time":0,"color":"ffffff00","curve":"stepped"},{"time":0.6,"color":"ffffff00","curve":"stepped"},{"time":0.7,"color":"ffffff00","curve":[0.311,0.8,0.582,1]},{"time":0.8667,"color":"ffffff22","curve":[0.314,0.18,0.649,0.53]},{"time":1.1333,"color":"ffffff00","curve":"stepped"},{"time":4.8,"color":"ffffff00"}],"attachment":[{"time":0,"name":"slwh_dsxtext2"},{"time":0.6,"name":"slwh_dsxtext2"},{"time":2.4,"name":null}]},"slwh_dsxtext1fg":{"color":[{"time":0,"color":"ffffff00","curve":"stepped"},{"time":0.6,"color":"ffffff00","curve":"stepped"},{"time":0.7,"color":"ffffff00","curve":"stepped"},{"time":0.9,"color":"ffffff00","curve":[0.25,0,0.75,1]},{"time":1.2,"color":"fffffffe","curve":[0.25,0,0.75,1]},{"time":1.8,"color":"ffffff00","curve":"stepped"},{"time":2.4,"color":"ffffff00","curve":"stepped"},{"time":3,"color":"ffffff00","curve":[0.25,0,0.75,1]},{"time":3.6,"color":"fffffffe","curve":[0.25,0,0.75,1]},{"time":4.8,"color":"ffffff00"}],"attachment":[{"time":0,"name":"slwh_dsxtext1fg"},{"time":0.6,"name":"slwh_dsxtext1fg"},{"time":1.9333,"name":null},{"time":2.4,"name":"slwh_dsxtext1fg"},{"time":4.8,"name":null}]},"slwh_dsxtext2cy":{"color":[{"time":0,"color":"ffffff00","curve":[0.265,0,0.618,0.43]},{"time":0.7,"color":"ffffff80","curve":[0.311,0.25,0.649,0.6]},{"time":0.8333,"color":"ffffff00","curve":"stepped"},{"time":4.8,"color":"ffffff00"}],"attachment":[{"time":0,"name":"slwh_dsxtext2cy"},{"time":4.8,"name":null}]},"slwh_dsxtext2fg":{"color":[{"time":0,"color":"ffffff00","curve":"stepped"},{"time":0.6,"color":"ffffff00","curve":"stepped"},{"time":0.7,"color":"ffffff00","curve":"stepped"},{"time":0.8,"color":"ffffff00","curve":"stepped"},{"time":0.8333,"color":"ffffff00","curve":[0.25,0,0.75,1]},{"time":1.1333,"color":"fffffffe","curve":[0.25,0,0.75,1]},{"time":1.7333,"color":"ffffff00","curve":"stepped"},{"time":2.4,"color":"ffffff00","curve":"stepped"},{"time":3,"color":"ffffff00","curve":[0.25,0,0.75,1]},{"time":3.6,"color":"fffffffe","curve":[0.25,0,0.75,1]},{"time":4.8,"color":"ffffff00"}],"attachment":[{"time":0,"name":"slwh_dsxtext2fg"},{"time":0.6,"name":"slwh_dsxtext2fg"},{"time":1.7333,"name":null},{"time":2.4,"name":"slwh_dsxtext2fg"},{"time":4.8,"name":null}]},"slwh_dsxtext2sg":{"color":[{"time":0,"color":"fffffffe","curve":"stepped"},{"time":2.4,"color":"fffffffe","curve":"stepped"},{"time":4.8,"color":"fffffffe"}],"attachment":[{"time":0,"name":null},{"time":0.6,"name":"slwh_dsxtext2sg1"},{"time":0.6333,"name":"slwh_dsxtext2sg2"},{"time":0.6667,"name":"slwh_dsxtext2sg3"},{"time":0.7,"name":"slwh_dsxtext2sg4"},{"time":0.7333,"name":"slwh_dsxtext2sg5"},{"time":0.7667,"name":"slwh_dsxtext2sg6"},{"time":0.8,"name":"slwh_dsxtext2sg7"},{"time":0.8333,"name":"slwh_dsxtext2sg8"},{"time":0.8667,"name":"slwh_dsxtext2sg9"},{"time":0.9,"name":"slwh_dsxtext2sg10"},{"time":0.9333,"name":"slwh_dsxtext2sg11"},{"time":0.9667,"name":"slwh_dsxtext2sg12"},{"time":1,"name":"slwh_dsxtext2sg13"},{"time":1.0333,"name":"slwh_dsxtext2sg14"},{"time":1.0667,"name":"slwh_dsxtext2sg15"},{"time":1.1,"name":"slwh_dsxtext2sg16"},{"time":1.1333,"name":"slwh_dsxtext2sg17"},{"time":1.1667,"name":"slwh_dsxtext2sg18"},{"time":1.2,"name":"slwh_dsxtext2sg19"},{"time":1.2333,"name":"slwh_dsxtext2sg20"},{"time":1.2667,"name":"slwh_dsxtext2sg21"},{"time":1.3,"name":"slwh_dsxtext2sg22"},{"time":1.3333,"name":"slwh_dsxtext2sg23"},{"time":1.3667,"name":"slwh_dsxtext2sg24"},{"time":1.4,"name":"slwh_dsxtext2sg25"},{"time":1.4333,"name":"slwh_dsxtext2sg26"},{"time":1.4667,"name":"slwh_dsxtext2sg27"},{"time":1.5,"name":"slwh_dsxtext2sg28"},{"time":1.5333,"name":"slwh_dsxtext2sg29"},{"time":1.5667,"name":"slwh_dsxtext2sg30"},{"time":1.6,"name":"slwh_dsxtext2sg31"},{"time":1.6333,"name":"slwh_dsxtext2sg32"},{"time":1.6667,"name":"slwh_dsxtext2sg33"},{"time":1.8,"name":null},{"time":2.4667,"name":"slwh_dsxtext2sg1"},{"time":2.5333,"name":"slwh_dsxtext2sg2"},{"time":2.6,"name":"slwh_dsxtext2sg3"},{"time":2.6667,"name":"slwh_dsxtext2sg4"},{"time":2.7333,"name":"slwh_dsxtext2sg5"},{"time":2.8,"name":"slwh_dsxtext2sg6"},{"time":2.8667,"name":"slwh_dsxtext2sg7"},{"time":2.9333,"name":"slwh_dsxtext2sg8"},{"time":3,"name":"slwh_dsxtext2sg9"},{"time":3.0667,"name":"slwh_dsxtext2sg10"},{"time":3.1333,"name":"slwh_dsxtext2sg11"},{"time":3.2,"name":"slwh_dsxtext2sg12"},{"time":3.2667,"name":"slwh_dsxtext2sg13"},{"time":3.3333,"name":"slwh_dsxtext2sg14"},{"time":3.4,"name":"slwh_dsxtext2sg15"},{"time":3.4667,"name":"slwh_dsxtext2sg16"},{"time":3.5333,"name":"slwh_dsxtext2sg17"},{"time":3.6,"name":"slwh_dsxtext2sg18"},{"time":3.6667,"name":"slwh_dsxtext2sg19"},{"time":3.7333,"name":"slwh_dsxtext2sg20"},{"time":3.8,"name":"slwh_dsxtext2sg21"},{"time":3.8667,"name":"slwh_dsxtext2sg22"},{"time":3.9333,"name":"slwh_dsxtext2sg23"},{"time":4,"name":"slwh_dsxtext2sg24"},{"time":4.0667,"name":"slwh_dsxtext2sg25"},{"time":4.1333,"name":"slwh_dsxtext2sg26"},{"time":4.2,"name":"slwh_dsxtext2sg27"},{"time":4.2667,"name":"slwh_dsxtext2sg28"},{"time":4.3333,"name":"slwh_dsxtext2sg29"},{"time":4.4,"name":"slwh_dsxtext2sg30"},{"time":4.4667,"name":"slwh_dsxtext2sg31"},{"time":4.5333,"name":"slwh_dsxtext2sg32"},{"time":4.6,"name":"slwh_dsxtext2sg33"}]},"slwh_dsxtext2sg2":{"color":[{"time":0,"color":"fffffffe","curve":"stepped"},{"time":2.4,"color":"fffffffe","curve":"stepped"},{"time":4.8,"color":"fffffffe"}],"attachment":[{"time":0,"name":"slwh_dsxtext2sg1"},{"time":0.0333,"name":"slwh_dsxtext2sg2"},{"time":0.0667,"name":"slwh_dsxtext2sg3"},{"time":0.1,"name":"slwh_dsxtext2sg4"},{"time":0.1333,"name":"slwh_dsxtext2sg5"},{"time":0.1667,"name":"slwh_dsxtext2sg6"},{"time":0.2,"name":"slwh_dsxtext2sg7"},{"time":0.2333,"name":"slwh_dsxtext2sg8"},{"time":0.2667,"name":"slwh_dsxtext2sg9"},{"time":0.3,"name":"slwh_dsxtext2sg10"},{"time":0.3333,"name":"slwh_dsxtext2sg11"},{"time":0.3667,"name":"slwh_dsxtext2sg12"},{"time":0.4,"name":"slwh_dsxtext2sg13"},{"time":0.4333,"name":"slwh_dsxtext2sg14"},{"time":0.4667,"name":"slwh_dsxtext2sg15"},{"time":0.5,"name":"slwh_dsxtext2sg16"},{"time":0.5333,"name":"slwh_dsxtext2sg17"},{"time":0.5667,"name":"slwh_dsxtext2sg18"},{"time":0.6,"name":"slwh_dsxtext2sg19"},{"time":0.6333,"name":"slwh_dsxtext2sg20"},{"time":0.6667,"name":"slwh_dsxtext2sg21"},{"time":0.7,"name":"slwh_dsxtext2sg22"},{"time":0.7333,"name":"slwh_dsxtext2sg23"},{"time":0.7667,"name":"slwh_dsxtext2sg24"},{"time":0.8,"name":"slwh_dsxtext2sg25"},{"time":0.8333,"name":"slwh_dsxtext2sg26"},{"time":0.8667,"name":"slwh_dsxtext2sg27"},{"time":0.9,"name":"slwh_dsxtext2sg28"},{"time":0.9333,"name":"slwh_dsxtext2sg29"},{"time":0.9667,"name":"slwh_dsxtext2sg30"},{"time":1,"name":"slwh_dsxtext2sg31"},{"time":1.0333,"name":"slwh_dsxtext2sg32"},{"time":1.0667,"name":"slwh_dsxtext2sg33"},{"time":1.2,"name":null},{"time":2.4667,"name":"slwh_dsxtext2sg1"},{"time":2.5333,"name":"slwh_dsxtext2sg2"},{"time":2.6,"name":"slwh_dsxtext2sg3"},{"time":2.6667,"name":"slwh_dsxtext2sg4"},{"time":2.7333,"name":"slwh_dsxtext2sg5"},{"time":2.8,"name":"slwh_dsxtext2sg6"},{"time":2.8667,"name":"slwh_dsxtext2sg7"},{"time":2.9333,"name":"slwh_dsxtext2sg8"},{"time":3,"name":"slwh_dsxtext2sg9"},{"time":3.0667,"name":"slwh_dsxtext2sg10"},{"time":3.1333,"name":"slwh_dsxtext2sg11"},{"time":3.2,"name":"slwh_dsxtext2sg12"},{"time":3.2667,"name":"slwh_dsxtext2sg13"},{"time":3.3333,"name":"slwh_dsxtext2sg14"},{"time":3.4,"name":"slwh_dsxtext2sg15"},{"time":3.4667,"name":"slwh_dsxtext2sg16"},{"time":3.5333,"name":"slwh_dsxtext2sg17"},{"time":3.6,"name":"slwh_dsxtext2sg18"},{"time":3.6667,"name":"slwh_dsxtext2sg19"},{"time":3.7333,"name":"slwh_dsxtext2sg20"},{"time":3.8,"name":"slwh_dsxtext2sg21"},{"time":3.8667,"name":"slwh_dsxtext2sg22"},{"time":3.9333,"name":"slwh_dsxtext2sg23"},{"time":4,"name":"slwh_dsxtext2sg24"},{"time":4.0667,"name":"slwh_dsxtext2sg25"},{"time":4.1333,"name":"slwh_dsxtext2sg26"},{"time":4.2,"name":"slwh_dsxtext2sg27"},{"time":4.2667,"name":"slwh_dsxtext2sg28"},{"time":4.3333,"name":"slwh_dsxtext2sg29"},{"time":4.4,"name":"slwh_dsxtext2sg30"},{"time":4.4667,"name":"slwh_dsxtext2sg31"},{"time":4.5333,"name":"slwh_dsxtext2sg32"},{"time":4.6,"name":"slwh_dsxtext2sg33"}]}},"bones":{"zhanshi":{"rotate":[{"time":0,"angle":0,"curve":"stepped"},{"time":0.6,"angle":0,"curve":"stepped"},{"time":4.8,"angle":0}],"translate":[{"time":0,"x":-3,"y":-223.34,"curve":"stepped"},{"time":0.6,"x":-3,"y":-223.34,"curve":"stepped"},{"time":1,"x":-3,"y":-223.34,"curve":[0.265,0,0.618,0.43]},{"time":1.1667,"x":-3,"y":-231.3,"curve":[0.311,0.8,0.582,1]},{"time":1.7333,"x":0,"y":-0.04,"curve":"stepped"},{"time":4.8,"x":0,"y":-0.04}],"scale":[{"time":0,"x":1,"y":1,"curve":"stepped"},{"time":0.6,"x":1,"y":1,"curve":"stepped"},{"time":4.8,"x":1,"y":1}]},"slwh_dsxmaindb":{"rotate":[{"time":0,"angle":0,"curve":"stepped"},{"time":1.1667,"angle":0,"curve":"stepped"},{"time":4.8,"angle":0}],"translate":[{"time":0,"x":0,"y":0,"curve":"stepped"},{"time":4.8,"x":0,"y":0}],"scale":[{"time":0,"x":1,"y":0.01,"curve":"stepped"},{"time":1.1667,"x":1,"y":0.01,"curve":[0.265,0,0.618,0.43]},{"time":1.3333,"x":1,"y":1.15,"curve":[0.25,0,0.75,1]},{"time":1.5333,"x":1,"y":0.95,"curve":[0.25,0,0.75,1]},{"time":1.8,"x":1,"y":1.02,"curve":[0.293,0,0.631,0.37]},{"time":2.0667,"x":1,"y":0.99,"curve":[0.309,0.24,0.647,0.59]},{"time":2.4,"x":1,"y":1,"curve":"stepped"},{"time":4.8,"x":1,"y":1}]},"slwh_dsx":{"rotate":[{"time":0,"angle":0,"curve":"stepped"},{"time":2.4,"angle":0,"curve":"stepped"},{"time":4.8,"angle":0}],"translate":[{"time":0,"x":0,"y":0,"curve":"stepped"},{"time":2.4,"x":0,"y":0,"curve":"stepped"},{"time":4.8,"x":0,"y":0}],"scale":[{"time":0,"x":1,"y":1,"curve":"stepped"},{"time":2.4,"x":1,"y":1,"curve":"stepped"},{"time":4.8,"x":1,"y":1}]},"slwh_dsxrsd":{"rotate":[{"time":0,"angle":0,"curve":"stepped"},{"time":0.6,"angle":0,"curve":"stepped"},{"time":0.8667,"angle":0,"curve":"stepped"},{"time":1.8333,"angle":0,"curve":"stepped"},{"time":2.4,"angle":0,"curve":"stepped"},{"time":4.8,"angle":0}],"translate":[{"time":0,"x":233.85,"y":0,"curve":"stepped"},{"time":0.6,"x":233.85,"y":0,"curve":"stepped"},{"time":0.8667,"x":233.85,"y":0,"curve":[0.311,0.8,0.582,1]},{"time":1.0667,"x":-7.46,"y":0,"curve":[0.25,0,0.75,1]},{"time":1.2667,"x":2.51,"y":0,"curve":[0.25,0,0.75,1]},{"time":1.4667,"x":-2.51,"y":0,"curve":[0.25,0,0.75,1]},{"time":1.6667,"x":0,"y":0,"curve":"stepped"},{"time":1.8333,"x":0,"y":0,"curve":"stepped"},{"time":2.4,"x":0,"y":0,"curve":"stepped"},{"time":4.8,"x":0,"y":0}],"scale":[{"time":0,"x":1,"y":1,"curve":"stepped"},{"time":0.6,"x":1,"y":1,"curve":"stepped"},{"time":0.8667,"x":1,"y":1,"curve":"stepped"},{"time":1.8333,"x":1,"y":1,"curve":"stepped"},{"time":2.4,"x":1,"y":1,"curve":"stepped"},{"time":4.8,"x":1,"y":1}]},"slwh_dsxgs":{"rotate":[{"time":0,"angle":0,"curve":"stepped"},{"time":0.6,"angle":0,"curve":"stepped"},{"time":2.4,"angle":0,"curve":"stepped"},{"time":4.8,"angle":0}],"translate":[{"time":0,"x":0,"y":0,"curve":"stepped"},{"time":0.6,"x":0,"y":0,"curve":"stepped"},{"time":2.4,"x":0,"y":0,"curve":"stepped"},{"time":4.8,"x":0,"y":0}],"scale":[{"time":0,"x":0.503,"y":0.503,"curve":"stepped"},{"time":0.6,"x":0.503,"y":0.503,"curve":[0.311,0.8,0.582,1]},{"time":1,"x":1,"y":1,"curve":"stepped"},{"time":2.4,"x":1,"y":1,"curve":"stepped"},{"time":4.8,"x":1,"y":1}]},"slwh_dsxgs1":{"rotate":[{"time":0,"angle":0,"curve":"stepped"},{"time":0.6,"angle":0},{"time":2.3667,"angle":-21.87,"curve":"stepped"},{"time":2.4,"angle":0},{"time":3.5667,"angle":-21.87,"curve":"stepped"},{"time":3.6,"angle":0},{"time":4.7667,"angle":-21.87,"curve":"stepped"},{"time":4.8,"angle":-22.5}],"translate":[{"time":0,"x":0,"y":0,"curve":"stepped"},{"time":0.6,"x":0,"y":0,"curve":"stepped"},{"time":2.4,"x":0,"y":0,"curve":"stepped"},{"time":4.8,"x":0,"y":0}],"scale":[{"time":0,"x":1,"y":1,"curve":"stepped"},{"time":0.6,"x":1,"y":1,"curve":"stepped"},{"time":2.4,"x":1,"y":1,"curve":"stepped"},{"time":4.8,"x":1,"y":1}]},"slwh_dsxgs2":{"rotate":[{"time":0,"angle":0,"curve":"stepped"},{"time":0.6,"angle":0},{"time":2.3667,"angle":-21.87,"curve":"stepped"},{"time":2.4,"angle":0},{"time":3.5667,"angle":-21.87,"curve":"stepped"},{"time":3.6,"angle":0},{"time":4.7667,"angle":-21.87,"curve":"stepped"},{"time":4.8,"angle":-22.5}],"translate":[{"time":0,"x":0,"y":0,"curve":"stepped"},{"time":0.6,"x":0,"y":0,"curve":"stepped"},{"time":2.4,"x":0,"y":0,"curve":"stepped"},{"time":4.8,"x":0,"y":0}],"scale":[{"time":0,"x":1,"y":1,"curve":"stepped"},{"time":0.6,"x":1,"y":1,"curve":"stepped"},{"time":2.4,"x":1,"y":1,"curve":"stepped"},{"time":4.8,"x":1,"y":1}]},"slwh_dsxgs3":{"rotate":[{"time":0,"angle":0,"curve":"stepped"},{"time":0.6,"angle":0},{"time":2.3667,"angle":-21.87,"curve":"stepped"},{"time":2.4,"angle":0},{"time":3.5667,"angle":-21.87,"curve":"stepped"},{"time":3.6,"angle":0},{"time":4.7667,"angle":-21.87,"curve":"stepped"},{"time":4.8,"angle":-22.5}],"translate":[{"time":0,"x":0,"y":0,"curve":"stepped"},{"time":0.6,"x":0,"y":0,"curve":"stepped"},{"time":2.4,"x":0,"y":0,"curve":"stepped"},{"time":4.8,"x":0,"y":0}],"scale":[{"time":0,"x":1,"y":1,"curve":"stepped"},{"time":0.6,"x":1,"y":1,"curve":"stepped"},{"time":2.4,"x":1,"y":1,"curve":"stepped"},{"time":4.8,"x":1,"y":1}]},"slwh_dsxgs4":{"rotate":[{"time":0,"angle":0,"curve":"stepped"},{"time":0.6,"angle":0},{"time":2.3667,"angle":-21.87,"curve":"stepped"},{"time":2.4,"angle":0},{"time":3.5667,"angle":-21.87,"curve":"stepped"},{"time":3.6,"angle":0},{"time":4.7667,"angle":-21.87,"curve":"stepped"},{"time":4.8,"angle":-22.5}],"translate":[{"time":0,"x":0,"y":0,"curve":"stepped"},{"time":0.6,"x":0,"y":0,"curve":"stepped"},{"time":2.4,"x":0,"y":0,"curve":"stepped"},{"time":4.8,"x":0,"y":0}],"scale":[{"time":0,"x":1,"y":1,"curve":"stepped"},{"time":0.6,"x":1,"y":1,"curve":"stepped"},{"time":2.4,"x":1,"y":1,"curve":"stepped"},{"time":4.8,"x":1,"y":1}]},"slwh_dsxgs5":{"rotate":[{"time":0,"angle":0,"curve":"stepped"},{"time":0.6,"angle":0},{"time":2.3667,"angle":-21.87,"curve":"stepped"},{"time":2.4,"angle":0},{"time":3.5667,"angle":-21.87,"curve":"stepped"},{"time":3.6,"angle":0},{"time":4.7667,"angle":-21.87,"curve":"stepped"},{"time":4.8,"angle":-22.5}],"translate":[{"time":0,"x":0,"y":0,"curve":"stepped"},{"time":0.6,"x":0,"y":0,"curve":"stepped"},{"time":2.4,"x":0,"y":0,"curve":"stepped"},{"time":4.8,"x":0,"y":0}],"scale":[{"time":0,"x":1,"y":1,"curve":"stepped"},{"time":0.6,"x":1,"y":1,"curve":"stepped"},{"time":2.4,"x":1,"y":1,"curve":"stepped"},{"time":4.8,"x":1,"y":1}]},"slwh_dsxgs6":{"rotate":[{"time":0,"angle":0,"curve":"stepped"},{"time":0.6,"angle":0},{"time":2.3667,"angle":-21.87,"curve":"stepped"},{"time":2.4,"angle":0},{"time":3.5667,"angle":-21.87,"curve":"stepped"},{"time":3.6,"angle":0},{"time":4.7667,"angle":-21.87,"curve":"stepped"},{"time":4.8,"angle":-22.5}],"translate":[{"time":0,"x":0,"y":0,"curve":"stepped"},{"time":0.6,"x":0,"y":0,"curve":"stepped"},{"time":2.4,"x":0,"y":0,"curve":"stepped"},{"time":4.8,"x":0,"y":0}],"scale":[{"time":0,"x":1,"y":1,"curve":"stepped"},{"time":0.6,"x":1,"y":1,"curve":"stepped"},{"time":2.4,"x":1,"y":1,"curve":"stepped"},{"time":4.8,"x":1,"y":1}]},"slwh_dsxgs7":{"rotate":[{"time":0,"angle":0,"curve":"stepped"},{"time":0.6,"angle":0},{"time":2.3667,"angle":-21.87,"curve":"stepped"},{"time":2.4,"angle":0},{"time":3.5667,"angle":-21.87,"curve":"stepped"},{"time":3.6,"angle":0},{"time":4.7667,"angle":-21.87,"curve":"stepped"},{"time":4.8,"angle":-22.5}],"translate":[{"time":0,"x":0,"y":0,"curve":"stepped"},{"time":0.6,"x":0,"y":0,"curve":"stepped"},{"time":2.4,"x":0,"y":0,"curve":"stepped"},{"time":4.8,"x":0,"y":0}],"scale":[{"time":0,"x":1,"y":1,"curve":"stepped"},{"time":0.6,"x":1,"y":1,"curve":"stepped"},{"time":2.4,"x":1,"y":1,"curve":"stepped"},{"time":4.8,"x":1,"y":1}]},"slwh_dsxgs8":{"rotate":[{"time":0,"angle":0,"curve":"stepped"},{"time":0.6,"angle":0},{"time":2.3667,"angle":-21.87,"curve":"stepped"},{"time":2.4,"angle":0},{"time":3.5667,"angle":-21.87,"curve":"stepped"},{"time":3.6,"angle":0},{"time":4.7667,"angle":-21.87,"curve":"stepped"},{"time":4.8,"angle":-22.5}],"translate":[{"time":0,"x":0,"y":0,"curve":"stepped"},{"time":0.6,"x":0,"y":0,"curve":"stepped"},{"time":2.4,"x":0,"y":0,"curve":"stepped"},{"time":4.8,"x":0,"y":0}],"scale":[{"time":0,"x":1,"y":1,"curve":"stepped"},{"time":0.6,"x":1,"y":1,"curve":"stepped"},{"time":2.4,"x":1,"y":1,"curve":"stepped"},{"time":4.8,"x":1,"y":1}]},"slwh_dsxdb":{"rotate":[{"time":0,"angle":0,"curve":"stepped"},{"time":0.6,"angle":0,"curve":"stepped"},{"time":1.8,"angle":0,"curve":"stepped"},{"time":2.4,"angle":0,"curve":"stepped"},{"time":4.8,"angle":0}],"translate":[{"time":0,"x":0,"y":0,"curve":"stepped"},{"time":0.6,"x":0,"y":0,"curve":"stepped"},{"time":1.8,"x":0,"y":0,"curve":"stepped"},{"time":2.4,"x":0,"y":0,"curve":"stepped"},{"time":4.8,"x":0,"y":0}],"scale":[{"time":0,"x":0,"y":1,"curve":"stepped"},{"time":0.6,"x":0,"y":1,"curve":[0.311,0.8,0.582,1]},{"time":0.8,"x":1.15,"y":1,"curve":[0.25,0,0.75,1]},{"time":1,"x":0.95,"y":1,"curve":[0.25,0,0.75,1]},{"time":1.2,"x":1.02,"y":1,"curve":[0.25,0,0.75,1]},{"time":1.4,"x":1,"y":1,"curve":"stepped"},{"time":1.8,"x":1,"y":1,"curve":"stepped"},{"time":2.4,"x":1,"y":1,"curve":"stepped"},{"time":4.8,"x":1,"y":1}]},"slwh_dsxtext1":{"rotate":[{"time":0,"angle":0,"curve":"stepped"},{"time":0.6,"angle":0,"curve":"stepped"},{"time":1.9333,"angle":0,"curve":"stepped"},{"time":2.4,"angle":0,"curve":"stepped"},{"time":4.8,"angle":0}],"translate":[{"time":0,"x":0,"y":0,"curve":"stepped"},{"time":0.6,"x":0,"y":0,"curve":"stepped"},{"time":1.9333,"x":0,"y":0,"curve":"stepped"},{"time":2.4,"x":0,"y":0,"curve":"stepped"},{"time":4.8,"x":0,"y":0}],"scale":[{"time":0,"x":0.75,"y":0.75,"curve":"stepped"},{"time":0.6,"x":0.75,"y":0.75,"curve":[0.311,0.8,0.582,1]},{"time":0.8,"x":1.05,"y":1.05,"curve":[0.25,0,0.75,1]},{"time":1.0333,"x":0.98,"y":0.98,"curve":[0.25,0,0.75,1]},{"time":1.3,"x":1.02,"y":1.02,"curve":[0.25,0,0.75,1]},{"time":1.6,"x":0.99,"y":0.99,"curve":[0.25,0,0.75,1]},{"time":1.9333,"x":1,"y":1,"curve":"stepped"},{"time":2.4,"x":1,"y":1,"curve":"stepped"},{"time":4.8,"x":1,"y":1}]},"slwh_dsxtext2":{"rotate":[{"time":0,"angle":0,"curve":"stepped"},{"time":0.6,"angle":0,"curve":"stepped"},{"time":1.7333,"angle":0,"curve":"stepped"},{"time":2.4,"angle":0,"curve":"stepped"},{"time":4.8,"angle":0}],"translate":[{"time":0,"x":0,"y":0,"curve":"stepped"},{"time":0.6,"x":0,"y":0,"curve":"stepped"},{"time":1.7333,"x":0,"y":0,"curve":"stepped"},{"time":2.4,"x":0,"y":0,"curve":"stepped"},{"time":4.8,"x":0,"y":0}],"scale":[{"time":0,"x":1,"y":1,"curve":"stepped"},{"time":0.6,"x":1,"y":1,"curve":"stepped"},{"time":2.4,"x":1,"y":1,"curve":"stepped"},{"time":4.8,"x":1,"y":1}]},"laba":{"rotate":[{"time":0,"angle":0,"curve":"stepped"},{"time":0.6,"angle":0,"curve":"stepped"},{"time":1.8,"angle":0,"curve":"stepped"},{"time":4.8,"angle":0}],"translate":[{"time":0,"x":0,"y":0,"curve":"stepped"},{"time":0.6,"x":0,"y":0,"curve":"stepped"},{"time":1.8,"x":0,"y":0,"curve":"stepped"},{"time":4.8,"x":0,"y":0}],"scale":[{"time":0,"x":1,"y":1,"curve":"stepped"},{"time":0.6,"x":1,"y":1,"curve":"stepped"},{"time":1.8,"x":1,"y":1,"curve":"stepped"},{"time":4.8,"x":1,"y":1}]},"slwh_dsxrlb2":{"rotate":[{"time":0,"angle":0,"curve":"stepped"},{"time":0.6,"angle":0,"curve":"stepped"},{"time":1,"angle":0,"curve":"stepped"},{"time":2.0333,"angle":0,"curve":"stepped"},{"time":2.4,"angle":0,"curve":"stepped"},{"time":4.8,"angle":0}],"translate":[{"time":0,"x":83.88,"y":-58.74,"curve":"stepped"},{"time":0.6,"x":83.88,"y":-58.74,"curve":"stepped"},{"time":1,"x":83.88,"y":-58.74,"curve":[0.311,0.8,0.582,1]},{"time":1.2,"x":-4.85,"y":3.4,"curve":[0.25,0,0.75,1]},{"time":1.4,"x":3.96,"y":-2.77,"curve":[0.25,0,0.75,1]},{"time":1.6,"x":-1.23,"y":0.86,"curve":[0.25,0,0.75,1]},{"time":1.8,"x":0,"y":0,"curve":"stepped"},{"time":2.0333,"x":0,"y":0,"curve":"stepped"},{"time":2.4,"x":0,"y":0,"curve":"stepped"},{"time":4.8,"x":0,"y":0}],"scale":[{"time":0,"x":1,"y":1,"curve":"stepped"},{"time":0.6,"x":1,"y":1,"curve":"stepped"},{"time":1,"x":1,"y":1,"curve":"stepped"},{"time":2.0333,"x":1,"y":1,"curve":"stepped"},{"time":2.4,"x":1,"y":1,"curve":"stepped"},{"time":2.8,"x":1,"y":1,"curve":[0.25,0,0.75,1]},{"time":4,"x":1.02,"y":1,"curve":[0.25,0,0.75,1]},{"time":4.8,"x":1,"y":1}]},"slwh_dsxrlb1":{"rotate":[{"time":0,"angle":0,"curve":"stepped"},{"time":0.6,"angle":0,"curve":"stepped"},{"time":0.6667,"angle":0,"curve":"stepped"},{"time":1.7667,"angle":0,"curve":"stepped"},{"time":2.4,"angle":0,"curve":"stepped"},{"time":4.8,"angle":0}],"translate":[{"time":0,"x":67.81,"y":-76.74,"curve":"stepped"},{"time":0.6,"x":67.81,"y":-76.74,"curve":"stepped"},{"time":0.6667,"x":67.81,"y":-76.74,"curve":[0.311,0.8,0.582,1]},{"time":0.8667,"x":-3.92,"y":4.44,"curve":[0.25,0,0.75,1]},{"time":1.0667,"x":3.2,"y":-3.62,"curve":[0.25,0,0.75,1]},{"time":1.2667,"x":-1,"y":1.13,"curve":[0.25,0,0.75,1]},{"time":1.4667,"x":0,"y":0,"curve":"stepped"},{"time":1.7667,"x":0,"y":0,"curve":"stepped"},{"time":2.4,"x":0,"y":0,"curve":"stepped"},{"time":4.8,"x":0,"y":0}],"scale":[{"time":0,"x":1,"y":1,"curve":"stepped"},{"time":0.6,"x":1,"y":1,"curve":"stepped"},{"time":0.6667,"x":1,"y":1,"curve":"stepped"},{"time":1.7667,"x":1,"y":1,"curve":"stepped"},{"time":2.4,"x":1,"y":1,"curve":[0.25,0,0.75,1]},{"time":3.6,"x":1.03,"y":1,"curve":[0.25,0,0.75,1]},{"time":4.8,"x":1,"y":1}]},"slwh_dsxrsd2":{"rotate":[{"time":0,"angle":0,"curve":"stepped"},{"time":0.6,"angle":0,"curve":"stepped"},{"time":0.8667,"angle":0,"curve":"stepped"},{"time":1.8333,"angle":0,"curve":"stepped"},{"time":2.4,"angle":0,"curve":"stepped"},{"time":4.8,"angle":0}],"translate":[{"time":0,"x":-233.85,"y":0,"curve":"stepped"},{"time":0.6,"x":-233.85,"y":0,"curve":"stepped"},{"time":0.8667,"x":-233.85,"y":0,"curve":[0.311,0.8,0.582,1]},{"time":1.0667,"x":7.46,"y":0,"curve":[0.25,0,0.75,1]},{"time":1.2667,"x":-2.51,"y":0,"curve":[0.25,0,0.75,1]},{"time":1.4667,"x":2.51,"y":0,"curve":[0.25,0,0.75,1]},{"time":1.6667,"x":0,"y":0,"curve":"stepped"},{"time":1.8333,"x":0,"y":0,"curve":"stepped"},{"time":2.4,"x":0,"y":0,"curve":"stepped"},{"time":4.8,"x":0,"y":0}],"scale":[{"time":0,"x":1,"y":1,"curve":"stepped"},{"time":0.6,"x":1,"y":1,"curve":"stepped"},{"time":0.8667,"x":1,"y":1,"curve":"stepped"},{"time":1.8333,"x":1,"y":1,"curve":"stepped"},{"time":2.4,"x":1,"y":1,"curve":"stepped"},{"time":4.8,"x":1,"y":1}]},"slwh_dsxlvcd2":{"rotate":[{"time":0,"angle":30,"curve":"stepped"},{"time":0.8,"angle":30,"curve":[0.311,0.8,0.582,1]},{"time":2.4,"angle":0,"curve":"stepped"},{"time":4.8,"angle":0}],"translate":[{"time":0,"x":-263.28,"y":-44.77,"curve":"stepped"},{"time":0.8,"x":-263.28,"y":-44.77,"curve":[0.311,0.8,0.582,1]},{"time":1.6,"x":22.75,"y":10.13,"curve":[0.25,0,0.75,1]},{"time":2.4,"x":0,"y":0,"curve":[0.25,0,0.75,1]},{"time":3.6,"x":6.34,"y":4.47,"curve":[0.25,0,0.75,1]},{"time":4.8,"x":0,"y":0}],"scale":[{"time":0,"x":0,"y":0,"curve":"stepped"},{"time":0.8,"x":0,"y":0,"curve":[0.25,0,0.75,1]},{"time":1.6,"x":1.1,"y":1.1,"curve":[0.292,0.76,0.599,0.99]},{"time":2.4,"x":1,"y":1,"curve":"stepped"},{"time":4.8,"x":1,"y":1}]},"slwh_dsxhcd1":{"rotate":[{"time":0,"angle":-15,"curve":"stepped"},{"time":0.8,"angle":-15,"curve":[0.311,0.8,0.582,1]},{"time":2.4,"angle":0,"curve":"stepped"},{"time":4.8,"angle":0}],"translate":[{"time":0,"x":-346.54,"y":-108.18,"curve":"stepped"},{"time":0.8,"x":-346.54,"y":-108.18,"curve":[0.311,0.8,0.582,1]},{"time":1.5,"x":17.12,"y":10.66,"curve":[0.25,0,0.75,1]},{"time":2.4,"x":1.31,"y":1.31,"curve":[0.25,0,0.75,1]},{"time":2.9,"x":0,"y":0,"curve":[0.25,0,0.75,1]},{"time":4.1,"x":3.36,"y":3.36,"curve":[0.25,0,0.75,1]},{"time":4.8,"x":1.31,"y":1.31}],"scale":[{"time":0,"x":0,"y":0,"curve":"stepped"},{"time":0.8,"x":0,"y":0,"curve":[0.25,0,0.75,1]},{"time":1.5,"x":1.1,"y":1.1,"curve":[0.293,0.77,0.596,0.99]},{"time":2.4,"x":1,"y":1,"curve":"stepped"},{"time":4.8,"x":1,"y":1}]},"slwh_dsxlcd2":{"rotate":[{"time":0,"angle":-30,"curve":"stepped"},{"time":0.8,"angle":-30,"curve":[0.311,0.8,0.582,1]},{"time":2.4,"angle":0,"curve":"stepped"},{"time":4.8,"angle":0}],"translate":[{"time":0,"x":-402.35,"y":-63.63,"curve":"stepped"},{"time":0.8,"x":-402.35,"y":-63.63,"curve":[0.311,0.8,0.582,1]},{"time":1.4,"x":19.17,"y":5.84,"curve":[0.25,0,0.75,1]},{"time":2.4,"x":1.29,"y":0.39,"curve":[0.25,0,0.75,1]},{"time":2.8,"x":0,"y":0,"curve":[0.25,0,0.75,1]},{"time":4,"x":4.54,"y":1.38,"curve":[0.25,0,0.75,1]},{"time":4.8,"x":1.29,"y":0.39}],"scale":[{"time":0,"x":0,"y":0,"curve":"stepped"},{"time":0.8,"x":0,"y":0,"curve":[0.25,0,0.75,1]},{"time":1.4,"x":1.1,"y":1.1,"curve":[0.294,0.77,0.593,0.99]},{"time":2.4,"x":1,"y":1,"curve":"stepped"},{"time":4.8,"x":1,"y":1}]},"slwh_dsxhcd2":{"rotate":[{"time":0,"angle":0,"curve":"stepped"},{"time":0.8,"angle":0,"curve":"stepped"},{"time":2.4,"angle":0,"curve":"stepped"},{"time":4.8,"angle":0}],"translate":[{"time":0,"x":-395.1,"y":32.49,"curve":"stepped"},{"time":0.8,"x":-395.1,"y":32.49,"curve":[0.311,0.8,0.582,1]},{"time":1.4667,"x":27.12,"y":-3.52,"curve":[0.25,0,0.75,1]},{"time":2.4,"x":1.16,"y":-0.15,"curve":[0.25,0,0.75,1]},{"time":2.7,"x":0,"y":0,"curve":[0.25,0,0.75,1]},{"time":3.9,"x":6.27,"y":-0.81,"curve":[0.25,0,0.75,1]},{"time":4.8,"x":1.16,"y":-0.15}],"scale":[{"time":0,"x":0,"y":0,"curve":"stepped"},{"time":0.8,"x":0,"y":0,"curve":[0.25,0,0.75,1]},{"time":1.4667,"x":1.1,"y":1.1,"curve":[0.296,0.78,0.591,0.99]},{"time":2.4,"x":1,"y":1,"curve":"stepped"},{"time":4.8,"x":1,"y":1}]},"slwh_dsxhcd3":{"rotate":[{"time":0,"angle":30,"curve":"stepped"},{"time":0.8,"angle":30,"curve":[0.311,0.8,0.582,1]},{"time":2.4,"angle":0,"curve":"stepped"},{"time":4.8,"angle":0}],"translate":[{"time":0,"x":-496.27,"y":-47.06,"curve":"stepped"},{"time":0.8,"x":-496.27,"y":-47.06,"curve":[0.311,0.8,0.582,1]},{"time":1.6,"x":24.15,"y":2.43,"curve":[0.25,0,0.75,1]},{"time":2.4,"x":2.36,"y":0.26,"curve":[0.25,0,0.75,1]},{"time":3,"x":0,"y":0,"curve":[0.25,0,0.75,1]},{"time":4.2,"x":4.72,"y":0.53,"curve":[0.25,0,0.75,1]},{"time":4.8,"x":2.36,"y":0.26}],"scale":[{"time":0,"x":0,"y":0,"curve":"stepped"},{"time":0.8,"x":0,"y":0,"curve":[0.25,0,0.75,1]},{"time":1.6,"x":1.1,"y":1.1,"curve":[0.292,0.76,0.599,0.99]},{"time":2.4,"x":1,"y":1,"curve":"stepped"},{"time":4.8,"x":1,"y":1}]},"slwh_dsxhcd4":{"rotate":[{"time":0,"angle":-15,"curve":"stepped"},{"time":0.8,"angle":-15,"curve":[0.311,0.8,0.582,1]},{"time":2.4,"angle":0,"curve":"stepped"},{"time":4.8,"angle":0}],"translate":[{"time":0,"x":354.52,"y":-34.49,"curve":"stepped"},{"time":0.8,"x":354.52,"y":-34.49,"curve":[0.311,0.8,0.582,1]},{"time":1.4,"x":-15.4,"y":1.5,"curve":[0.25,0,0.75,1]},{"time":2.4,"x":-1.34,"y":0.13,"curve":[0.25,0,0.75,1]},{"time":2.8,"x":0,"y":0,"curve":[0.25,0,0.75,1]},{"time":4,"x":-4.73,"y":0.46,"curve":[0.25,0,0.75,1]},{"time":4.8,"x":-1.34,"y":0.13}],"scale":[{"time":0,"x":0,"y":0,"curve":"stepped"},{"time":0.8,"x":0,"y":0,"curve":[0.25,0,0.75,1]},{"time":1.4,"x":1.1,"y":1.1,"curve":[0.294,0.77,0.593,0.99]},{"time":2.4,"x":1,"y":1,"curve":"stepped"},{"time":4.8,"x":1,"y":1}]},"slwh_dsxlcd1":{"rotate":[{"time":0,"angle":-15,"curve":"stepped"},{"time":0.8,"angle":-15,"curve":[0.311,0.8,0.582,1]},{"time":2.4,"angle":0,"curve":"stepped"},{"time":4.8,"angle":0}],"translate":[{"time":0,"x":251.15,"y":-107.07,"curve":"stepped"},{"time":0.8,"x":251.15,"y":-107.07,"curve":[0.311,0.8,0.582,1]},{"time":1.4,"x":-16.77,"y":7.9,"curve":[0.25,0,0.75,1]},{"time":2.4,"x":-0.52,"y":0.24,"curve":[0.25,0,0.75,1]},{"time":2.6,"x":0,"y":0,"curve":[0.25,0,0.75,1]},{"time":3.8,"x":-5.35,"y":2.52,"curve":[0.25,0,0.75,1]},{"time":4.8,"x":-0.52,"y":0.24}],"scale":[{"time":0,"x":0,"y":0,"curve":"stepped"},{"time":0.8,"x":0,"y":0,"curve":[0.25,0,0.75,1]},{"time":1.4,"x":1.1,"y":1.1,"curve":[0.294,0.77,0.593,0.99]},{"time":2.4,"x":1,"y":1,"curve":"stepped"},{"time":4.8,"x":1,"y":1}]},"slwh_dsxlvcd1":{"rotate":[{"time":0,"angle":60,"curve":"stepped"},{"time":0.8,"angle":60,"curve":[0.311,0.8,0.582,1]},{"time":2.4,"angle":0,"curve":"stepped"},{"time":4.8,"angle":0}],"translate":[{"time":0,"x":380.99,"y":-26.73,"curve":"stepped"},{"time":0.8,"x":380.99,"y":-26.73,"curve":[0.311,0.8,0.582,1]},{"time":1.6,"x":-21.18,"y":1.31,"curve":[0.25,0,0.75,1]},{"time":2.4,"x":0,"y":0,"curve":[0.25,0,0.75,1]},{"time":3.6,"x":-4.74,"y":0.29,"curve":[0.25,0,0.75,1]},{"time":4.8,"x":0,"y":0}],"scale":[{"time":0,"x":0,"y":0,"curve":"stepped"},{"time":0.8,"x":0,"y":0,"curve":[0.25,0,0.75,1]},{"time":1.6,"x":1.1,"y":1.1,"curve":[0.292,0.76,0.599,0.99]},{"time":2.4,"x":1,"y":1,"curve":"stepped"},{"time":4.8,"x":1,"y":1}]},"slwh_dsxhcd5":{"rotate":[{"time":0,"angle":-15,"curve":"stepped"},{"time":0.8,"angle":-15,"curve":[0.311,0.8,0.582,1]},{"time":2.4,"angle":0,"curve":"stepped"},{"time":4.8,"angle":0}],"translate":[{"time":0,"x":414.86,"y":-102.3,"curve":"stepped"},{"time":0.8,"x":414.86,"y":-102.3,"curve":[0.311,0.8,0.582,1]},{"time":1.3667,"x":-19.52,"y":6.89,"curve":[0.25,0,0.75,1]},{"time":2.4,"x":-0.96,"y":0.52,"curve":[0.25,0,0.75,1]},{"time":2.7,"x":0,"y":0,"curve":[0.25,0,0.75,1]},{"time":3.9,"x":-5.2,"y":2.82,"curve":[0.25,0,0.75,1]},{"time":4.8,"x":-0.96,"y":0.52}],"scale":[{"time":0,"x":0,"y":0,"curve":"stepped"},{"time":0.8,"x":0,"y":0,"curve":[0.25,0,0.75,1]},{"time":1.3667,"x":1.1,"y":1.1,"curve":[0.295,0.77,0.592,0.99]},{"time":2.4,"x":1,"y":1,"curve":"stepped"},{"time":4.8,"x":1,"y":1}]},"slwh_dsxhcd6":{"rotate":[{"time":0,"angle":-30,"curve":"stepped"},{"time":0.8,"angle":-30,"curve":[0.311,0.8,0.582,1]},{"time":2.4,"angle":0,"curve":"stepped"},{"time":4.8,"angle":0}],"translate":[{"time":0,"x":466.25,"y":71.21,"curve":"stepped"},{"time":0.8,"x":466.25,"y":71.21,"curve":[0.311,0.8,0.582,1]},{"time":1.3333,"x":-24.32,"y":-5.18,"curve":[0.25,0,0.75,1]},{"time":2.4,"x":-1.45,"y":-0.36,"curve":[0.25,0,0.75,1]},{"time":2.7333,"x":0,"y":0,"curve":[0.25,0,0.75,1]},{"time":3.9333,"x":-6.78,"y":-1.68,"curve":[0.25,0,0.75,1]},{"time":4.8,"x":-1.45,"y":-0.36}],"scale":[{"time":0,"x":0,"y":0,"curve":"stepped"},{"time":0.8,"x":0,"y":0,"curve":[0.25,0,0.75,1]},{"time":1.3333,"x":1.1,"y":1.1,"curve":[0.295,0.77,0.592,0.99]},{"time":2.4,"x":1,"y":1,"curve":"stepped"},{"time":4.8,"x":1,"y":1}]},"slwh_dsxtext2sg":{"rotate":[{"time":0,"angle":0,"curve":"stepped"},{"time":2.4,"angle":0,"curve":"stepped"},{"time":4.8,"angle":0}],"translate":[{"time":0,"x":0,"y":0,"curve":"stepped"},{"time":2.4,"x":0,"y":0,"curve":"stepped"},{"time":4.8,"x":0,"y":0}],"scale":[{"time":0,"x":1,"y":1,"curve":"stepped"},{"time":2.4,"x":1,"y":1,"curve":"stepped"},{"time":4.8,"x":1,"y":1}]},"laba2":{"rotate":[{"time":0,"angle":0,"curve":"stepped"},{"time":0.6,"angle":0,"curve":"stepped"},{"time":1.8,"angle":0,"curve":"stepped"},{"time":4.8,"angle":0}],"translate":[{"time":0,"x":0,"y":0,"curve":"stepped"},{"time":0.6,"x":0,"y":0,"curve":"stepped"},{"time":1.8,"x":0,"y":0,"curve":"stepped"},{"time":4.8,"x":0,"y":0}],"scale":[{"time":0,"x":1,"y":1,"curve":"stepped"},{"time":0.6,"x":1,"y":1,"curve":"stepped"},{"time":1.8,"x":1,"y":1,"curve":"stepped"},{"time":4.8,"x":1,"y":1}]},"slwh_dsxrlb3":{"rotate":[{"time":0,"angle":0,"curve":"stepped"},{"time":0.6,"angle":0,"curve":"stepped"},{"time":1,"angle":0,"curve":"stepped"},{"time":2.0333,"angle":0,"curve":"stepped"},{"time":2.4,"angle":0,"curve":"stepped"},{"time":4.8,"angle":0}],"translate":[{"time":0,"x":83.88,"y":-58.74,"curve":"stepped"},{"time":0.6,"x":83.88,"y":-58.74,"curve":"stepped"},{"time":1,"x":83.88,"y":-58.74,"curve":[0.311,0.8,0.582,1]},{"time":1.2,"x":-4.85,"y":3.4,"curve":[0.25,0,0.75,1]},{"time":1.4,"x":3.96,"y":-2.77,"curve":[0.25,0,0.75,1]},{"time":1.6,"x":-1.23,"y":0.86,"curve":[0.25,0,0.75,1]},{"time":1.8,"x":0,"y":0,"curve":"stepped"},{"time":2.0333,"x":0,"y":0,"curve":"stepped"},{"time":2.4,"x":0,"y":0,"curve":"stepped"},{"time":4.8,"x":0,"y":0}],"scale":[{"time":0,"x":1,"y":1,"curve":"stepped"},{"time":0.6,"x":1,"y":1,"curve":"stepped"},{"time":1,"x":1,"y":1,"curve":"stepped"},{"time":2.0333,"x":1,"y":1,"curve":"stepped"},{"time":2.4,"x":1,"y":1,"curve":"stepped"},{"time":2.8,"x":1,"y":1,"curve":[0.25,0,0.75,1]},{"time":4,"x":1.02,"y":1,"curve":[0.25,0,0.75,1]},{"time":4.8,"x":1,"y":1}]},"slwh_dsxrlb4":{"rotate":[{"time":0,"angle":0,"curve":"stepped"},{"time":0.6,"angle":0,"curve":"stepped"},{"time":0.6667,"angle":0,"curve":"stepped"},{"time":1.7667,"angle":0,"curve":"stepped"},{"time":2.4,"angle":0,"curve":"stepped"},{"time":4.8,"angle":0}],"translate":[{"time":0,"x":67.81,"y":-76.74,"curve":"stepped"},{"time":0.6,"x":67.81,"y":-76.74,"curve":"stepped"},{"time":0.6667,"x":67.81,"y":-76.74,"curve":[0.311,0.8,0.582,1]},{"time":0.8667,"x":-3.92,"y":4.44,"curve":[0.25,0,0.75,1]},{"time":1.0667,"x":3.2,"y":-3.62,"curve":[0.25,0,0.75,1]},{"time":1.2667,"x":-1,"y":1.13,"curve":[0.25,0,0.75,1]},{"time":1.4667,"x":0,"y":0,"curve":"stepped"},{"time":1.7667,"x":0,"y":0,"curve":"stepped"},{"time":2.4,"x":0,"y":0,"curve":"stepped"},{"time":4.8,"x":0,"y":0}],"scale":[{"time":0,"x":1,"y":1,"curve":"stepped"},{"time":0.6,"x":1,"y":1,"curve":"stepped"},{"time":0.6667,"x":1,"y":1,"curve":"stepped"},{"time":1.7667,"x":1,"y":1,"curve":"stepped"},{"time":2.4,"x":1,"y":1,"curve":[0.25,0,0.75,1]},{"time":3.6,"x":1.03,"y":1,"curve":[0.25,0,0.75,1]},{"time":4.8,"x":1,"y":1}]},"slwh_dsxtext3":{"rotate":[{"time":0,"angle":0,"curve":"stepped"},{"time":0.6,"angle":0,"curve":"stepped"},{"time":1.8,"angle":0,"curve":"stepped"},{"time":2.4,"angle":0,"curve":"stepped"},{"time":4.8,"angle":0}],"translate":[{"time":0,"x":0,"y":0,"curve":"stepped"},{"time":0.6,"x":0,"y":0,"curve":"stepped"},{"time":1.8,"x":0,"y":0,"curve":"stepped"},{"time":2.4,"x":0,"y":0,"curve":"stepped"},{"time":4.8,"x":0,"y":0}],"scale":[{"time":0,"x":2,"y":2,"curve":[0.311,0.8,0.582,1]},{"time":0.6,"x":2.4,"y":2.4,"curve":[0.311,0.8,0.582,1]},{"time":0.7333,"x":1.15,"y":1,"curve":[0.311,0.8,0.582,1]},{"time":0.8333,"x":1,"y":1,"curve":"stepped"},{"time":1.8,"x":1,"y":1,"curve":"stepped"},{"time":2.4,"x":1,"y":1,"curve":"stepped"},{"time":4.8,"x":1,"y":1}]},"slwh_dsxtext4":{"rotate":[{"time":0,"angle":0,"curve":"stepped"},{"time":0.6,"angle":0,"curve":"stepped"},{"time":1.6667,"angle":0,"curve":"stepped"},{"time":2.4,"angle":0,"curve":"stepped"},{"time":4.8,"angle":0}],"translate":[{"time":0,"x":0,"y":0,"curve":"stepped"},{"time":0.6,"x":0,"y":0,"curve":"stepped"},{"time":1.6667,"x":0,"y":0,"curve":"stepped"},{"time":2.4,"x":0,"y":0,"curve":"stepped"},{"time":4.8,"x":0,"y":0}],"scale":[{"time":0,"x":0.9,"y":0.9,"curve":"stepped"},{"time":0.6,"x":0.9,"y":0.9,"curve":[0.25,0,0.75,1]},{"time":0.7,"x":0.5,"y":0.5,"curve":[0.311,0.8,0.582,1]},{"time":1.1333,"x":1.65,"y":1.65,"curve":[0.25,0,0.75,1]},{"time":1.6667,"x":1,"y":1,"curve":"stepped"},{"time":2.4,"x":1,"y":1,"curve":"stepped"},{"time":4.8,"x":1,"y":1}]},"slwh_dsxnllizi":{"rotate":[{"time":4.8,"angle":0}],"translate":[{"time":4.8,"x":0,"y":0}],"scale":[{"time":0,"x":2.5,"y":2.5,"curve":[0.265,0,0.618,0.43]},{"time":0.6667,"x":1,"y":1,"curve":"stepped"},{"time":4.8,"x":1,"y":1}]},"slwh_boomgq":{"rotate":[{"time":4.8,"angle":0}],"translate":[{"time":4.8,"x":0,"y":0}],"scale":[{"time":0,"x":1,"y":1,"curve":[0.25,0,0.75,1]},{"time":0.6667,"x":0,"y":0,"curve":[0.311,0.8,0.582,1]},{"time":2.4,"x":36,"y":36,"curve":"stepped"},{"time":4.8,"x":36,"y":36}]},"slwh_boomgc":{"rotate":[{"time":4.8,"angle":0}],"translate":[{"time":4.8,"x":0,"y":0}],"scale":[{"time":0,"x":0,"y":0,"curve":[0.311,0.8,0.582,1]},{"time":0.8,"x":8,"y":8,"curve":[0.25,0,0.75,1]},{"time":2.4,"x":12,"y":12,"curve":"stepped"},{"time":4.8,"x":12,"y":12}]},"slwh_dsxtext2sg2":{"rotate":[{"time":0,"angle":0,"curve":"stepped"},{"time":2.4,"angle":0,"curve":"stepped"},{"time":4.8,"angle":0}],"translate":[{"time":0,"x":0,"y":0,"curve":"stepped"},{"time":2.4,"x":0,"y":0,"curve":"stepped"},{"time":4.8,"x":0,"y":0}],"scale":[{"time":0,"x":1,"y":1,"curve":"stepped"},{"time":2.4,"x":1,"y":1,"curve":"stepped"},{"time":4.8,"x":1,"y":1}]},"slwh_boomgq2":{"rotate":[{"time":4.8,"angle":0}],"translate":[{"time":4.8,"x":0,"y":0}],"scale":[{"time":0,"x":1,"y":1,"curve":[0.25,0,0.75,1]},{"time":0.6667,"x":0,"y":0,"curve":[0.311,0.8,0.582,1]},{"time":2.4,"x":24,"y":24,"curve":"stepped"},{"time":4.8,"x":24,"y":24}]},"slwh_boompoint":{"rotate":[{"time":4.8,"angle":0}],"translate":[{"time":4.8,"x":0,"y":0}],"scale":[{"time":0,"x":1,"y":1,"curve":"stepped"},{"time":0.4,"x":1,"y":1,"curve":[0.25,0,0.75,1]},{"time":1.2,"x":12,"y":12,"curve":[0.25,0,0.75,1]},{"time":2.4,"x":4,"y":4,"curve":"stepped"},{"time":4.8,"x":4,"y":4}]},"slwh_boomgt":{"rotate":[{"time":4.8,"angle":0}],"translate":[{"time":4.8,"x":0,"y":0}],"scale":[{"time":0,"x":0,"y":0,"curve":[0.311,0.8,0.582,1]},{"time":0.8,"x":8,"y":8,"curve":[0.25,0,0.75,1]},{"time":2.4,"x":12,"y":12,"curve":"stepped"},{"time":4.8,"x":12,"y":12}]},"slwh_dsx_gxs1":{"rotate":[{"time":4.8,"angle":0}],"translate":[{"time":4.8,"x":0,"y":0}],"scale":[{"time":0,"x":12,"y":12,"curve":[0.311,0.8,0.582,1]},{"time":0.8,"x":8,"y":8,"curve":[0.25,0,0.75,1]},{"time":2.4,"x":12,"y":12,"curve":"stepped"},{"time":4.8,"x":12,"y":12}]},"slwh_dsx_gx":{"rotate":[{"time":0,"angle":0,"curve":"stepped"},{"time":4.8,"angle":0}],"translate":[{"time":0,"x":423.35,"y":430.2,"curve":[0.25,0,0.75,1]},{"time":0.4333,"x":0,"y":0,"curve":"stepped"},{"time":4.8,"x":0,"y":0}],"scale":[{"time":0,"x":1,"y":1,"curve":"stepped"},{"time":4.8,"x":1,"y":1}]},"slwh_dsx_gx2":{"rotate":[{"time":0,"angle":0,"curve":"stepped"},{"time":4.8,"angle":0}],"translate":[{"time":0,"x":-878.03,"y":506.93,"curve":[0.25,0,0.75,1]},{"time":0.6667,"x":0,"y":0,"curve":"stepped"},{"time":4.8,"x":0,"y":0}],"scale":[{"time":0,"x":1,"y":1,"curve":"stepped"},{"time":4.8,"x":1,"y":1}]},"slwh_dsx_gx3":{"rotate":[{"time":0,"angle":0,"curve":"stepped"},{"time":4.8,"angle":0}],"translate":[{"time":0,"x":-1099.51,"y":-83.73,"curve":[0.25,0,0.75,1]},{"time":0.4,"x":0,"y":0,"curve":"stepped"},{"time":4.8,"x":0,"y":0}],"scale":[{"time":0,"x":1,"y":1,"curve":"stepped"},{"time":4.8,"x":1,"y":1}]},"slwh_dsx_gx4":{"rotate":[{"time":0,"angle":0,"curve":"stepped"},{"time":4.8,"angle":0}],"translate":[{"time":0,"x":-110.54,"y":-425.23,"curve":[0.25,0,0.75,1]},{"time":0.6,"x":0,"y":0,"curve":"stepped"},{"time":4.8,"x":0,"y":0}],"scale":[{"time":0,"x":1,"y":1,"curve":"stepped"},{"time":4.8,"x":1,"y":1}]},"slwh_dsx_gx5":{"rotate":[{"time":0,"angle":0,"curve":"stepped"},{"time":4.8,"angle":0}],"translate":[{"time":0,"x":911.35,"y":-223.79,"curve":[0.25,0,0.75,1]},{"time":0.5,"x":0,"y":0,"curve":"stepped"},{"time":4.8,"x":0,"y":0}],"scale":[{"time":0,"x":1,"y":1,"curve":"stepped"},{"time":4.8,"x":1,"y":1}]},"slwh_dsx_gx6":{"rotate":[{"time":0,"angle":0,"curve":"stepped"},{"time":4.8,"angle":0}],"translate":[{"time":0,"x":1091,"y":377.82,"curve":[0.25,0,0.75,1]},{"time":0.4333,"x":416.16,"y":144.12,"curve":"stepped"},{"time":4.8,"x":416.16,"y":144.12}],"scale":[{"time":0,"x":1,"y":1,"curve":"stepped"},{"time":4.8,"x":1,"y":1}]},"slwh_dsx_gx7":{"rotate":[{"time":0,"angle":0,"curve":"stepped"},{"time":4.8,"angle":0}],"translate":[{"time":0,"x":-634.19,"y":-542.48,"curve":[0.25,0,0.75,1]},{"time":0.6,"x":-155.86,"y":-133.32,"curve":"stepped"},{"time":4.8,"x":-155.86,"y":-133.32}],"scale":[{"time":0,"x":1,"y":1,"curve":"stepped"},{"time":4.8,"x":1,"y":1}]},"slwh_dsx_gx8":{"rotate":[{"time":0,"angle":0,"curve":"stepped"},{"time":4.8,"angle":0}],"translate":[{"time":0,"x":-200.25,"y":616.95,"curve":[0.311,0.8,0.582,1]},{"time":0.6,"x":-57.67,"y":177.68,"curve":"stepped"},{"time":4.8,"x":-57.67,"y":177.68}],"scale":[{"time":0,"x":1,"y":1,"curve":"stepped"},{"time":4.8,"x":1,"y":1}]},"slwh_dsx_gx9":{"rotate":[{"time":0,"angle":0,"curve":"stepped"},{"time":4.8,"angle":0}],"translate":[{"time":0,"x":848.02,"y":-210.35,"curve":[0.25,0,0.75,1]},{"time":0.8,"x":444.86,"y":-110.35,"curve":"stepped"},{"time":4.8,"x":444.86,"y":-110.35}],"scale":[{"time":0,"x":1,"y":1,"curve":"stepped"},{"time":4.8,"x":1,"y":1}]},"slwh_dsx_gx10":{"rotate":[{"time":0,"angle":0,"curve":"stepped"},{"time":4.8,"angle":0}],"translate":[{"time":0,"x":-1011.67,"y":120.54,"curve":[0.25,0,0.75,1]},{"time":0.6667,"x":-347.36,"y":41.39,"curve":"stepped"},{"time":4.8,"x":-347.36,"y":41.39}],"scale":[{"time":0,"x":1,"y":1,"curve":"stepped"},{"time":4.8,"x":1,"y":1}]}}}}}