{"skeleton":{"hash":"bicL1j5erS1IZyAa+y1L27qf9nM","spine":"3.6.37","width":109,"height":116,"images":"./images/"},"bones":[{"name":"root"},{"name":"hip","parent":"root"},{"name":"slwh_txlg","parent":"hip"}],"slots":[{"name":"slwh_txlg","bone":"slwh_txlg","attachment":"slwh_txlg0","blend":"additive"}],"skins":{"default":{"slwh_txlg":{"slwh_txlg0":{"width":109,"height":116},"slwh_txlg1":{"width":109,"height":116},"slwh_txlg2":{"width":109,"height":116},"slwh_txlg3":{"width":109,"height":116},"slwh_txlg4":{"width":109,"height":116},"slwh_txlg5":{"width":109,"height":116},"slwh_txlg6":{"width":109,"height":116},"slwh_txlg7":{"width":109,"height":116},"slwh_txlg8":{"width":109,"height":116},"slwh_txlg9":{"width":109,"height":116},"slwh_txlg10":{"width":109,"height":116},"slwh_txlg11":{"width":109,"height":116}}}},"animations":{"animation":{"slots":{"slwh_txlg":{"attachment":[{"time":0,"name":"slwh_txlg0"},{"time":0.0667,"name":"slwh_txlg1"},{"time":0.1333,"name":"slwh_txlg2"},{"time":0.2,"name":"slwh_txlg3"},{"time":0.2667,"name":"slwh_txlg4"},{"time":0.3333,"name":"slwh_txlg5"},{"time":0.4,"name":"slwh_txlg6"},{"time":0.4667,"name":"slwh_txlg7"},{"time":0.5333,"name":"slwh_txlg8"},{"time":0.6,"name":"slwh_txlg9"},{"time":0.6667,"name":"slwh_txlg10"},{"time":0.7333,"name":"slwh_txlg11"},{"time":0.8,"name":"slwh_txlg0"}]}}}}}