{"skeleton":{"hash":"GSZ6aYz9yoOyTt4tl9VIk+o/2f4","spine":"3.6.37","width":224,"height":156.49,"images":"./images/"},"bones":[{"name":"root"},{"name":"hip","parent":"root"},{"name":"cmgd","parent":"hip"}],"slots":[{"name":"slwh_xzgd","bone":"cmgd","attachment":"slwh_xzgd","blend":"additive"},{"name":"slwh_cmlight1","bone":"cmgd","attachment":"slwh_cmlight1","blend":"additive"},{"name":"slwh_cmlight2","bone":"cmgd","attachment":"slwh_cmlight2","blend":"additive"}],"skins":{"default":{"slwh_cmlight1":{"slwh_cmlight1":{"x":0.02,"y":-14.99,"scaleX":1.126,"scaleY":1.444,"width":142,"height":90}},"slwh_cmlight2":{"slwh_cmlight2":{"x":3.44,"y":-40.71,"width":224,"height":112}},"slwh_xzgd":{"slwh_xzgd":{"x":0.5,"y":-69.5,"width":81,"height":74}}}},"animations":{"animation":{"slots":{"slwh_cmlight1":{"color":[{"time":0,"color":"ffffffae","curve":[0.25,0,0.75,1]},{"time":0.6,"color":"fffffffe","curve":[0.25,0,0.75,1]},{"time":1.2,"color":"ffffffae"}]},"slwh_cmlight2":{"color":[{"time":0,"color":"ffffffae","curve":[0.25,0,0.75,1]},{"time":0.6,"color":"fffffffe","curve":[0.25,0,0.75,1]},{"time":1.2,"color":"ffffffae"}]},"slwh_xzgd":{"color":[{"time":0,"color":"ffffffae","curve":[0.25,0,0.75,1]},{"time":0.6,"color":"fffffffe","curve":[0.25,0,0.75,1]},{"time":1.2,"color":"ffffffae"}]}}}}}