{"skeleton":{"hash":"tQH8j/uuu+WMjVWiCcw1X2P+GCE","spine":"3.6.37","width":1626,"height":768.2,"images":"./images/"},"bones":[{"name":"root"},{"name":"hip","parent":"root"},{"name":"slwh_winner","parent":"hip"},{"name":"laba","parent":"slwh_winner","y":241.5},{"name":"laba2","parent":"slwh_winner","y":241.5,"scaleX":-1},{"name":"slwh_winnerdb","parent":"slwh_winner","y":241.5},{"name":"slwh_kjjgtext1","parent":"slwh_winnerdb","x":2,"y":20},{"name":"slwh_kjjgtext2","parent":"slwh_winnerdb","x":3,"y":-16.86},{"name":"slwh_kjjgtext2sg","parent":"slwh_kjjgtext2","x":-0.11,"y":2.68,"scaleX":4,"scaleY":4},{"name":"slwh_winnergs","parent":"slwh_winner","y":191.9,"scaleY":0.601},{"name":"slwh_winnergs1","parent":"slwh_winnergs","rotation":90},{"name":"slwh_winnergs2","parent":"slwh_winnergs","rotation":67.5},{"name":"slwh_winnergs3","parent":"slwh_winnergs","rotation":45},{"name":"slwh_winnergs4","parent":"slwh_winnergs","rotation":22.5},{"name":"slwh_winnergs5","parent":"slwh_winnergs"},{"name":"slwh_winnergs6","parent":"slwh_winnergs","rotation":-22.5},{"name":"slwh_winnergs7","parent":"slwh_winnergs","rotation":-45},{"name":"slwh_winnergs8","parent":"slwh_winnergs","rotation":-67.5},{"name":"slwh_winnerhcd1","parent":"hip","length":8.04,"rotation":27.96,"x":317.94,"y":331.29},{"name":"slwh_winnerhcd2","parent":"hip","length":10.4,"rotation":-7.39,"x":390.69,"y":217.17},{"name":"slwh_winnerhcd3","parent":"hip","length":7.69,"rotation":5.61,"x":486.39,"y":270.16},{"name":"slwh_winnerhcd4","parent":"hip","length":11.48,"rotation":174.44,"x":-319.2,"y":250},{"name":"slwh_winnerhcd5","parent":"hip","length":10.37,"rotation":164.14,"x":-407.8,"y":334.36},{"name":"slwh_winnerhcd6","parent":"hip","length":11.23,"rotation":-168.69,"x":-466.73,"y":197.18},{"name":"slwh_winnerlcd1","parent":"hip","length":8.98,"rotation":154.78,"x":-287.76,"y":340.73},{"name":"slwh_winnerlcd2","parent":"hip","length":8.29,"rotation":16.95,"x":403.57,"y":286.46},{"name":"slwh_winnerlvcd1","parent":"hip","length":7.88,"rotation":176.46,"x":-377.59,"y":271.28},{"name":"slwh_winnerlvcd2","parent":"hip","length":13.24,"rotation":19.03,"x":294.13,"y":264.26},{"name":"slwh_winnermaindb","parent":"slwh_winner","y":193.47},{"name":"slwh_winnerrlb1","parent":"laba","length":83.21,"rotation":131.47,"x":-103.59,"y":0.94},{"name":"slwh_winnerrlb2","parent":"laba","length":122.85,"rotation":145,"x":-124.18,"y":-9.79},{"name":"slwh_winnerrlb3","parent":"laba2","length":122.85,"rotation":145,"x":-124.18,"y":-9.79},{"name":"slwh_winnerrlb4","parent":"laba2","length":83.21,"rotation":131.47,"x":-103.59,"y":0.94},{"name":"slwh_winnerrsd","parent":"slwh_winner","rotation":-180,"y":213.97},{"name":"slwh_winnerrsd2","parent":"slwh_winner","rotation":-180,"y":213.97,"scaleX":-1}],"slots":[{"name":"bg","bone":"hip"},{"name":"slwh_winnerhcd6","bone":"slwh_winnerhcd6","attachment":"slwh_winnerhcd6"},{"name":"slwh_winnerhcd5","bone":"slwh_winnerhcd5","attachment":"slwh_winnerhcd5"},{"name":"slwh_winnerhcd4","bone":"slwh_winnerhcd4","attachment":"slwh_winnerhcd4"},{"name":"slwh_winnerhcd3","bone":"slwh_winnerhcd3","attachment":"slwh_winnerhcd3"},{"name":"slwh_winnerhcd2","bone":"slwh_winnerhcd2","attachment":"slwh_winnerhcd2"},{"name":"slwh_winnerhcd1","bone":"slwh_winnerhcd1","attachment":"slwh_winnerhcd1"},{"name":"slwh_winnerlvcd1","bone":"slwh_winnerlvcd1","attachment":"slwh_winnerlvcd1"},{"name":"slwh_winnerlvcd2","bone":"slwh_winnerlvcd2","attachment":"slwh_winnerlvcd2"},{"name":"slwh_winnerlcd1","bone":"slwh_winnerlcd1","attachment":"slwh_winnerlcd1"},{"name":"slwh_winnerlcd2","bone":"slwh_winnerlcd2","attachment":"slwh_winnerlcd2"},{"name":"slwh_winnermaindb1","bone":"slwh_winnermaindb","attachment":"slwh_winnermaindb1"},{"name":"slwh_winnermaindb2","bone":"slwh_winnermaindb","color":"1d7439c7","attachment":"slwh_winnermaindb2","blend":"additive"},{"name":"slwh_winnermaindb3","bone":"slwh_winnermaindb","color":"00ff60c7","attachment":"slwh_winnermaindb3","blend":"additive"},{"name":"slwh_winnergy","bone":"slwh_winner","attachment":"slwh_winnergy","blend":"additive"},{"name":"slwh_winnergs1","bone":"slwh_winnergs1","attachment":"slwh_winnergs","blend":"additive"},{"name":"slwh_winnergs2","bone":"slwh_winnergs2","attachment":"slwh_winnergs","blend":"additive"},{"name":"slwh_winnergs3","bone":"slwh_winnergs3","attachment":"slwh_winnergs","blend":"additive"},{"name":"slwh_winnergs4","bone":"slwh_winnergs4","attachment":"slwh_winnergs","blend":"additive"},{"name":"slwh_winnergs5","bone":"slwh_winnergs5","attachment":"slwh_winnergs","blend":"additive"},{"name":"slwh_winnergs6","bone":"slwh_winnergs6","attachment":"slwh_winnergs","blend":"additive"},{"name":"slwh_winnergs7","bone":"slwh_winnergs7","attachment":"slwh_winnergs","blend":"additive"},{"name":"slwh_winnergs8","bone":"slwh_winnergs8","attachment":"slwh_winnergs","blend":"additive"},{"name":"slwh_winnerdbyy","bone":"slwh_winnerdb","attachment":"slwh_winnerdbyy"},{"name":"slwh_winnerrsd","bone":"slwh_winnerrsd","attachment":"slwh_winnerrsd"},{"name":"slwh_winnerrsd2","bone":"slwh_winnerrsd2","attachment":"slwh_winnerrsd"},{"name":"slwh_winnerrlb1","bone":"slwh_winnerrlb1","attachment":"slwh_winnerrlb1"},{"name":"slwh_winnerrlb4","bone":"slwh_winnerrlb4","attachment":"slwh_winnerrlb1"},{"name":"slwh_winnerrlb2","bone":"slwh_winnerrlb2","attachment":"slwh_winnerrlb2"},{"name":"slwh_winnerrlb3","bone":"slwh_winnerrlb3","attachment":"slwh_winnerrlb2"},{"name":"slwh_winnerdb","bone":"slwh_winnerdb","attachment":"slwh_winnerdb"},{"name":"slwh_kjjgtext1","bone":"slwh_kjjgtext1","attachment":"slwh_kjjgtext1"},{"name":"slwh_kjjgtext1fg","bone":"slwh_kjjgtext1","blend":"additive"},{"name":"slwh_kjjgtext2","bone":"slwh_kjjgtext2","attachment":"slwh_kjjgtext2"},{"name":"slwh_kjjgtext2fg","bone":"slwh_kjjgtext2","blend":"additive"},{"name":"slwh_kjjggd","bone":"slwh_kjjgtext2","attachment":"slwh_kjjggd","blend":"additive"},{"name":"slwh_kjjgtext2sg","bone":"slwh_kjjgtext2sg","attachment":"slwh_kjjgtext2sg1","blend":"additive"}],"skins":{"default":{"slwh_kjjggd":{"slwh_kjjggd":{"x":139.46,"y":40.54,"scaleX":2,"scaleY":2,"width":20,"height":20}},"slwh_kjjgtext1":{"slwh_kjjgtext1":{"width":92,"height":87}},"slwh_kjjgtext1fg":{"slwh_kjjgtext1fg":{"y":7.88,"scaleX":4,"scaleY":4,"width":32,"height":30}},"slwh_kjjgtext2":{"slwh_kjjgtext2":{"width":304,"height":89}},"slwh_kjjgtext2fg":{"slwh_kjjgtext2fg":{"x":-0.45,"y":21.37,"scaleX":4,"scaleY":4,"width":86,"height":28}},"slwh_kjjgtext2sg":{"slwh_kjjgtext2sg1":{"width":74,"height":21},"slwh_kjjgtext2sg2":{"width":74,"height":21},"slwh_kjjgtext2sg3":{"width":74,"height":21},"slwh_kjjgtext2sg4":{"width":74,"height":21},"slwh_kjjgtext2sg5":{"width":74,"height":21},"slwh_kjjgtext2sg6":{"width":74,"height":21},"slwh_kjjgtext2sg7":{"width":74,"height":21},"slwh_kjjgtext2sg8":{"width":74,"height":21},"slwh_kjjgtext2sg9":{"width":74,"height":21},"slwh_kjjgtext2sg10":{"width":74,"height":21},"slwh_kjjgtext2sg11":{"width":74,"height":21},"slwh_kjjgtext2sg12":{"width":74,"height":21},"slwh_kjjgtext2sg13":{"width":74,"height":21},"slwh_kjjgtext2sg14":{"width":74,"height":21},"slwh_kjjgtext2sg15":{"width":74,"height":21},"slwh_kjjgtext2sg16":{"width":74,"height":21},"slwh_kjjgtext2sg17":{"width":74,"height":21},"slwh_kjjgtext2sg18":{"width":74,"height":21},"slwh_kjjgtext2sg19":{"width":74,"height":21},"slwh_kjjgtext2sg20":{"width":74,"height":21},"slwh_kjjgtext2sg21":{"width":74,"height":21},"slwh_kjjgtext2sg22":{"width":74,"height":21},"slwh_kjjgtext2sg23":{"width":74,"height":21},"slwh_kjjgtext2sg24":{"width":74,"height":21},"slwh_kjjgtext2sg25":{"width":74,"height":21},"slwh_kjjgtext2sg26":{"width":74,"height":21},"slwh_kjjgtext2sg27":{"width":74,"height":21},"slwh_kjjgtext2sg28":{"width":74,"height":21},"slwh_kjjgtext2sg29":{"width":74,"height":21},"slwh_kjjgtext2sg30":{"width":74,"height":21},"slwh_kjjgtext2sg31":{"width":74,"height":21},"slwh_kjjgtext2sg32":{"width":74,"height":21},"slwh_kjjgtext2sg33":{"width":74,"height":21},"slwh_kjjgtext2sg34":{"width":74,"height":21}},"slwh_winnerdb":{"slwh_winnerdb":{"width":464,"height":171}},"slwh_winnerdbyy":{"slwh_winnerdbyy":{"y":-18.5,"scaleX":4,"scaleY":4,"width":173,"height":58}},"slwh_winnergs1":{"slwh_winnergs":{"y":148.5,"width":120,"height":370}},"slwh_winnergs2":{"slwh_winnergs":{"y":148.5,"width":120,"height":370}},"slwh_winnergs3":{"slwh_winnergs":{"y":148.5,"width":120,"height":370}},"slwh_winnergs4":{"slwh_winnergs":{"y":148.5,"width":120,"height":370}},"slwh_winnergs5":{"slwh_winnergs":{"y":148.5,"width":120,"height":370}},"slwh_winnergs6":{"slwh_winnergs":{"y":148.5,"width":120,"height":370}},"slwh_winnergs7":{"slwh_winnergs":{"y":148.5,"width":120,"height":370}},"slwh_winnergs8":{"slwh_winnergs":{"y":148.5,"width":120,"height":370}},"slwh_winnergy":{"slwh_winnergy":{"x":-10,"y":284.5,"scaleX":8,"scaleY":8,"width":183,"height":22}},"slwh_winnerhcd1":{"slwh_winnerhcd1":{"x":1.25,"y":-0.98,"rotation":-27.96,"width":19,"height":20}},"slwh_winnerhcd2":{"slwh_winnerhcd2":{"x":0.76,"y":0.43,"rotation":7.39,"width":25,"height":23}},"slwh_winnerhcd3":{"slwh_winnerhcd3":{"x":-0.9,"y":-0.08,"rotation":-5.61,"width":19,"height":20}},"slwh_winnerhcd4":{"slwh_winnerhcd4":{"x":0.35,"y":-0.47,"rotation":-174.44,"width":27,"height":21}},"slwh_winnerhcd5":{"slwh_winnerhcd5":{"x":0.23,"y":-0.08,"rotation":-164.14,"width":22,"height":19}},"slwh_winnerhcd6":{"slwh_winnerhcd6":{"x":-0.48,"y":-1.25,"rotation":168.69,"width":23,"height":27}},"slwh_winnerlcd1":{"slwh_winnerlcd1":{"x":0.1,"y":-0.81,"rotation":-154.78,"width":21,"height":17}},"slwh_winnerlcd2":{"slwh_winnerlcd2":{"x":-0.35,"y":-0.89,"rotation":-16.95,"width":21,"height":17}},"slwh_winnerlvcd1":{"slwh_winnerlvcd1":{"x":-0.58,"y":-0.25,"rotation":-176.46,"width":20,"height":17}},"slwh_winnerlvcd2":{"slwh_winnerlvcd2":{"x":0.42,"y":0.11,"rotation":-19.03,"width":31,"height":27}},"slwh_winnermaindb1":{"slwh_winnermaindb1":{"x":-2,"y":-239.97,"scaleX":4,"scaleY":4,"width":366,"height":120}},"slwh_winnermaindb2":{"slwh_winnermaindb2":{"x":-2.5,"y":-144.47,"scaleX":4,"scaleY":4,"width":365,"height":73}},"slwh_winnermaindb3":{"slwh_winnermaindb3":{"x":-1.5,"y":-215.47,"scaleX":4,"scaleY":4,"width":366,"height":108}},"slwh_winnerrlb1":{"slwh_winnerrlb1":{"x":53.62,"y":3.2,"rotation":-131.47,"width":91,"height":93}},"slwh_winnerrlb2":{"slwh_winnerrlb2":{"x":82.14,"y":-6.92,"rotation":-145,"width":145,"height":129}},"slwh_winnerrlb3":{"slwh_winnerrlb2":{"x":82.14,"y":-6.92,"rotation":-145,"width":145,"height":129}},"slwh_winnerrlb4":{"slwh_winnerrlb1":{"x":53.62,"y":3.2,"rotation":-131.47,"width":91,"height":93}},"slwh_winnerrsd":{"slwh_winnerrsd":{"x":242,"y":14.97,"rotation":-180,"width":188,"height":144}},"slwh_winnerrsd2":{"slwh_winnerrsd":{"x":242,"y":14.97,"rotation":-180,"width":188,"height":144}}}},"animations":{"idle":{"slots":{"slwh_kjjggd":{"color":[{"time":0,"color":"fffffffe","curve":"stepped"},{"time":2.4,"color":"fffffffe"}]},"slwh_kjjgtext1":{"color":[{"time":0,"color":"fffffffe","curve":"stepped"},{"time":2.4,"color":"fffffffe"}]},"slwh_kjjgtext2":{"color":[{"time":0,"color":"fffffffe","curve":"stepped"},{"time":2.4,"color":"fffffffe"}]},"slwh_kjjgtext1fg":{"color":[{"time":0,"color":"ffffff00","curve":"stepped"},{"time":0.6,"color":"ffffff00","curve":[0.25,0,0.75,1]},{"time":1.2,"color":"fffffffe","curve":[0.25,0,0.75,1]},{"time":2.4,"color":"ffffff00"}],"attachment":[{"time":0,"name":"slwh_kjjgtext1fg"},{"time":2.4,"name":null}]},"slwh_kjjgtext2fg":{"color":[{"time":0,"color":"ffffff00","curve":"stepped"},{"time":0.6,"color":"ffffff00","curve":[0.25,0,0.75,1]},{"time":1.2,"color":"fffffffe","curve":[0.25,0,0.75,1]},{"time":2.4,"color":"ffffff00"}],"attachment":[{"time":0,"name":"slwh_kjjgtext2fg"},{"time":2.4,"name":null}]},"slwh_kjjgtext2sg":{"color":[{"time":0,"color":"fffffffe","curve":"stepped"},{"time":2.4,"color":"fffffffe"}],"attachment":[{"time":0.0667,"name":"slwh_kjjgtext2sg1"},{"time":0.1333,"name":"slwh_kjjgtext2sg2"},{"time":0.2,"name":"slwh_kjjgtext2sg3"},{"time":0.2667,"name":"slwh_kjjgtext2sg4"},{"time":0.3333,"name":"slwh_kjjgtext2sg5"},{"time":0.4,"name":"slwh_kjjgtext2sg6"},{"time":0.4667,"name":"slwh_kjjgtext2sg7"},{"time":0.5333,"name":"slwh_kjjgtext2sg8"},{"time":0.6,"name":"slwh_kjjgtext2sg9"},{"time":0.6667,"name":"slwh_kjjgtext2sg10"},{"time":0.7333,"name":"slwh_kjjgtext2sg11"},{"time":0.8,"name":"slwh_kjjgtext2sg12"},{"time":0.8667,"name":"slwh_kjjgtext2sg13"},{"time":0.9333,"name":"slwh_kjjgtext2sg14"},{"time":1,"name":"slwh_kjjgtext2sg15"},{"time":1.0667,"name":"slwh_kjjgtext2sg16"},{"time":1.1333,"name":"slwh_kjjgtext2sg17"},{"time":1.2,"name":"slwh_kjjgtext2sg18"},{"time":1.2667,"name":"slwh_kjjgtext2sg19"},{"time":1.3333,"name":"slwh_kjjgtext2sg20"},{"time":1.4,"name":"slwh_kjjgtext2sg21"},{"time":1.4667,"name":"slwh_kjjgtext2sg22"},{"time":1.5333,"name":"slwh_kjjgtext2sg23"},{"time":1.6,"name":"slwh_kjjgtext2sg24"},{"time":1.6667,"name":"slwh_kjjgtext2sg25"},{"time":1.7333,"name":"slwh_kjjgtext2sg26"},{"time":1.8,"name":"slwh_kjjgtext2sg27"},{"time":1.8667,"name":"slwh_kjjgtext2sg28"},{"time":1.9333,"name":"slwh_kjjgtext2sg29"},{"time":2,"name":"slwh_kjjgtext2sg30"},{"time":2.0667,"name":"slwh_kjjgtext2sg31"},{"time":2.1333,"name":"slwh_kjjgtext2sg32"},{"time":2.2,"name":"slwh_kjjgtext2sg33"},{"time":2.2667,"name":"slwh_kjjgtext2sg34"}]},"slwh_winnerdb":{"color":[{"time":0,"color":"fffffffe","curve":"stepped"},{"time":2.4,"color":"fffffffe"}]},"slwh_winnerdbyy":{"color":[{"time":0,"color":"fffffffe","curve":"stepped"},{"time":2.4,"color":"fffffffe"}]},"slwh_winnergs1":{"color":[{"time":0,"color":"fffffffe","curve":"stepped"},{"time":2.4,"color":"fffffffe"}]},"slwh_winnergs2":{"color":[{"time":0,"color":"fffffffe","curve":"stepped"},{"time":2.4,"color":"fffffffe"}]},"slwh_winnergs3":{"color":[{"time":0,"color":"fffffffe","curve":"stepped"},{"time":2.4,"color":"fffffffe"}]},"slwh_winnergs4":{"color":[{"time":0,"color":"fffffffe","curve":"stepped"},{"time":2.4,"color":"fffffffe"}]},"slwh_winnergs5":{"color":[{"time":0,"color":"fffffffe","curve":"stepped"},{"time":2.4,"color":"fffffffe"}]},"slwh_winnergs6":{"color":[{"time":0,"color":"fffffffe","curve":"stepped"},{"time":2.4,"color":"fffffffe"}]},"slwh_winnergs7":{"color":[{"time":0,"color":"fffffffe","curve":"stepped"},{"time":2.4,"color":"fffffffe"}]},"slwh_winnergs8":{"color":[{"time":0,"color":"fffffffe","curve":"stepped"},{"time":2.4,"color":"fffffffe"}]},"slwh_winnergy":{"color":[{"time":0,"color":"fffffffe","curve":"stepped"},{"time":2.4,"color":"fffffffe"}]},"slwh_winnerhcd1":{"color":[{"time":0,"color":"fffffffe","curve":"stepped"},{"time":2.4,"color":"fffffffe"}]},"slwh_winnerhcd2":{"color":[{"time":0,"color":"fffffffe","curve":"stepped"},{"time":2.4,"color":"fffffffe"}]},"slwh_winnerhcd3":{"color":[{"time":0,"color":"fffffffe","curve":"stepped"},{"time":2.4,"color":"fffffffe"}]},"slwh_winnerhcd4":{"color":[{"time":0,"color":"fffffffe","curve":"stepped"},{"time":2.4,"color":"fffffffe"}]},"slwh_winnerhcd5":{"color":[{"time":0,"color":"fffffffe","curve":"stepped"},{"time":2.4,"color":"fffffffe"}]},"slwh_winnerhcd6":{"color":[{"time":0,"color":"fffffffe","curve":"stepped"},{"time":2.4,"color":"fffffffe"}]},"slwh_winnerlcd1":{"color":[{"time":0,"color":"fffffffe","curve":"stepped"},{"time":2.4,"color":"fffffffe"}]},"slwh_winnerlcd2":{"color":[{"time":0,"color":"fffffffe","curve":"stepped"},{"time":2.4,"color":"fffffffe"}]},"slwh_winnerlvcd1":{"color":[{"time":0,"color":"fffffffe","curve":"stepped"},{"time":2.4,"color":"fffffffe"}]},"slwh_winnerlvcd2":{"color":[{"time":0,"color":"fffffffe","curve":"stepped"},{"time":2.4,"color":"fffffffe"}]},"slwh_winnermaindb1":{"color":[{"time":0,"color":"fffffffe","curve":"stepped"},{"time":2.4,"color":"fffffffe"}]},"slwh_winnermaindb2":{"color":[{"time":0,"color":"1d7439c6","curve":"stepped"},{"time":2.4,"color":"1d7439c6"}]},"slwh_winnermaindb3":{"color":[{"time":0,"color":"00ff60c6","curve":"stepped"},{"time":2.4,"color":"00ff60c6"}]},"slwh_winnerrlb1":{"color":[{"time":0,"color":"fffffffe","curve":"stepped"},{"time":2.4,"color":"fffffffe"}]},"slwh_winnerrlb2":{"color":[{"time":0,"color":"fffffffe","curve":"stepped"},{"time":2.4,"color":"fffffffe"}]},"slwh_winnerrlb3":{"color":[{"time":0,"color":"fffffffe","curve":"stepped"},{"time":2.4,"color":"fffffffe"}]},"slwh_winnerrlb4":{"color":[{"time":0,"color":"fffffffe","curve":"stepped"},{"time":2.4,"color":"fffffffe"}]},"slwh_winnerrsd":{"color":[{"time":0,"color":"fffffffe","curve":"stepped"},{"time":2.4,"color":"fffffffe"}]},"slwh_winnerrsd2":{"color":[{"time":0,"color":"fffffffe","curve":"stepped"},{"time":2.4,"color":"fffffffe"}]}},"bones":{"slwh_winnergs8":{"rotate":[{"time":0,"angle":0},{"time":1.1667,"angle":-21.87,"curve":"stepped"},{"time":1.2,"angle":0},{"time":2.3667,"angle":-21.87,"curve":"stepped"},{"time":2.4,"angle":-22.5}],"translate":[{"time":0,"x":0,"y":0,"curve":"stepped"},{"time":2.4,"x":0,"y":0}],"scale":[{"time":0,"x":1,"y":1,"curve":"stepped"},{"time":2.4,"x":1,"y":1}]},"slwh_winnergs7":{"rotate":[{"time":0,"angle":0},{"time":1.1667,"angle":-21.87,"curve":"stepped"},{"time":1.2,"angle":0},{"time":2.3667,"angle":-21.87,"curve":"stepped"},{"time":2.4,"angle":-22.5}],"translate":[{"time":0,"x":0,"y":0,"curve":"stepped"},{"time":2.4,"x":0,"y":0}],"scale":[{"time":0,"x":1,"y":1,"curve":"stepped"},{"time":2.4,"x":1,"y":1}]},"slwh_winnergs6":{"rotate":[{"time":0,"angle":0},{"time":1.1667,"angle":-21.87,"curve":"stepped"},{"time":1.2,"angle":0},{"time":2.3667,"angle":-21.87,"curve":"stepped"},{"time":2.4,"angle":-22.5}],"translate":[{"time":0,"x":0,"y":0,"curve":"stepped"},{"time":2.4,"x":0,"y":0}],"scale":[{"time":0,"x":1,"y":1,"curve":"stepped"},{"time":2.4,"x":1,"y":1}]},"slwh_winnergs5":{"rotate":[{"time":0,"angle":0},{"time":1.1667,"angle":-21.87,"curve":"stepped"},{"time":1.2,"angle":0},{"time":2.3667,"angle":-21.87,"curve":"stepped"},{"time":2.4,"angle":-22.5}],"translate":[{"time":0,"x":0,"y":0,"curve":"stepped"},{"time":2.4,"x":0,"y":0}],"scale":[{"time":0,"x":1,"y":1,"curve":"stepped"},{"time":2.4,"x":1,"y":1}]},"slwh_winnergs4":{"rotate":[{"time":0,"angle":0},{"time":1.1667,"angle":-21.87,"curve":"stepped"},{"time":1.2,"angle":0},{"time":2.3667,"angle":-21.87,"curve":"stepped"},{"time":2.4,"angle":-22.5}],"translate":[{"time":0,"x":0,"y":0,"curve":"stepped"},{"time":2.4,"x":0,"y":0}],"scale":[{"time":0,"x":1,"y":1,"curve":"stepped"},{"time":2.4,"x":1,"y":1}]},"slwh_winnergs3":{"rotate":[{"time":0,"angle":0},{"time":1.1667,"angle":-21.87,"curve":"stepped"},{"time":1.2,"angle":0},{"time":2.3667,"angle":-21.87,"curve":"stepped"},{"time":2.4,"angle":-22.5}],"translate":[{"time":0,"x":0,"y":0,"curve":"stepped"},{"time":2.4,"x":0,"y":0}],"scale":[{"time":0,"x":1,"y":1,"curve":"stepped"},{"time":2.4,"x":1,"y":1}]},"slwh_winnergs2":{"rotate":[{"time":0,"angle":0},{"time":1.1667,"angle":-21.87,"curve":"stepped"},{"time":1.2,"angle":0},{"time":2.3667,"angle":-21.87,"curve":"stepped"},{"time":2.4,"angle":-22.5}],"translate":[{"time":0,"x":0,"y":0,"curve":"stepped"},{"time":2.4,"x":0,"y":0}],"scale":[{"time":0,"x":1,"y":1,"curve":"stepped"},{"time":2.4,"x":1,"y":1}]},"slwh_winnergs1":{"rotate":[{"time":0,"angle":0},{"time":1.1667,"angle":-21.87,"curve":"stepped"},{"time":1.2,"angle":0},{"time":2.3667,"angle":-21.87,"curve":"stepped"},{"time":2.4,"angle":-22.5}],"translate":[{"time":0,"x":0,"y":0,"curve":"stepped"},{"time":2.4,"x":0,"y":0}],"scale":[{"time":0,"x":1,"y":1,"curve":"stepped"},{"time":2.4,"x":1,"y":1}]},"slwh_kjjgtext2sg":{"rotate":[{"time":0,"angle":0,"curve":"stepped"},{"time":2.4,"angle":0}],"translate":[{"time":0,"x":0,"y":0,"curve":"stepped"},{"time":2.4,"x":0,"y":0}],"scale":[{"time":0,"x":1,"y":1,"curve":"stepped"},{"time":2.4,"x":1,"y":1}]},"slwh_kjjgtext1":{"rotate":[{"time":0,"angle":0,"curve":"stepped"},{"time":2.4,"angle":0}],"translate":[{"time":0,"x":0,"y":0,"curve":"stepped"},{"time":2.4,"x":0,"y":0}],"scale":[{"time":0,"x":1,"y":1,"curve":"stepped"},{"time":2.4,"x":1,"y":1}]},"slwh_winnerhcd1":{"rotate":[{"time":0,"angle":0,"curve":"stepped"},{"time":2.4,"angle":0}],"translate":[{"time":0,"x":1.31,"y":1.31,"curve":[0.25,0,0.75,1]},{"time":0.5,"x":0,"y":0,"curve":[0.25,0,0.75,1]},{"time":1.7,"x":3.36,"y":3.36,"curve":[0.25,0,0.75,1]},{"time":2.4,"x":1.31,"y":1.31}],"scale":[{"time":0,"x":1,"y":1,"curve":"stepped"},{"time":2.4,"x":1,"y":1}]},"slwh_winnerlvcd2":{"rotate":[{"time":0,"angle":0,"curve":"stepped"},{"time":2.4,"angle":0}],"translate":[{"time":0,"x":0,"y":0,"curve":[0.25,0,0.75,1]},{"time":1.2,"x":6.34,"y":4.47,"curve":[0.25,0,0.75,1]},{"time":2.4,"x":0,"y":0}],"scale":[{"time":0,"x":1,"y":1,"curve":"stepped"},{"time":2.4,"x":1,"y":1}]},"slwh_winnerlcd2":{"rotate":[{"time":0,"angle":0,"curve":"stepped"},{"time":2.4,"angle":0}],"translate":[{"time":0,"x":1.29,"y":0.39,"curve":[0.25,0,0.75,1]},{"time":0.4,"x":0,"y":0,"curve":[0.25,0,0.75,1]},{"time":1.6,"x":4.54,"y":1.38,"curve":[0.25,0,0.75,1]},{"time":2.4,"x":1.29,"y":0.39}],"scale":[{"time":0,"x":1,"y":1,"curve":"stepped"},{"time":2.4,"x":1,"y":1}]},"slwh_winnerhcd2":{"rotate":[{"time":0,"angle":0,"curve":"stepped"},{"time":2.4,"angle":0}],"translate":[{"time":0,"x":1.16,"y":-0.15,"curve":[0.25,0,0.75,1]},{"time":0.3,"x":0,"y":0,"curve":[0.25,0,0.75,1]},{"time":1.5,"x":6.27,"y":-0.81,"curve":[0.25,0,0.75,1]},{"time":2.4,"x":1.16,"y":-0.15}],"scale":[{"time":0,"x":1,"y":1,"curve":"stepped"},{"time":2.4,"x":1,"y":1}]},"slwh_winnerhcd3":{"rotate":[{"time":0,"angle":0,"curve":"stepped"},{"time":2.4,"angle":0}],"translate":[{"time":0,"x":2.36,"y":0.26,"curve":[0.25,0,0.75,1]},{"time":0.6,"x":0,"y":0,"curve":[0.25,0,0.75,1]},{"time":1.8,"x":4.72,"y":0.53,"curve":[0.25,0,0.75,1]},{"time":2.4,"x":2.36,"y":0.26}],"scale":[{"time":0,"x":1,"y":1,"curve":"stepped"},{"time":2.4,"x":1,"y":1}]},"slwh_winnerhcd4":{"rotate":[{"time":0,"angle":0,"curve":"stepped"},{"time":2.4,"angle":0}],"translate":[{"time":0,"x":-1.34,"y":0.13,"curve":[0.25,0,0.75,1]},{"time":0.4,"x":0,"y":0,"curve":[0.25,0,0.75,1]},{"time":1.6,"x":-4.73,"y":0.46,"curve":[0.25,0,0.75,1]},{"time":2.4,"x":-1.34,"y":0.13}],"scale":[{"time":0,"x":1,"y":1,"curve":"stepped"},{"time":2.4,"x":1,"y":1}]},"slwh_winnerlcd1":{"rotate":[{"time":0,"angle":0,"curve":"stepped"},{"time":2.4,"angle":0}],"translate":[{"time":0,"x":-0.52,"y":0.24,"curve":[0.25,0,0.75,1]},{"time":0.2,"x":0,"y":0,"curve":[0.25,0,0.75,1]},{"time":1.4,"x":-5.35,"y":2.52,"curve":[0.25,0,0.75,1]},{"time":2.4,"x":-0.52,"y":0.24}],"scale":[{"time":0,"x":1,"y":1,"curve":"stepped"},{"time":2.4,"x":1,"y":1}]},"slwh_winnerlvcd1":{"rotate":[{"time":0,"angle":0,"curve":"stepped"},{"time":2.4,"angle":0}],"translate":[{"time":0,"x":0,"y":0,"curve":[0.25,0,0.75,1]},{"time":1.2,"x":-4.74,"y":0.29,"curve":[0.25,0,0.75,1]},{"time":2.4,"x":0,"y":0}],"scale":[{"time":0,"x":1,"y":1,"curve":"stepped"},{"time":2.4,"x":1,"y":1}]},"slwh_winnerhcd5":{"rotate":[{"time":0,"angle":0,"curve":"stepped"},{"time":2.4,"angle":0}],"translate":[{"time":0,"x":-0.96,"y":0.52,"curve":[0.25,0,0.75,1]},{"time":0.3,"x":0,"y":0,"curve":[0.25,0,0.75,1]},{"time":1.5,"x":-5.2,"y":2.82,"curve":[0.25,0,0.75,1]},{"time":2.4,"x":-0.96,"y":0.52}],"scale":[{"time":0,"x":1,"y":1,"curve":"stepped"},{"time":2.4,"x":1,"y":1}]},"slwh_winnerhcd6":{"rotate":[{"time":0,"angle":0,"curve":"stepped"},{"time":2.4,"angle":0}],"translate":[{"time":0,"x":-1.45,"y":-0.36,"curve":[0.25,0,0.75,1]},{"time":0.3333,"x":0,"y":0,"curve":[0.25,0,0.75,1]},{"time":1.5333,"x":-6.78,"y":-1.68,"curve":[0.25,0,0.75,1]},{"time":2.4,"x":-1.45,"y":-0.36}],"scale":[{"time":0,"x":1,"y":1,"curve":"stepped"},{"time":2.4,"x":1,"y":1}]},"slwh_winnerrlb2":{"rotate":[{"time":0,"angle":0,"curve":"stepped"},{"time":2.4,"angle":0}],"translate":[{"time":0,"x":0,"y":0,"curve":"stepped"},{"time":2.4,"x":0,"y":0}],"scale":[{"time":0,"x":1,"y":1,"curve":"stepped"},{"time":0.4,"x":1,"y":1,"curve":[0.25,0,0.75,1]},{"time":1.6,"x":1.02,"y":1,"curve":[0.25,0,0.75,1]},{"time":2.4,"x":1,"y":1}]},"slwh_winnerrlb1":{"rotate":[{"time":0,"angle":0,"curve":"stepped"},{"time":2.4,"angle":0}],"translate":[{"time":0,"x":0,"y":0,"curve":"stepped"},{"time":2.4,"x":0,"y":0}],"scale":[{"time":0,"x":1,"y":1,"curve":[0.25,0,0.75,1]},{"time":1.2,"x":1.03,"y":1,"curve":[0.25,0,0.75,1]},{"time":2.4,"x":1,"y":1}]},"slwh_winnermaindb":{"rotate":[{"time":0,"angle":0,"curve":"stepped"},{"time":2.4,"angle":0}],"translate":[{"time":0,"x":0,"y":0,"curve":"stepped"},{"time":2.4,"x":0,"y":0}],"scale":[{"time":0,"x":1,"y":1,"curve":"stepped"},{"time":2.4,"x":1,"y":1}]},"slwh_winnergs":{"rotate":[{"time":0,"angle":0,"curve":"stepped"},{"time":2.4,"angle":0}],"translate":[{"time":0,"x":0,"y":0,"curve":"stepped"},{"time":2.4,"x":0,"y":0}],"scale":[{"time":0,"x":1,"y":1,"curve":"stepped"},{"time":2.4,"x":1,"y":1}]},"slwh_winnerdb":{"rotate":[{"time":0,"angle":0,"curve":"stepped"},{"time":2.4,"angle":0}],"translate":[{"time":0,"x":0,"y":0,"curve":"stepped"},{"time":2.4,"x":0,"y":0}],"scale":[{"time":0,"x":1,"y":1,"curve":"stepped"},{"time":2.4,"x":1,"y":1}]},"slwh_kjjgtext2":{"rotate":[{"time":0,"angle":0,"curve":"stepped"},{"time":2.4,"angle":0}],"translate":[{"time":0,"x":0,"y":0,"curve":"stepped"},{"time":2.4,"x":0,"y":0}],"scale":[{"time":0,"x":1,"y":1,"curve":"stepped"},{"time":2.4,"x":1,"y":1}]},"slwh_winnerrlb3":{"rotate":[{"time":0,"angle":0,"curve":"stepped"},{"time":2.4,"angle":0}],"translate":[{"time":0,"x":0,"y":0,"curve":"stepped"},{"time":2.4,"x":0,"y":0}],"scale":[{"time":0,"x":1,"y":1,"curve":"stepped"},{"time":0.4,"x":1,"y":1,"curve":[0.25,0,0.75,1]},{"time":1.6,"x":1.02,"y":1,"curve":[0.25,0,0.75,1]},{"time":2.4,"x":1,"y":1}]},"slwh_winnerrlb4":{"rotate":[{"time":0,"angle":0,"curve":"stepped"},{"time":2.4,"angle":0}],"translate":[{"time":0,"x":0,"y":0,"curve":"stepped"},{"time":2.4,"x":0,"y":0}],"scale":[{"time":0,"x":1,"y":1,"curve":[0.25,0,0.75,1]},{"time":1.2,"x":1.03,"y":1,"curve":[0.25,0,0.75,1]},{"time":2.4,"x":1,"y":1}]},"slwh_winner":{"rotate":[{"time":0,"angle":0,"curve":"stepped"},{"time":2.4,"angle":0}],"translate":[{"time":0,"x":0,"y":0,"curve":"stepped"},{"time":2.4,"x":0,"y":0}],"scale":[{"time":0,"x":1,"y":1,"curve":"stepped"},{"time":2.4,"x":1,"y":1}]},"slwh_winnerrsd":{"rotate":[{"time":0,"angle":0,"curve":"stepped"},{"time":2.4,"angle":0}],"translate":[{"time":0,"x":0,"y":0,"curve":"stepped"},{"time":2.4,"x":0,"y":0}],"scale":[{"time":0,"x":1,"y":1,"curve":"stepped"},{"time":2.4,"x":1,"y":1}]},"slwh_winnerrsd2":{"rotate":[{"time":0,"angle":0,"curve":"stepped"},{"time":2.4,"angle":0}],"translate":[{"time":0,"x":0,"y":0,"curve":"stepped"},{"time":2.4,"x":0,"y":0}],"scale":[{"time":0,"x":1,"y":1,"curve":"stepped"},{"time":2.4,"x":1,"y":1}]}}},"start":{"slots":{"slwh_kjjggd":{"color":[{"time":0,"color":"fffffffe","curve":"stepped"},{"time":2.4,"color":"fffffffe"}]},"slwh_kjjgtext1":{"color":[{"time":0,"color":"ffffff00","curve":[0.311,0.8,0.582,1]},{"time":0.1,"color":"fffffffe","curve":"stepped"},{"time":2.4,"color":"fffffffe"}]},"slwh_kjjgtext2":{"color":[{"time":0,"color":"ffffff00","curve":[0.311,0.8,0.582,1]},{"time":0.1,"color":"fffffffe","curve":"stepped"},{"time":2.4,"color":"fffffffe"}]},"slwh_kjjgtext1fg":{"color":[{"time":0,"color":"ffffff00","curve":"stepped"},{"time":0.1,"color":"ffffff00","curve":"stepped"},{"time":0.3,"color":"ffffff00","curve":[0.25,0,0.75,1]},{"time":0.6,"color":"fffffffe","curve":[0.25,0,0.75,1]},{"time":1.2,"color":"ffffff00","curve":"stepped"},{"time":2.4,"color":"ffffff00"}],"attachment":[{"time":0,"name":"slwh_kjjgtext1fg"},{"time":1.3333,"name":null},{"time":2.4,"name":null}]},"slwh_kjjgtext2fg":{"color":[{"time":0,"color":"ffffff00","curve":"stepped"},{"time":0.1,"color":"ffffff00","curve":"stepped"},{"time":0.3,"color":"ffffff00","curve":[0.25,0,0.75,1]},{"time":0.6,"color":"fffffffe","curve":[0.25,0,0.75,1]},{"time":1.2,"color":"ffffff00","curve":"stepped"},{"time":2.4,"color":"ffffff00"}],"attachment":[{"time":0,"name":"slwh_kjjgtext2fg"},{"time":1.2,"name":null},{"time":2.4,"name":null}]},"slwh_kjjgtext2sg":{"color":[{"time":0,"color":"fffffffe","curve":"stepped"},{"time":2.4,"color":"fffffffe"}],"attachment":[{"time":0,"name":null},{"time":0.1333,"name":"slwh_kjjgtext2sg1"},{"time":0.1667,"name":"slwh_kjjgtext2sg2"},{"time":0.2,"name":"slwh_kjjgtext2sg3"},{"time":0.2333,"name":"slwh_kjjgtext2sg4"},{"time":0.2667,"name":"slwh_kjjgtext2sg5"},{"time":0.3,"name":"slwh_kjjgtext2sg6"},{"time":0.3333,"name":"slwh_kjjgtext2sg7"},{"time":0.3667,"name":"slwh_kjjgtext2sg8"},{"time":0.4,"name":"slwh_kjjgtext2sg9"},{"time":0.4333,"name":"slwh_kjjgtext2sg10"},{"time":0.4667,"name":"slwh_kjjgtext2sg11"},{"time":0.5,"name":"slwh_kjjgtext2sg12"},{"time":0.5333,"name":"slwh_kjjgtext2sg13"},{"time":0.5667,"name":"slwh_kjjgtext2sg14"},{"time":0.6,"name":"slwh_kjjgtext2sg15"},{"time":0.6333,"name":"slwh_kjjgtext2sg16"},{"time":0.6667,"name":"slwh_kjjgtext2sg17"},{"time":0.7,"name":"slwh_kjjgtext2sg18"},{"time":0.7333,"name":"slwh_kjjgtext2sg19"},{"time":0.7667,"name":"slwh_kjjgtext2sg20"},{"time":0.8,"name":"slwh_kjjgtext2sg21"},{"time":0.8333,"name":"slwh_kjjgtext2sg22"},{"time":0.8667,"name":"slwh_kjjgtext2sg23"},{"time":0.9,"name":"slwh_kjjgtext2sg24"},{"time":0.9333,"name":"slwh_kjjgtext2sg25"},{"time":0.9667,"name":"slwh_kjjgtext2sg26"},{"time":1,"name":"slwh_kjjgtext2sg27"},{"time":1.0333,"name":"slwh_kjjgtext2sg28"},{"time":1.0667,"name":"slwh_kjjgtext2sg29"},{"time":1.1,"name":"slwh_kjjgtext2sg30"},{"time":1.1333,"name":"slwh_kjjgtext2sg31"},{"time":1.1667,"name":"slwh_kjjgtext2sg32"},{"time":1.2,"name":"slwh_kjjgtext2sg33"},{"time":1.2333,"name":"slwh_kjjgtext2sg34"},{"time":1.3333,"name":null},{"time":2.4,"name":null}]},"slwh_winnerdb":{"color":[{"time":0,"color":"ffffff00","curve":[0.311,0.8,0.582,1]},{"time":0.1,"color":"fffffffe","curve":"stepped"},{"time":2.4,"color":"fffffffe"}]},"slwh_winnerdbyy":{"color":[{"time":0,"color":"ffffff00","curve":[0.311,0.8,0.582,1]},{"time":0.1,"color":"fffffffe","curve":"stepped"},{"time":2.4,"color":"fffffffe"}]},"slwh_winnergs1":{"color":[{"time":0,"color":"ffffff00","curve":[0.29,0,0.629,0.38]},{"time":0.5,"color":"fffffffe","curve":"stepped"},{"time":2.4,"color":"fffffffe"}]},"slwh_winnergs2":{"color":[{"time":0,"color":"ffffff00","curve":[0.29,0,0.629,0.38]},{"time":0.5,"color":"fffffffe","curve":"stepped"},{"time":2.4,"color":"fffffffe"}]},"slwh_winnergs3":{"color":[{"time":0,"color":"ffffff00","curve":[0.29,0,0.629,0.38]},{"time":0.5,"color":"fffffffe","curve":"stepped"},{"time":2.4,"color":"fffffffe"}]},"slwh_winnergs4":{"color":[{"time":0,"color":"ffffff00","curve":[0.29,0,0.629,0.38]},{"time":0.5,"color":"fffffffe","curve":"stepped"},{"time":2.4,"color":"fffffffe"}]},"slwh_winnergs5":{"color":[{"time":0,"color":"ffffff00","curve":[0.29,0,0.629,0.38]},{"time":0.5,"color":"fffffffe","curve":"stepped"},{"time":2.4,"color":"fffffffe"}]},"slwh_winnergs6":{"color":[{"time":0,"color":"ffffff00","curve":[0.29,0,0.629,0.38]},{"time":0.5,"color":"fffffffe","curve":"stepped"},{"time":2.4,"color":"fffffffe"}]},"slwh_winnergs7":{"color":[{"time":0,"color":"ffffff00","curve":[0.29,0,0.629,0.38]},{"time":0.5,"color":"fffffffe","curve":"stepped"},{"time":2.4,"color":"fffffffe"}]},"slwh_winnergs8":{"color":[{"time":0,"color":"ffffff00","curve":[0.29,0,0.629,0.38]},{"time":0.5,"color":"fffffffe","curve":"stepped"},{"time":2.4,"color":"fffffffe"}]},"slwh_winnergy":{"color":[{"time":0,"color":"ffffff00","curve":[0.29,0,0.629,0.38]},{"time":0.4,"color":"fffffffe","curve":"stepped"},{"time":2.4,"color":"fffffffe"}]},"slwh_winnerhcd1":{"color":[{"time":0,"color":"ffffff00","curve":[0.311,0.8,0.582,1]},{"time":0.4,"color":"fffffffe","curve":"stepped"},{"time":2.4,"color":"fffffffe"}]},"slwh_winnerhcd2":{"color":[{"time":0,"color":"ffffff00","curve":[0.311,0.8,0.582,1]},{"time":0.4,"color":"fffffffe","curve":"stepped"},{"time":2.4,"color":"fffffffe"}]},"slwh_winnerhcd3":{"color":[{"time":0,"color":"ffffff00","curve":[0.311,0.8,0.582,1]},{"time":0.4,"color":"fffffffe","curve":"stepped"},{"time":2.4,"color":"fffffffe"}]},"slwh_winnerhcd4":{"color":[{"time":0,"color":"ffffff00","curve":[0.311,0.8,0.582,1]},{"time":0.4,"color":"fffffffe","curve":"stepped"},{"time":2.4,"color":"fffffffe"}]},"slwh_winnerhcd5":{"color":[{"time":0,"color":"ffffff00","curve":[0.311,0.8,0.582,1]},{"time":0.4,"color":"fffffffe","curve":"stepped"},{"time":2.4,"color":"fffffffe"}]},"slwh_winnerhcd6":{"color":[{"time":0,"color":"ffffff00","curve":[0.311,0.8,0.582,1]},{"time":0.4,"color":"fffffffe","curve":"stepped"},{"time":2.4,"color":"fffffffe"}]},"slwh_winnerlcd1":{"color":[{"time":0,"color":"ffffff00","curve":[0.311,0.8,0.582,1]},{"time":0.4,"color":"fffffffe","curve":"stepped"},{"time":2.4,"color":"fffffffe"}]},"slwh_winnerlcd2":{"color":[{"time":0,"color":"ffffff00","curve":[0.311,0.8,0.582,1]},{"time":0.4,"color":"fffffffe","curve":"stepped"},{"time":2.4,"color":"fffffffe"}]},"slwh_winnerlvcd1":{"color":[{"time":0,"color":"ffffff00","curve":[0.311,0.8,0.582,1]},{"time":0.4,"color":"fffffffe","curve":"stepped"},{"time":2.4,"color":"fffffffe"}]},"slwh_winnerlvcd2":{"color":[{"time":0,"color":"ffffff00","curve":[0.311,0.8,0.582,1]},{"time":0.4,"color":"fffffffe","curve":"stepped"},{"time":2.4,"color":"fffffffe"}]},"slwh_winnermaindb1":{"color":[{"time":0,"color":"ffffff00","curve":"stepped"},{"time":0.1,"color":"ffffff00","curve":[0.311,0.8,0.582,1]},{"time":0.4667,"color":"fffffffe","curve":"stepped"},{"time":2.4,"color":"fffffffe"}]},"slwh_winnermaindb2":{"color":[{"time":0,"color":"1d743900","curve":"stepped"},{"time":0.1,"color":"1d743900","curve":[0.311,0.8,0.582,1]},{"time":0.4667,"color":"1d7439c6","curve":"stepped"},{"time":2.4,"color":"1d7439c6"}]},"slwh_winnermaindb3":{"color":[{"time":0,"color":"00ff6000","curve":"stepped"},{"time":0.1,"color":"00ff6000","curve":[0.311,0.8,0.582,1]},{"time":0.4667,"color":"00ff60c6","curve":"stepped"},{"time":2.4,"color":"00ff60c6"}]},"slwh_winnerrlb1":{"color":[{"time":0,"color":"ffffff00","curve":[0.311,0.8,0.582,1]},{"time":0.2333,"color":"fffffffe","curve":"stepped"},{"time":2.4,"color":"fffffffe"}]},"slwh_winnerrlb2":{"color":[{"time":0,"color":"ffffff00","curve":"stepped"},{"time":0.1333,"color":"ffffff00","curve":[0.311,0.8,0.582,1]},{"time":0.2333,"color":"fffffffe","curve":"stepped"},{"time":2.4,"color":"fffffffe"}]},"slwh_winnerrlb3":{"color":[{"time":0,"color":"ffffff00","curve":"stepped"},{"time":0.1333,"color":"ffffff00","curve":[0.311,0.8,0.582,1]},{"time":0.2333,"color":"fffffffe","curve":"stepped"},{"time":2.4,"color":"fffffffe"}]},"slwh_winnerrlb4":{"color":[{"time":0,"color":"ffffff00","curve":[0.311,0.8,0.582,1]},{"time":0.2333,"color":"fffffffe","curve":"stepped"},{"time":2.4,"color":"fffffffe"}]},"slwh_winnerrsd":{"color":[{"time":0,"color":"ffffff00","curve":[0.311,0.8,0.582,1]},{"time":0.1,"color":"fffffffe","curve":"stepped"},{"time":2.4,"color":"fffffffe"}]},"slwh_winnerrsd2":{"color":[{"time":0,"color":"ffffff00","curve":[0.311,0.8,0.582,1]},{"time":0.1,"color":"fffffffe","curve":"stepped"},{"time":2.4,"color":"fffffffe"}]}},"bones":{"slwh_winnergs8":{"rotate":[{"time":0,"angle":0},{"time":1.1667,"angle":-21.87,"curve":"stepped"},{"time":1.2,"angle":0},{"time":2.3667,"angle":-21.87,"curve":"stepped"},{"time":2.4,"angle":-22.5}],"translate":[{"time":0,"x":0,"y":0,"curve":"stepped"},{"time":2.4,"x":0,"y":0}],"scale":[{"time":0,"x":1,"y":1,"curve":"stepped"},{"time":2.4,"x":1,"y":1}]},"slwh_winnergs7":{"rotate":[{"time":0,"angle":0},{"time":1.1667,"angle":-21.87,"curve":"stepped"},{"time":1.2,"angle":0},{"time":2.3667,"angle":-21.87,"curve":"stepped"},{"time":2.4,"angle":-22.5}],"translate":[{"time":0,"x":0,"y":0,"curve":"stepped"},{"time":2.4,"x":0,"y":0}],"scale":[{"time":0,"x":1,"y":1,"curve":"stepped"},{"time":2.4,"x":1,"y":1}]},"slwh_winnergs6":{"rotate":[{"time":0,"angle":0},{"time":1.1667,"angle":-21.87,"curve":"stepped"},{"time":1.2,"angle":0},{"time":2.3667,"angle":-21.87,"curve":"stepped"},{"time":2.4,"angle":-22.5}],"translate":[{"time":0,"x":0,"y":0,"curve":"stepped"},{"time":2.4,"x":0,"y":0}],"scale":[{"time":0,"x":1,"y":1,"curve":"stepped"},{"time":2.4,"x":1,"y":1}]},"slwh_winnergs5":{"rotate":[{"time":0,"angle":0},{"time":1.1667,"angle":-21.87,"curve":"stepped"},{"time":1.2,"angle":0},{"time":2.3667,"angle":-21.87,"curve":"stepped"},{"time":2.4,"angle":-22.5}],"translate":[{"time":0,"x":0,"y":0,"curve":"stepped"},{"time":2.4,"x":0,"y":0}],"scale":[{"time":0,"x":1,"y":1,"curve":"stepped"},{"time":2.4,"x":1,"y":1}]},"slwh_winnergs4":{"rotate":[{"time":0,"angle":0},{"time":1.1667,"angle":-21.87,"curve":"stepped"},{"time":1.2,"angle":0},{"time":2.3667,"angle":-21.87,"curve":"stepped"},{"time":2.4,"angle":-22.5}],"translate":[{"time":0,"x":0,"y":0,"curve":"stepped"},{"time":2.4,"x":0,"y":0}],"scale":[{"time":0,"x":1,"y":1,"curve":"stepped"},{"time":2.4,"x":1,"y":1}]},"slwh_winnergs3":{"rotate":[{"time":0,"angle":0},{"time":1.1667,"angle":-21.87,"curve":"stepped"},{"time":1.2,"angle":0},{"time":2.3667,"angle":-21.87,"curve":"stepped"},{"time":2.4,"angle":-22.5}],"translate":[{"time":0,"x":0,"y":0,"curve":"stepped"},{"time":2.4,"x":0,"y":0}],"scale":[{"time":0,"x":1,"y":1,"curve":"stepped"},{"time":2.4,"x":1,"y":1}]},"slwh_winnergs2":{"rotate":[{"time":0,"angle":0},{"time":1.1667,"angle":-21.87,"curve":"stepped"},{"time":1.2,"angle":0},{"time":2.3667,"angle":-21.87,"curve":"stepped"},{"time":2.4,"angle":-22.5}],"translate":[{"time":0,"x":0,"y":0,"curve":"stepped"},{"time":2.4,"x":0,"y":0}],"scale":[{"time":0,"x":1,"y":1,"curve":"stepped"},{"time":2.4,"x":1,"y":1}]},"slwh_winnergs1":{"rotate":[{"time":0,"angle":0},{"time":1.1667,"angle":-21.87,"curve":"stepped"},{"time":1.2,"angle":0},{"time":2.3667,"angle":-21.87,"curve":"stepped"},{"time":2.4,"angle":-22.5}],"translate":[{"time":0,"x":0,"y":0,"curve":"stepped"},{"time":2.4,"x":0,"y":0}],"scale":[{"time":0,"x":1,"y":1,"curve":"stepped"},{"time":2.4,"x":1,"y":1}]},"slwh_kjjgtext2sg":{"rotate":[{"time":0,"angle":0,"curve":"stepped"},{"time":2.4,"angle":0}],"translate":[{"time":0,"x":0,"y":0,"curve":"stepped"},{"time":2.4,"x":0,"y":0}],"scale":[{"time":0,"x":1,"y":1,"curve":"stepped"},{"time":2.4,"x":1,"y":1}]},"slwh_kjjgtext1":{"rotate":[{"time":0,"angle":0,"curve":"stepped"},{"time":1.3333,"angle":0,"curve":"stepped"},{"time":2.4,"angle":0}],"translate":[{"time":0,"x":0,"y":0,"curve":"stepped"},{"time":1.3333,"x":0,"y":0,"curve":"stepped"},{"time":2.4,"x":0,"y":0}],"scale":[{"time":0,"x":0.75,"y":0.75,"curve":[0.311,0.8,0.582,1]},{"time":0.2,"x":1.05,"y":1.05,"curve":[0.25,0,0.75,1]},{"time":0.4333,"x":0.98,"y":0.98,"curve":[0.25,0,0.75,1]},{"time":0.7,"x":1.02,"y":1.02,"curve":[0.25,0,0.75,1]},{"time":1,"x":0.99,"y":0.99,"curve":[0.25,0,0.75,1]},{"time":1.3333,"x":1,"y":1,"curve":"stepped"},{"time":2.4,"x":1,"y":1}]},"slwh_winnerhcd1":{"rotate":[{"time":0,"angle":-15,"curve":[0.311,0.8,0.582,1]},{"time":2.4,"angle":0}],"translate":[{"time":0,"x":-346.54,"y":-108.18,"curve":[0.311,0.8,0.582,1]},{"time":0.7,"x":17.12,"y":10.66,"curve":[0.25,0,0.75,1]},{"time":2.4,"x":1.31,"y":1.31}],"scale":[{"time":0,"x":0,"y":0,"curve":[0.25,0,0.75,1]},{"time":0.7,"x":1.1,"y":1.1,"curve":[0.293,0.77,0.596,0.99]},{"time":2.4,"x":1,"y":1}]},"slwh_winnerlvcd2":{"rotate":[{"time":0,"angle":30,"curve":[0.311,0.8,0.582,1]},{"time":2.4,"angle":0}],"translate":[{"time":0,"x":-263.28,"y":-44.77,"curve":[0.311,0.8,0.582,1]},{"time":0.8,"x":22.75,"y":10.13,"curve":[0.25,0,0.75,1]},{"time":2.4,"x":0,"y":0}],"scale":[{"time":0,"x":0,"y":0,"curve":[0.25,0,0.75,1]},{"time":0.8,"x":1.1,"y":1.1,"curve":[0.292,0.76,0.599,0.99]},{"time":2.4,"x":1,"y":1}]},"slwh_winnerlcd2":{"rotate":[{"time":0,"angle":-30,"curve":[0.311,0.8,0.582,1]},{"time":2.4,"angle":0}],"translate":[{"time":0,"x":-402.35,"y":-63.63,"curve":[0.311,0.8,0.582,1]},{"time":0.6,"x":19.17,"y":5.84,"curve":[0.25,0,0.75,1]},{"time":2.4,"x":1.29,"y":0.39}],"scale":[{"time":0,"x":0,"y":0,"curve":[0.25,0,0.75,1]},{"time":0.6,"x":1.1,"y":1.1,"curve":[0.294,0.77,0.593,0.99]},{"time":2.4,"x":1,"y":1}]},"slwh_winnerhcd2":{"rotate":[{"time":0,"angle":0,"curve":"stepped"},{"time":2.4,"angle":0}],"translate":[{"time":0,"x":-395.1,"y":32.49,"curve":[0.311,0.8,0.582,1]},{"time":0.6667,"x":27.12,"y":-3.52,"curve":[0.25,0,0.75,1]},{"time":2.4,"x":1.16,"y":-0.15}],"scale":[{"time":0,"x":0,"y":0,"curve":[0.25,0,0.75,1]},{"time":0.6667,"x":1.1,"y":1.1,"curve":[0.296,0.78,0.591,0.99]},{"time":2.4,"x":1,"y":1}]},"slwh_winnerhcd3":{"rotate":[{"time":0,"angle":30,"curve":[0.311,0.8,0.582,1]},{"time":2.4,"angle":0}],"translate":[{"time":0,"x":-496.27,"y":-47.06,"curve":[0.311,0.8,0.582,1]},{"time":0.8,"x":24.15,"y":2.43,"curve":[0.25,0,0.75,1]},{"time":2.4,"x":2.36,"y":0.26}],"scale":[{"time":0,"x":0,"y":0,"curve":[0.25,0,0.75,1]},{"time":0.8,"x":1.1,"y":1.1,"curve":[0.292,0.76,0.599,0.99]},{"time":2.4,"x":1,"y":1}]},"slwh_winnerhcd4":{"rotate":[{"time":0,"angle":-15,"curve":[0.311,0.8,0.582,1]},{"time":2.4,"angle":0}],"translate":[{"time":0,"x":354.52,"y":-34.49,"curve":[0.311,0.8,0.582,1]},{"time":0.6,"x":-15.4,"y":1.5,"curve":[0.25,0,0.75,1]},{"time":2.4,"x":-1.34,"y":0.13}],"scale":[{"time":0,"x":0,"y":0,"curve":[0.25,0,0.75,1]},{"time":0.6,"x":1.1,"y":1.1,"curve":[0.294,0.77,0.593,0.99]},{"time":2.4,"x":1,"y":1}]},"slwh_winnerlcd1":{"rotate":[{"time":0,"angle":-15,"curve":[0.311,0.8,0.582,1]},{"time":2.4,"angle":0}],"translate":[{"time":0,"x":251.15,"y":-107.07,"curve":[0.311,0.8,0.582,1]},{"time":0.6,"x":-16.77,"y":7.9,"curve":[0.25,0,0.75,1]},{"time":2.4,"x":-0.52,"y":0.24}],"scale":[{"time":0,"x":0,"y":0,"curve":[0.25,0,0.75,1]},{"time":0.6,"x":1.1,"y":1.1,"curve":[0.294,0.77,0.593,0.99]},{"time":2.4,"x":1,"y":1}]},"slwh_winnerlvcd1":{"rotate":[{"time":0,"angle":60,"curve":[0.311,0.8,0.582,1]},{"time":2.4,"angle":0}],"translate":[{"time":0,"x":380.99,"y":-26.73,"curve":[0.311,0.8,0.582,1]},{"time":0.8,"x":-21.18,"y":1.31,"curve":[0.25,0,0.75,1]},{"time":2.4,"x":0,"y":0}],"scale":[{"time":0,"x":0,"y":0,"curve":[0.25,0,0.75,1]},{"time":0.8,"x":1.1,"y":1.1,"curve":[0.292,0.76,0.599,0.99]},{"time":2.4,"x":1,"y":1}]},"slwh_winnerhcd5":{"rotate":[{"time":0,"angle":-15,"curve":[0.311,0.8,0.582,1]},{"time":2.4,"angle":0}],"translate":[{"time":0,"x":414.86,"y":-102.3,"curve":[0.311,0.8,0.582,1]},{"time":0.5667,"x":-19.52,"y":6.89,"curve":[0.25,0,0.75,1]},{"time":2.4,"x":-0.96,"y":0.52}],"scale":[{"time":0,"x":0,"y":0,"curve":[0.25,0,0.75,1]},{"time":0.5667,"x":1.1,"y":1.1,"curve":[0.295,0.77,0.592,0.99]},{"time":2.4,"x":1,"y":1}]},"slwh_winnerhcd6":{"rotate":[{"time":0,"angle":-30,"curve":[0.311,0.8,0.582,1]},{"time":2.4,"angle":0}],"translate":[{"time":0,"x":466.25,"y":71.21,"curve":[0.311,0.8,0.582,1]},{"time":0.5333,"x":-24.32,"y":-5.18,"curve":[0.25,0,0.75,1]},{"time":2.4,"x":-1.45,"y":-0.36}],"scale":[{"time":0,"x":0,"y":0,"curve":[0.25,0,0.75,1]},{"time":0.5333,"x":1.1,"y":1.1,"curve":[0.295,0.77,0.592,0.99]},{"time":2.4,"x":1,"y":1}]},"slwh_winnerrlb2":{"rotate":[{"time":0,"angle":0,"curve":"stepped"},{"time":0.1333,"angle":0,"curve":"stepped"},{"time":2.4,"angle":0}],"translate":[{"time":0,"x":0,"y":0,"curve":"stepped"},{"time":0.1333,"x":0,"y":0,"curve":"stepped"},{"time":2.4,"x":0,"y":0}],"scale":[{"time":0,"x":0.5,"y":0.5,"curve":"stepped"},{"time":0.1333,"x":0.5,"y":0.5,"curve":[0.311,0.8,0.582,1]},{"time":0.3333,"x":1.08,"y":1.08,"curve":[0.25,0,0.75,1]},{"time":0.5667,"x":0.96,"y":0.96,"curve":[0.25,0,0.75,1]},{"time":0.8333,"x":1.03,"y":1.03,"curve":[0.25,0,0.75,1]},{"time":1.1333,"x":0.98,"y":0.98,"curve":[0.25,0,0.75,1]},{"time":1.4667,"x":1.01,"y":1.01,"curve":[0.25,0,0.75,1]},{"time":1.8333,"x":0.99,"y":0.99,"curve":[0.25,0,0.75,1]},{"time":2.2333,"x":1,"y":1,"curve":"stepped"},{"time":2.4,"x":1,"y":1}]},"slwh_winnerrlb1":{"rotate":[{"time":0,"angle":0,"curve":"stepped"},{"time":0.1333,"angle":0,"curve":"stepped"},{"time":2.4,"angle":0}],"translate":[{"time":0,"x":0,"y":0,"curve":"stepped"},{"time":0.1333,"x":0,"y":0,"curve":"stepped"},{"time":2.4,"x":0,"y":0}],"scale":[{"time":0,"x":1.08,"y":1.08,"curve":"stepped"},{"time":0.1333,"x":1.08,"y":1.08,"curve":[0.311,0.8,0.582,1]},{"time":0.3667,"x":0.96,"y":0.96,"curve":[0.25,0,0.75,1]},{"time":0.6333,"x":1.03,"y":1.03,"curve":[0.25,0,0.75,1]},{"time":0.9333,"x":0.98,"y":0.98,"curve":[0.25,0,0.75,1]},{"time":1.2667,"x":1.01,"y":1.01,"curve":[0.25,0,0.75,1]},{"time":1.6333,"x":0.99,"y":0.99,"curve":[0.25,0,0.75,1]},{"time":2.0333,"x":1,"y":1,"curve":"stepped"},{"time":2.4,"x":1,"y":1}]},"slwh_winnermaindb":{"rotate":[{"time":0,"angle":0,"curve":"stepped"},{"time":0.1,"angle":0,"curve":"stepped"},{"time":2.4,"angle":0}],"translate":[{"time":0,"x":0,"y":0,"curve":"stepped"},{"time":0.1,"x":0,"y":0,"curve":"stepped"},{"time":2.4,"x":0,"y":0}],"scale":[{"time":0,"x":1,"y":0.01,"curve":"stepped"},{"time":0.1,"x":1,"y":0.01,"curve":[0.311,0.8,0.582,1]},{"time":0.2667,"x":1,"y":1.15,"curve":[0.25,0,0.75,1]},{"time":0.4667,"x":1,"y":0.95,"curve":[0.25,0,0.75,1]},{"time":0.7333,"x":1,"y":1.02,"curve":[0.293,0,0.631,0.37]},{"time":1,"x":1,"y":0.99,"curve":[0.309,0.24,0.647,0.59]},{"time":1.3333,"x":1,"y":1,"curve":"stepped"},{"time":2.4,"x":1,"y":1}]},"slwh_winnergs":{"rotate":[{"time":0,"angle":0,"curve":"stepped"},{"time":2.4,"angle":0}],"translate":[{"time":0,"x":0,"y":0,"curve":"stepped"},{"time":2.4,"x":0,"y":0}],"scale":[{"time":0,"x":0.503,"y":0.503,"curve":[0.311,0.8,0.582,1]},{"time":0.4,"x":1,"y":1,"curve":"stepped"},{"time":2.4,"x":1,"y":1}]},"slwh_winnerdb":{"rotate":[{"time":0,"angle":0,"curve":"stepped"},{"time":2.4,"angle":0}],"translate":[{"time":0,"x":0,"y":0,"curve":"stepped"},{"time":2.4,"x":0,"y":0}],"scale":[{"time":0,"x":0.75,"y":0.75,"curve":[0.311,0.8,0.582,1]},{"time":0.3,"x":1.05,"y":1.05,"curve":[0.25,0,0.75,1]},{"time":0.5,"x":0.98,"y":0.98,"curve":[0.25,0,0.75,1]},{"time":0.7333,"x":1.02,"y":1.02,"curve":[0.25,0,0.75,1]},{"time":1,"x":0.99,"y":0.99,"curve":[0.25,0,0.75,1]},{"time":1.3,"x":1,"y":1,"curve":"stepped"},{"time":2.4,"x":1,"y":1}]},"slwh_winner":{"rotate":[{"time":0,"angle":0,"curve":"stepped"},{"time":2.4,"angle":0}],"translate":[{"time":0,"x":0,"y":0,"curve":"stepped"},{"time":2.4,"x":0,"y":0}],"scale":[{"time":0,"x":0.5,"y":0.5,"curve":[0.311,0.8,0.582,1]},{"time":0.2,"x":1.1,"y":1.1,"curve":[0.25,0,0.75,1]},{"time":0.4333,"x":0.96,"y":0.96,"curve":[0.25,0,0.75,1]},{"time":0.7,"x":1.02,"y":1.02,"curve":[0.25,0,0.75,1]},{"time":1,"x":0.99,"y":0.99,"curve":[0.25,0,0.75,1]},{"time":1.3333,"x":1,"y":1,"curve":"stepped"},{"time":2.4,"x":1,"y":1}]},"slwh_winnerrsd2":{"rotate":[{"time":0,"angle":0,"curve":"stepped"},{"time":2.4,"angle":0}],"translate":[{"time":0,"x":-164.32,"y":0,"curve":[0.311,0.8,0.582,1]},{"time":0.2,"x":5.99,"y":0,"curve":[0.25,0,0.75,1]},{"time":0.4,"x":-4.24,"y":0,"curve":[0.25,0,0.75,1]},{"time":0.6,"x":0,"y":0,"curve":"stepped"},{"time":2.4,"x":0,"y":0}],"scale":[{"time":0,"x":1,"y":1,"curve":"stepped"},{"time":2.4,"x":1,"y":1}]},"slwh_winnerrsd":{"rotate":[{"time":0,"angle":0,"curve":"stepped"},{"time":2.4,"angle":0}],"translate":[{"time":0,"x":164.32,"y":0,"curve":[0.311,0.8,0.582,1]},{"time":0.2,"x":-5.99,"y":0,"curve":[0.25,0,0.75,1]},{"time":0.4,"x":4.24,"y":0,"curve":[0.25,0,0.75,1]},{"time":0.6,"x":0,"y":0,"curve":"stepped"},{"time":2.4,"x":0,"y":0}],"scale":[{"time":0,"x":1,"y":1,"curve":"stepped"},{"time":2.4,"x":1,"y":1}]},"slwh_kjjgtext2":{"rotate":[{"time":0,"angle":0,"curve":"stepped"},{"time":1.2,"angle":0,"curve":"stepped"},{"time":2.4,"angle":0}],"translate":[{"time":0,"x":0,"y":0,"curve":"stepped"},{"time":1.2,"x":0,"y":0,"curve":"stepped"},{"time":2.4,"x":0,"y":0}],"scale":[{"time":0,"x":1,"y":1,"curve":"stepped"},{"time":1.2,"x":1,"y":1,"curve":"stepped"},{"time":2.4,"x":1,"y":1}]},"slwh_winnerrlb3":{"rotate":[{"time":0,"angle":0,"curve":"stepped"},{"time":0.1333,"angle":0,"curve":"stepped"},{"time":2.4,"angle":0}],"translate":[{"time":0,"x":0,"y":0,"curve":"stepped"},{"time":0.1333,"x":0,"y":0,"curve":"stepped"},{"time":2.4,"x":0,"y":0}],"scale":[{"time":0,"x":0.5,"y":0.5,"curve":"stepped"},{"time":0.1333,"x":0.5,"y":0.5,"curve":[0.311,0.8,0.582,1]},{"time":0.3333,"x":1.08,"y":1.08,"curve":[0.25,0,0.75,1]},{"time":0.5667,"x":0.96,"y":0.96,"curve":[0.25,0,0.75,1]},{"time":0.8333,"x":1.03,"y":1.03,"curve":[0.25,0,0.75,1]},{"time":1.1333,"x":0.98,"y":0.98,"curve":[0.25,0,0.75,1]},{"time":1.4667,"x":1.01,"y":1.01,"curve":[0.25,0,0.75,1]},{"time":1.8333,"x":0.99,"y":0.99,"curve":[0.25,0,0.75,1]},{"time":2.2333,"x":1,"y":1,"curve":"stepped"},{"time":2.4,"x":1,"y":1}]},"slwh_winnerrlb4":{"rotate":[{"time":0,"angle":0,"curve":"stepped"},{"time":0.1333,"angle":0,"curve":"stepped"},{"time":2.4,"angle":0}],"translate":[{"time":0,"x":0,"y":0,"curve":"stepped"},{"time":0.1333,"x":0,"y":0,"curve":"stepped"},{"time":2.4,"x":0,"y":0}],"scale":[{"time":0,"x":1.08,"y":1.08,"curve":"stepped"},{"time":0.1333,"x":1.08,"y":1.08,"curve":[0.311,0.8,0.582,1]},{"time":0.3667,"x":0.96,"y":0.96,"curve":[0.25,0,0.75,1]},{"time":0.6333,"x":1.03,"y":1.03,"curve":[0.25,0,0.75,1]},{"time":0.9333,"x":0.98,"y":0.98,"curve":[0.25,0,0.75,1]},{"time":1.2667,"x":1.01,"y":1.01,"curve":[0.25,0,0.75,1]},{"time":1.6333,"x":0.99,"y":0.99,"curve":[0.25,0,0.75,1]},{"time":2.0333,"x":1,"y":1,"curve":"stepped"},{"time":2.4,"x":1,"y":1}]}}}}}