{"skeleton":{"hash":"yrl+ZRNr8BWVYxBp+Y/Tac62UXw","spine":"3.6.37","width":352,"height":140,"images":"./images/"},"bones":[{"name":"root"},{"name":"hip","parent":"root"},{"name":"slwh_xiazhumenu","parent":"hip"},{"name":"slwh_xiazhumenu_lg","parent":"slwh_xiazhumenu","y":11.42,"scaleX":2,"scaleY":2},{"name":"slwh_xiazhutext","parent":"slwh_xiazhumenu","x":-2,"y":-1.2}],"slots":[{"name":"slwh_xiazhumenu","bone":"slwh_xiazhumenu","attachment":"slwh_xiazhumenu"},{"name":"slwh_xiazhutext","bone":"slwh_xiazhutext","attachment":"slwh_xiazhutext"},{"name":"slwh_xiazhumenu_lg","bone":"slwh_xiazhumenu_lg","attachment":"slwh_xiazhumenu_lg35","blend":"additive"}],"skins":{"default":{"slwh_xiazhumenu":{"slwh_xiazhumenu":{"y":0.05,"width":306,"height":106}},"slwh_xiazhumenu_lg":{"slwh_xiazhumenu_lg0":{"width":176,"height":70},"slwh_xiazhumenu_lg1":{"width":176,"height":70},"slwh_xiazhumenu_lg2":{"width":176,"height":70},"slwh_xiazhumenu_lg3":{"width":176,"height":70},"slwh_xiazhumenu_lg4":{"width":176,"height":70},"slwh_xiazhumenu_lg5":{"width":176,"height":70},"slwh_xiazhumenu_lg6":{"width":176,"height":70},"slwh_xiazhumenu_lg7":{"width":176,"height":70},"slwh_xiazhumenu_lg8":{"width":176,"height":70},"slwh_xiazhumenu_lg9":{"width":176,"height":70},"slwh_xiazhumenu_lg10":{"width":176,"height":70},"slwh_xiazhumenu_lg11":{"width":176,"height":70},"slwh_xiazhumenu_lg12":{"width":176,"height":70},"slwh_xiazhumenu_lg13":{"width":176,"height":70},"slwh_xiazhumenu_lg14":{"width":176,"height":70},"slwh_xiazhumenu_lg15":{"width":176,"height":70},"slwh_xiazhumenu_lg16":{"width":176,"height":70},"slwh_xiazhumenu_lg17":{"width":176,"height":70},"slwh_xiazhumenu_lg18":{"width":176,"height":70},"slwh_xiazhumenu_lg19":{"width":176,"height":70},"slwh_xiazhumenu_lg20":{"width":176,"height":70},"slwh_xiazhumenu_lg21":{"width":176,"height":70},"slwh_xiazhumenu_lg22":{"width":176,"height":70},"slwh_xiazhumenu_lg23":{"width":176,"height":70},"slwh_xiazhumenu_lg24":{"width":176,"height":70},"slwh_xiazhumenu_lg25":{"width":176,"height":70},"slwh_xiazhumenu_lg26":{"width":176,"height":70},"slwh_xiazhumenu_lg27":{"width":176,"height":70},"slwh_xiazhumenu_lg28":{"width":176,"height":70},"slwh_xiazhumenu_lg29":{"width":176,"height":70},"slwh_xiazhumenu_lg30":{"width":176,"height":70},"slwh_xiazhumenu_lg31":{"width":176,"height":70},"slwh_xiazhumenu_lg32":{"width":176,"height":70},"slwh_xiazhumenu_lg33":{"width":176,"height":70},"slwh_xiazhumenu_lg34":{"width":176,"height":70},"slwh_xiazhumenu_lg35":{"width":176,"height":70}},"slwh_xiazhutext":{"slwh_xiazhutext":{"width":130,"height":67}}}},"animations":{"animation":{"slots":{"slwh_xiazhumenu_lg":{"attachment":[{"time":0,"name":"slwh_xiazhumenu_lg0"},{"time":0.0667,"name":"slwh_xiazhumenu_lg1"},{"time":0.1333,"name":"slwh_xiazhumenu_lg2"},{"time":0.2,"name":"slwh_xiazhumenu_lg3"},{"time":0.2667,"name":"slwh_xiazhumenu_lg4"},{"time":0.3333,"name":"slwh_xiazhumenu_lg5"},{"time":0.4,"name":"slwh_xiazhumenu_lg6"},{"time":0.4667,"name":"slwh_xiazhumenu_lg7"},{"time":0.5333,"name":"slwh_xiazhumenu_lg8"},{"time":0.6,"name":"slwh_xiazhumenu_lg9"},{"time":0.6667,"name":"slwh_xiazhumenu_lg10"},{"time":0.7333,"name":"slwh_xiazhumenu_lg11"},{"time":0.8,"name":"slwh_xiazhumenu_lg12"},{"time":0.8667,"name":"slwh_xiazhumenu_lg13"},{"time":0.9333,"name":"slwh_xiazhumenu_lg14"},{"time":1,"name":"slwh_xiazhumenu_lg15"},{"time":1.0667,"name":"slwh_xiazhumenu_lg16"},{"time":1.1333,"name":"slwh_xiazhumenu_lg17"},{"time":1.2,"name":"slwh_xiazhumenu_lg18"},{"time":1.2667,"name":"slwh_xiazhumenu_lg19"},{"time":1.3333,"name":"slwh_xiazhumenu_lg20"},{"time":1.4,"name":"slwh_xiazhumenu_lg21"},{"time":1.4667,"name":"slwh_xiazhumenu_lg22"},{"time":1.5333,"name":"slwh_xiazhumenu_lg23"},{"time":1.6,"name":"slwh_xiazhumenu_lg24"},{"time":1.6667,"name":"slwh_xiazhumenu_lg25"},{"time":1.7333,"name":"slwh_xiazhumenu_lg26"},{"time":1.8,"name":"slwh_xiazhumenu_lg27"},{"time":1.8667,"name":"slwh_xiazhumenu_lg28"},{"time":1.9333,"name":"slwh_xiazhumenu_lg29"},{"time":2,"name":"slwh_xiazhumenu_lg30"},{"time":2.0667,"name":"slwh_xiazhumenu_lg31"},{"time":2.1333,"name":"slwh_xiazhumenu_lg32"},{"time":2.2,"name":"slwh_xiazhumenu_lg33"},{"time":2.2667,"name":"slwh_xiazhumenu_lg34"},{"time":2.3333,"name":"slwh_xiazhumenu_lg35"},{"time":2.4,"name":"slwh_xiazhumenu_lg0"},{"time":2.4667,"name":"slwh_xiazhumenu_lg1"},{"time":2.5333,"name":"slwh_xiazhumenu_lg2"},{"time":2.6,"name":"slwh_xiazhumenu_lg3"},{"time":2.6667,"name":"slwh_xiazhumenu_lg4"},{"time":2.7333,"name":"slwh_xiazhumenu_lg5"},{"time":2.8,"name":"slwh_xiazhumenu_lg6"},{"time":2.8667,"name":"slwh_xiazhumenu_lg7"},{"time":2.9333,"name":"slwh_xiazhumenu_lg8"},{"time":3,"name":"slwh_xiazhumenu_lg9"},{"time":3.0667,"name":"slwh_xiazhumenu_lg10"},{"time":3.1333,"name":"slwh_xiazhumenu_lg11"},{"time":3.2,"name":"slwh_xiazhumenu_lg12"},{"time":3.2667,"name":"slwh_xiazhumenu_lg13"},{"time":3.3333,"name":"slwh_xiazhumenu_lg14"},{"time":3.4,"name":"slwh_xiazhumenu_lg15"},{"time":3.4667,"name":"slwh_xiazhumenu_lg16"},{"time":3.5333,"name":"slwh_xiazhumenu_lg17"},{"time":3.6,"name":"slwh_xiazhumenu_lg18"},{"time":3.6667,"name":"slwh_xiazhumenu_lg19"},{"time":3.7333,"name":"slwh_xiazhumenu_lg20"},{"time":3.8,"name":"slwh_xiazhumenu_lg21"},{"time":3.8667,"name":"slwh_xiazhumenu_lg22"},{"time":3.9333,"name":"slwh_xiazhumenu_lg23"},{"time":4,"name":"slwh_xiazhumenu_lg24"},{"time":4.0667,"name":"slwh_xiazhumenu_lg25"},{"time":4.1333,"name":"slwh_xiazhumenu_lg26"},{"time":4.2,"name":"slwh_xiazhumenu_lg27"},{"time":4.2667,"name":"slwh_xiazhumenu_lg28"},{"time":4.3333,"name":"slwh_xiazhumenu_lg29"},{"time":4.4,"name":"slwh_xiazhumenu_lg30"},{"time":4.4667,"name":"slwh_xiazhumenu_lg31"},{"time":4.5333,"name":"slwh_xiazhumenu_lg32"},{"time":4.6,"name":"slwh_xiazhumenu_lg33"},{"time":4.6667,"name":"slwh_xiazhumenu_lg34"},{"time":4.7333,"name":"slwh_xiazhumenu_lg35"},{"time":4.8,"name":"slwh_xiazhumenu_lg0"}]}}}}}