{"skeleton":{"hash":"VYhGvQ3jNei8C0t71OwdN4NkeUI","spine":"3.6.37","width":1626,"height":752,"images":"./images/"},"bones":[{"name":"root"},{"name":"hip","parent":"root"},{"name":"slwh_cjtipsdb","parent":"hip","y":-376},{"name":"slwh_cjtipstext","parent":"hip","y":-314.22}],"slots":[{"name":"bg","bone":"hip"},{"name":"slwh_cjtipsdb","bone":"slwh_cjtipsdb"},{"name":"slwh_cjtipsdg","bone":"slwh_cjtipsdb","blend":"additive"}],"skins":{"default":{"slwh_cjtipsdb":{"slwh_cjtipsdb":{"x":10.5,"y":67,"width":1247,"height":134}},"slwh_cjtipsdg":{"slwh_cjtipsdg":{"x":15.5,"y":92.5,"width":1145,"height":185}}}},"animations":{"end":{"slots":{"slwh_cjtipsdb":{"color":[{"time":0,"color":"fffffffe","curve":[0.311,0.8,0.582,1]},{"time":0.4,"color":"ffffff00"}],"attachment":[{"time":0,"name":"slwh_cjtipsdb"},{"time":0.4,"name":null}]},"slwh_cjtipsdg":{"color":[{"time":0,"color":"fffffffe","curve":[0.311,0.8,0.582,1]},{"time":0.4,"color":"ffffff00"}],"attachment":[{"time":0,"name":"slwh_cjtipsdg"},{"time":0.4,"name":null}]}},"bones":{"slwh_cjtipsdb":{"scale":[{"time":0,"x":1,"y":1,"curve":[0.311,0.8,0.582,1]},{"time":0.4,"x":1,"y":0}]},"slwh_cjtipstext":{"scale":[{"time":0,"x":1,"y":1,"curve":[0.311,0.8,0.582,1]},{"time":0.4,"x":0,"y":0}]}}},"idle":{"slots":{"slwh_cjtipsdb":{"attachment":[{"time":0,"name":"slwh_cjtipsdb"}]},"slwh_cjtipsdg":{"attachment":[{"time":0,"name":"slwh_cjtipsdg"}]}},"bones":{"slwh_cjtipsdb":{"translate":[{"time":0,"x":0,"y":0}],"scale":[{"time":0,"x":1,"y":1}]},"slwh_cjtipstext":{"translate":[{"time":0,"x":0,"y":0}],"scale":[{"time":0,"x":1,"y":1}]}}},"start":{"slots":{"slwh_cjtipsdb":{"color":[{"time":0,"color":"ffffff00","curve":[0.311,0.8,0.582,1]},{"time":0.1,"color":"fffffffe"}],"attachment":[{"time":0,"name":"slwh_cjtipsdb"},{"time":0.6333,"name":"slwh_cjtipsdb"}]},"slwh_cjtipsdg":{"color":[{"time":0,"color":"ffffff00","curve":[0.311,0.8,0.582,1]},{"time":0.1,"color":"fffffffe"}],"attachment":[{"time":0,"name":"slwh_cjtipsdg"},{"time":0.6333,"name":"slwh_cjtipsdg"}]}},"bones":{"slwh_cjtipsdb":{"translate":[{"time":0,"x":0,"y":0,"curve":"stepped"},{"time":0.1,"x":0,"y":0}],"scale":[{"time":0,"x":1,"y":0,"curve":[0.311,0.8,0.582,1]},{"time":0.1,"x":1,"y":1.1,"curve":[0.25,0,0.75,1]},{"time":0.2,"x":1,"y":0.95,"curve":[0.25,0,0.75,1]},{"time":0.3,"x":1,"y":1.02,"curve":[0.25,0,0.75,1]},{"time":0.4,"x":1,"y":1}]},"slwh_cjtipstext":{"translate":[{"time":0,"x":0,"y":-61.78,"curve":"stepped"},{"time":0.0333,"x":0,"y":-61.78,"curve":[0.311,0.8,0.582,1]},{"time":0.1333,"x":0,"y":0,"curve":"stepped"},{"time":0.6333,"x":0,"y":0}],"scale":[{"time":0,"x":0,"y":0,"curve":"stepped"},{"time":0.0333,"x":0,"y":0,"curve":[0.311,0.8,0.582,1]},{"time":0.1333,"x":1.2,"y":1.2,"curve":[0.25,0,0.75,1]},{"time":0.2667,"x":0.95,"y":0.95,"curve":[0.25,0,0.75,1]},{"time":0.4333,"x":1.02,"y":1.02,"curve":[0.25,0,0.75,1]},{"time":0.6333,"x":1,"y":1}]}}}}}