<exporter version="1.0">
  <!-- identifier of the exporter -->
  <name>caatexporter</name>
 
  <!-- display name of the exporter for the combo box -->
  <displayName>CAAT</displayName>
 
  <!-- description of the exporter -->
  <description>Exporter for CAAT - the Canvas Advanced Animation Toolkit</description>
 
  <!-- exporter version -->
  <version>1.0</version>
 
  <!-- currently only one file allowed -
       more to come soon -->
  <files>
      <file>
          <!-- name of this file variable -->
          <name>caatjson</name>
 
          <!-- human readable name (for GUI) -->
          <displayName>CAAT (json)</displayName>
 
          <!-- file extension for the file -->
          <fileExtension>json</fileExtension>
 
          <!-- name of the template file -->
          <template>template.json</template>
      </file>
  </files>
 
  <!-- target framework supports trimming -->
  <supportsTrimming>no</supportsTrimming>
 
  <!-- target framework supports rotated sprites -->
  <supportsRotation>no</supportsRotation>
 
  <!-- rotated sprites direction (cw/ccw) -->
  <rotationDirection>cw</rotationDirection>
 
  <!-- supports npot sizes -->
  <supportsNPOT>no</supportsNPOT>
 
  <!-- supports file name stripping (remove .png etc.) -->
  <supportsTrimSpriteNames>yes</supportsTrimSpriteNames>
 
  <!-- supports texture subpath -->
  <supportsTextureSubPath>no</supportsTextureSubPath>
</exporter>
