<?xml version="1.0"?>
<FishMap>
	<Fish id="1" path="1,2,14,15,50,51" />
	<Fish id="2" path="1,2,14,15,50,51" />
	<Fish id="3" path="1,2,14,15,50,51" />
	<Fish id="4" path="8,9,5,6" />
	<Fish id="5" path="8,9,5,6" />
	<Fish id="6" path="8,9,5,6" />
	<Fish id="7" path="8,9,5,6" />
	<Fish id="8" path="3,4,11,10" />
	<Fish id="9" path="3,4,11,10" />
	<Fish id="10" path="3,4,11,10" />
	<Fish id="11" path="7,12,13" />
	<Fish id="12" path="3,4,7,10" />
	<Fish id="13" path="7,12,13" />
	<Fish id="14" path="7,12,13" />
	<Fish id="15" path="3,4,7,10" />
	<Fish id="16" path="16,17,18" />
	<Fish id="17" path="16,17,18" />
	<Fish id="18" path="21,22,19,41" />
	<Fish id="19" path="23,41,36" />
	<Fish id="20" path="24,40" />
	<Fish id="201" path="29,30,31,32" />
	<Fish id="202" path="29,30,31,32" />
	<Fish id="203" path="29,30,31,32" />
	<Fish id="204" path="29,30,31,32" />
	<Fish id="205" path="29,30,31,32" />
	<Fish id="206" path="29,30,31,32" />
	<Fish id="207" path="29,30,31,32" />
	<Fish id="208" path="29,30,31,32" />
	<Fish id="209" path="29,30,31,32" />
	<Fish id="210" path="29,30,31,32" />
	<Fish id="601" path="34,35" />
	<Fish id="602" path="34,35" />
	<Fish id="603" path="34,35" />
	<Fish id="604" path="34,35" />
	<Fish id="605" path="34,35" />
	<Fish id="606" path="34,35" />
	<Fish id="607" path="34,35" />
	<Fish id="608" path="34,35" />
	<Fish id="609" path="34,35" />
	<Fish id="610" path="34,35" />
	<Fish id="611" path="29,30,31,32" />
	<Fish id="612" path="29,30,31,32" />
	<Fish id="613" path="29,30,31,32" />
	<Fish id="614" path="29,30,31,32" />
	<Fish id="615" path="29,30,31,32" />
	<Fish id="616" path="29,30,31,32" />
	<Fish id="617" path="29,30,31,32" />
	<Fish id="618" path="29,30,31,32" />
	<Fish id="619" path="29,30,31,32" />
	<Fish id="620" path="29,30,31,32" />
	<Fish id="701" path="29" />
	<Fish id="702" path="30" />
	<Fish id="703" path="31" />
	<Fish id="704" path="32" />
	<Fish id="705" path="29" />
	<Fish id="706" path="30" />
	<Fish id="707" path="31" />
	<Fish id="708" path="32" />
	<Fish id="709" path="34" />
	<Fish id="710" path="35" />
	<Fish id="801" path="33" />
	<Fish id="802" path="31" />
	<Fish id="803" path="29" />
	<Fish id="804" path="9" />
	<Fish id="805" path="33" />
	<Fish id="806" path="31" />
	<Fish id="807" path="9" />
	<Fish id="808" path="30" />
	<Fish id="809" path="32" />
	<Fish id="810" path="9" />
	<Fish id="901" path="27,28" />
	<Fish id="910" path="23" />
	<Fish id="920" path="25" />
	<Fish id="930" path="27,28" />
	<Fish id="940" path="26" />
	<Fish id="941" path="26" />
	<Fish id="942" path="26" />
</FishMap>